symbol,pre7,pre3,pre1,post7
FORTHUSDT,,,0.13040042149631192,-0.070676468718883
ICPUSDT,,,,-0.5410462267730256
GTCUSDT,,,,-0.4014551679863043
NUUSDT,0.535126050420168,0.49885132917623887,0.32185238784370496,-0.40157652726078386
KEEPUSDT,,,,-0.5683234777049704
QNTUSDT,0.8972396829734899,0.5332965212589731,0.39790575916230386,0.25036012676462116
BONDUSDT,0.1297760210803689,0.00498095517140329,-0.09066808059384945,-0.17755102040816317
CLVUSDT,0.0847457627118644,0.1327433628318586,0.06666666666666665,-0.1796875
MLNUSDT,0.48979861243527845,0.3777060387390807,0.22842664151034664,-0.15838338091956272
TRIBEUSDT,0.39926176561058146,0.3755669791351679,0.36095736724008987,-0.13464497691800403
REQUSDT,-0.23250036181195433,0.3729288919571969,0.46287527010252383,-0.2641817781828466
FARMUSDT,0.6274698522334823,0.13908701854493577,0.4667074850757691,-0.10317957281013002
POLYUSDT,0.9093264248704662,-0.01179941002949858,-0.007541071909507258,-0.07801899592944372
RADUSDT,1.1973203410475026,1.1198589894242068,0.8426966292134832,-0.23115299334811534
AGLDUSDT,0.7426470588235294,0.4320241691842901,0.6067796610169491,-0.25316455696202533
AUCTIONUSDT,-0.1018258426966292,-0.02712981744421905,0.1086391216411442,-0.019025280166796943
RGTUSDT,-0.015813953488372112,0.08014293006636031,-0.032243311227989846,-0.00732514177693766
PLAUSDT,0.1936492767473177,0.03580986844585188,0.12845468358588974,-0.13348375122821066
JASMYUSDT,0.4240469957218569,0.4257767548906788,0.5428571428571427,-0.24567303380862704
VGXUSDT,,0.3497409326424872,0.37830687830687837,-0.1900191938579655
ALCXUSDT,0.027852698480518967,0.24607465440771792,0.006248202661368385,-0.2658612626656274
POWRUSDT,,,-0.00599052660908328,0.07330063069376314
AMPUSDT,0.3538225124855936,0.3525235079639226,0.4221146085552865,-0.13649262202043133
BICOUSDT,-0.33624454148471616,-0.07458143074581436,0.08185053380782925,-0.35690789473684204
USTUSDT,-0.0009980039920161055,-0.006944444444444531,0.0,0.0
SPELLUSDT,0.6510926902788243,-0.04489973844812556,-0.0747466216216216,0.07074395253308996
IMXUSDT,-0.17286652078774623,0.0026525198938991412,0.010695187165775222,-0.005291005291005346
API3USDT,0.1892583120204605,0.0021551724137931494,0.10978520286396187,-0.19354838709677424
ACHUSDT,0.2748742138364779,0.3672726046339079,0.2528121137206427,-0.3331565575590143
APEUSDT,,,,0.4996516488620528
OPUSDT,,,,-0.4093851132686084
STGUSDT,1.3467253714914693,1.4928383513592514,1.5426356589147288,0.09099437148217637
MAGICUSDT,,0.42428785607196406,0.43234074632491537,-0.21394736842105255
RPLUSDT,0.29694154084397995,0.06046217157328271,0.040372670807453215,0.19552238805970146
LQTYUSDT,1.2291500399042299,0.8231886422976502,0.7230876002467614,-0.13273663011859482
SYNUSDT,0.020624999999999893,0.12698412698412698,0.3169354838709677,-0.21065523576240053
GLMUSDT,0.23351245725451886,0.0672020287404902,0.09782608695652173,-0.04198019801980202
LOOMUSDT,-0.019363762102351245,0.05505952380952395,0.09076923076923071,
WBTCUSDT,0.04537034115328331,0.07161005968837597,0.040277243651938965,-0.02189901335904587
ASTUSDT,0.6717791411042946,0.6925465838509317,0.5781853281853282,-0.18103975535168204
SNTUSDT,0.04695222405271848,0.040950040950040956,0.0087301587301587,-0.0936270653029111
AERGOUSDT,0.11833855799373039,0.17255546425636803,0.12895569620253156,-0.2312543798177995
BLURUSDT,0.9944717444717444,0.8580829756795423,0.28112053659498915,-0.2220511241145673
JTOUSDT,,,,0.4411703326516132
BONKUSDT,,,0.0012706480304955914,-0.1810490693739425
METISUSDT,0.34706000805477255,0.3798473597359735,0.2261937494271835,-0.29165109499962627
AXLUSDT,0.3753647353063776,0.36380545604849823,0.31497841248754566,0.07652674647673896
TNSRUSDT,,,,-0.459066100667071
ZROUSDT,,,,-0.27683134582623503
RENDERUSDT,-0.0700974770642202,0.04141916840584359,0.021253148614609474,0.037921997841837474
COWUSDT,0.7726194510335482,1.102491961414791,1.1109765940274414,-0.2896195756069585
ORCAUSDT,0.9571200805571873,1.052538942180762,0.7891224301933109,-0.26859037573782674
ACXUSDT,1.6999751429281633,1.3017588472133927,0.9255451161141641,-0.25649051740011053
MOVEUSDT,,,,-0.30128061109862947
MEUSDT,,,,-0.4624911535739562
BIGTIMEUSDT,0.15020130071229487,0.4578999018645731,0.14470642625982433,-0.04819601507808291
ONDOUSDT,0.08863073978814429,0.25993538648194914,0.09906716877107491,-0.07039682895149368
SYRUPUSDT,0.575844716031632,0.24192634560906523,0.2232142857142858,0.24543795620437958
HOMEUSDT,,,-0.08892355694227772,-0.29554794520547945
LAUSDT,-0.03356459778736176,0.02201070791195714,0.031006201240247888,-0.3083042297244858
PROVEUSDT,,,,0.5467299152200242
WLFIUSDT,,,,-0.09589041095890416
PUMPUSDT,0.38420065635255507,0.2492066850010577,0.04940465612226763,0.3244707874682473
AVNTUSDT,,1.7092136789370507,0.5209097578870141,0.6590287827625019
SKYUSDT,0.06932826362484157,0.08249935848088286,0.07409293443666454,0.09067203982458216
MORPHOUSDT,0.11019055509527753,0.10288065843621386,-0.04461193725809742,-0.2529850746268656
EULUSDT,-0.1153594465738057,0.11776517836050093,0.03116486869347268,-0.10451231110641435
SAPIENUSDT,1.1681344075947786,1.4700441155542907,1.797034888405447,-0.48957193063317395
METUSDT,0.18942606728866274,0.07568396829455382,-0.09214501510574014,-0.2160684573330165
ZKPUSDT,0.6721892579178548,0.6921397379912664,0.7629376878706637,-0.36313364055299546
SENTUSDT,,,,0.09270414993306564
ZAMAUSDT,,,,-0.2028328611898017
CFGUSDT,0.3295615275813295,0.5247364152473641,0.5372035977105478,-0.30053191489361697
ROBOUSDT,,0.037562189054726414,-0.15703314470493135,-0.024934068568688517
MEGAUSDT,,,,-0.2779040555090322
CHIPUSDT,,,,0.12598167539267013
OPGUSDT,-0.17115749525616697,-0.08389261744966436,-0.12148028962188251,-0.19505494505494503
REUSDT,,,,0.3416704910509407
AEROUSDT,-0.09209788180675116,-0.07345770407659657,-0.012331649831649916,-0.11923126091958913
