symbol,venue,product,announce_ts_utc,match_pattern,confidence,source,same_day,venue_delisted,p0_open_ts,p0_gap_min,p0,n_bars,thin,pre_3d_runup,ret_m180_0,ret_p1m,ret_p5m,ret_p15m,ret_p1h,ret_p3h
TWTUSDT,none,,2021-01-27 05:00:06+00:00,will_list,high,cms,,,,,,0,,,,,,,,
FIROUSDT,none,,2021-01-15 10:16:11+00:00,rebrand,medium,cms,,,,,,0,,,,,,,,
CELOUSDT,none,,2021-01-05 03:36:25+00:00,will_list,high,cms,,,,,,0,,,,,,,,
CKBUSDT,none,,2021-01-26 07:00:08+00:00,will_list,high,cms,,,,,,0,,,,,,,,
TRUUSDT,none,,2021-01-19 04:00:28+00:00,will_list,high,cms,,,,,,0,,,,,,,,
BTCSTUSDT,none,,2021-01-07 10:00:05+00:00,launchpool,high,cms,,,,,,0,,,,,,,,
RIFUSDT,none,,2021-01-07 05:00:06+00:00,will_list,high,cms,,,,,,0,,,,,,,,
DODOUSDT,none,,2021-02-18 10:00:14+00:00,launchpool,high,cms,,,,,,0,,,,,,,,
CAKEUSDT,none,,2021-02-18 11:15:06+00:00,adds_pairs,medium,cms,,,,,,0,,,,,,,,
SFPUSDT,none,,2021-02-08 04:00:08+00:00,launchpad,high,cms,,,,,,0,,,,,,,,
LITUSDT,none,,2021-01-28 10:00:05+00:00,launchpool,high,cms,,,,,,0,,,,,,,,
ACMUSDT,none,,2021-02-24 04:01:08+00:00,will_list,high,cms,,,,,,0,,,,,,,,
PERPUSDT,none,,2021-03-19 04:54:25+00:00,tg_text,low,tg,,,,,,0,,,,,,,,
SUPERUSDT,none,,2021-03-25 07:23:50+00:00,will_list,high,cms,,,,,,0,,,,,,,,
RAMPUSDT,none,,2021-03-22 05:56:12+00:00,will_list,high,cms,,,,,,0,,,,,,,,
DEGOUSDT,none,,2021-03-10 04:00:07+00:00,will_list,high,cms,,,,,,0,,,,,,,,
OMUSDT,none,,2021-03-08 06:00:07+00:00,will_list,high,cms,,,,,,0,,,,,,,,
ALICEUSDT,none,,2021-03-09 10:00:05+00:00,launchpool,high,cms,,,,,,0,,,,,,,,
BADGERUSDT,none,,2021-03-02 05:00:06+00:00,will_list,high,cms,,,,,,0,,,,,,,,
LINAUSDT,none,,2021-03-18 04:00:09+00:00,will_list,high,cms,,,,,,0,,,,,,,,
FISUSDT,none,,2021-03-03 05:00:05+00:00,will_list,high,cms,,,,,,0,,,,,,,,
CFXUSDT,none,,2021-03-29 06:54:02+00:00,will_list,high,cms,,,,,,0,,,,,,,,
PONDUSDT,none,,2021-03-09 05:00:09+00:00,will_list,high,cms,,,,,,0,,,,,,,,
TLMUSDT,none,,2021-04-06 08:00:27+00:00,launchpool,high,cms,,,,,,0,,,,,,,,
MIRUSDT,none,,2021-04-19 08:41:56+00:00,will_list,high,cms,,,,,,0,,,,,,,,
BURGERUSDT,none,,2021-04-30 06:00:12+00:00,tg_adds,low,tg,,,,,,0,,,,,,,,
TKOUSDT,none,,2021-04-07 04:00:18+00:00,launchpad,high,cms,,,,,,0,,,,,,,,
BAKEUSDT,none,,2021-04-30 06:00:12+00:00,tg_adds,low,tg,,,,,,0,,,,,,,,
EPSUSDT,none,,2021-04-02 05:00:16+00:00,will_list,high,cms,,,,,,0,,,,,,,,
FORTHUSDT,coinbase,FORTH-USD,2021-04-23 06:04:44+00:00,will_list,high,cms,0.0,0.0,1619157840.0,0.0,37.8,365,0.0,,0.10104570213509634,0.025661375661375718,0.11375661375661394,0.1321957671957672,0.1264550264550266,0.03449735449735458
PUNDIXUSDT,none,,2021-03-31 03:21:48+00:00,rebrand,medium,cms,,,,,,0,,,,,,,,
SLPUSDT,none,,2021-04-30 06:00:12+00:00,tg_adds,low,tg,,,,,,0,,,,,,,,
AUTOUSDT,none,,2021-04-02 05:00:16+00:00,will_list,high,cms,,,,,,0,,,,,,,,
BARUSDT,none,,2021-04-21 04:00:09+00:00,will_list,high,cms,,,,,,0,,,,,,,,
BTGUSDT,none,,2021-04-16 02:57:24+00:00,adds_pairs,medium,cms,,,,,,0,,,,,,,,
MDXUSDT,none,,2021-05-24 05:54:54+00:00,will_list,high,cms,,,,,,0,,,,,,,,
LPTUSDT,none,,2021-05-28 02:12:58+00:00,will_list,high,cms,,,,,,0,,,,,,,,
SHIBUSDT,none,,2021-05-10 07:44:39+00:00,will_list,high,cms,,,,,,0,,,,,,,,
ICPUSDT,none,,2021-05-10 13:52:54+00:00,will_list,high,cms,,,,,,0,,,,,,,,
MASKUSDT,none,,2021-05-25 03:10:03+00:00,will_list,high,cms,,,,,,0,,,,,,,,
POLSUSDT,none,,2021-05-19 03:58:05+00:00,will_list,high,cms,,,,,,0,,,,,,,,
ARUSDT,none,,2021-05-14 04:36:52+00:00,will_list,high,cms,,,,,,0,,,,,,,,
TORNUSDT,none,,2021-06-11 02:32:03+00:00,will_list,high,cms,,,,,,0,,,,,,,,
GTCUSDT,none,,2021-06-10 06:35:38+00:00,will_list,high,cms,,,,,,0,,,,,,,,
XVGUSDT,none,,2021-06-04 06:32:25+00:00,adds_pairs,medium,cms,,,,,,0,,,,,,,,
ERNUSDT,none,,2021-06-22 02:38:12+00:00,will_list,high,cms,,,,,,0,,,,,,,,
PHAUSDT,none,,2021-02-25 05:30:14+00:00,will_list,high,cms,,,,,,0,,,,,,,,
NUUSDT,coinbase,NU-USD,2021-06-04 02:27:05+00:00,will_list,high,cms,0.0,1.0,1622773620.0,0.0,0.3521,364,0.0,0.13427445830597495,0.019102749638205685,0.023288838398182188,0.14314115308151099,0.1644419199091165,0.18687872763419477,0.13462084635046856
KLAYUSDT,none,,2021-06-24 03:42:15+00:00,will_list,high,cms,,,,,,0,,,,,,,,
ATAUSDT,none,,2021-06-01 08:00:06+00:00,launchpool,high,cms,,,,,,0,,,,,,,,
KEEPUSDT,none,,2021-06-17 02:34:50+00:00,will_list,high,cms,,,,,,0,,,,,,,,
QNTUSDT,coinbase,QNT-USD,2021-07-29 02:01:44+00:00,will_list,high,cms,0.0,0.0,1627524060.0,0.0,99.37,357,0.0,0.04272965879265089,0.0012090680100755868,-0.0036228237898762172,-0.0031196538190600975,0.0745697896749522,0.09258327463017002,0.13072355841803351
BONDUSDT,coinbase,BOND-USD,2021-07-05 02:05:10+00:00,will_list,high,cms,0.0,1.0,1625450700.0,0.0,37.3,365,0.0,-0.002380322665961443,0.004849137931034475,0.012332439678284235,0.03619302949061676,-0.007774798927613902,-0.02064343163538862,-0.0171581769436997
FLOWUSDT,none,,2021-07-30 07:00:15+00:00,will_list,high,cms,,,,,,0,,,,,,,,
DEXEUSDT,none,,2021-07-22 08:02:33+00:00,tg_adds,low,tg,,,,,,0,,,,,,,,
CLVUSDT,coinbase,CLV-USD,2021-07-29 02:01:44+00:00,will_list,high,cms,0.0,1.0,1627524060.0,0.0,1.3,365,0.0,-0.008264462809917328,0.07438016528925617,0.007692307692307665,0.0923076923076922,0.07692307692307687,0.08461538461538454,0.12307692307692308
MLNUSDT,coinbase,MLN-USD,2021-07-05 02:05:10+00:00,will_list,high,cms,0.0,0.0,1625450700.0,0.0,85.349,275,0.0,0.009338606899582436,0.02452404388639473,-0.014786347818955159,-0.014751198022238121,0.0016871902424162588,-0.001277109280718114,-0.034329634793612174
C98USDT,none,,2021-07-23 06:00:04+00:00,launchpad,high,cms,,,,,,0,,,,,,,,
QUICKUSDT,none,,2021-07-23 04:00:36+00:00,will_list,high,cms,,,,,,0,,,,,,,,
WAXPUSDT,none,,2021-08-23 02:30:28+00:00,will_list,high,cms,,,,,,0,,,,,,,,
TVKUSDT,none,,2021-08-05 03:01:45+00:00,tg_adds,low,tg,,,,,,0,,,,,,,,
FORUSDT,none,,2021-08-19 05:02:49+00:00,adds_pairs,medium,cms,,,,,,0,,,,,,,,
GHSTUSDT,none,,2021-08-19 05:02:49+00:00,adds_pairs,medium,cms,,,,,,0,,,,,,,,
TRIBEUSDT,coinbase,TRIBE-USD,2021-08-24 01:59:02+00:00,will_list,high,cms,0.0,1.0,1629770340.0,0.0,0.6899,285,0.0,0.018744285278878392,0.024198337292161476,0.05913900565299324,0.21350920423249753,0.21147992462675758,0.2542397448905638,0.5212349615886362
GNOUSDT,none,,2021-08-30 02:01:32+00:00,will_list,high,cms,,,,,,0,,,,,,,,
ALPACAUSDT,none,,2021-08-11 03:30:47+00:00,will_list,high,cms,,,,,,0,,,,,,,,
RAYUSDT,none,,2021-08-10 01:55:38+00:00,will_list,high,cms,,,,,,0,,,,,,,,
REQUSDT,coinbase,REQ-USDT,2021-08-19 05:02:49+00:00,adds_pairs,medium,cms,0.0,1.0,1629349320.0,0.0,0.21199,121,0.0,-0.08045004652736643,-0.026854572163055423,0.021227416387565423,0.12849662719939614,0.17746120100004714,0.15241284966271973,0.0859946223878485
MINAUSDT,none,,2021-08-10 01:55:38+00:00,will_list,high,cms,,,,,,0,,,,,,,,
MBOXUSDT,none,,2021-08-19 02:59:18+00:00,will_list,high,cms,,,,,,0,,,,,,,,
FARMUSDT,coinbase,FARM-USD,2021-08-11 03:30:47+00:00,will_list,high,cms,0.0,0.0,1628652600.0,0.0,197.72,365,0.0,0.2979470198675498,0.003654822335025454,0.002933441230022371,0.10125429900869931,0.13918672870726279,0.203671859194821,0.23831681165284246
USDPUSDT,none,,2021-08-30 08:14:10+00:00,tg_rebrand,low,tg,,,,,,0,,,,,,,,
VIDTUSDT,none,,2021-09-09 05:08:54+00:00,adds_pairs,medium,cms,,,,,,0,,,,,,,,
ILVUSDT,none,,2021-09-22 03:26:38+00:00,will_list,high,cms,,,,,,0,,,,,,,,
POLYUSDT,coinbase,POLY-USD,2021-09-09 05:08:54+00:00,adds_pairs,medium,cms,0.0,1.0,1631164080.0,0.0,0.7329,365,0.0,-0.003087662773526567,0.010060639470782728,0.057170145995360855,0.048574157456678924,0.05034793286942296,0.009960431163869465,0.022922636103151817
SYSUSDT,none,,2021-09-24 04:06:27+00:00,adds_pairs,medium,cms,,,,,,0,,,,,,,,
IDEXUSDT,none,,2021-09-09 05:08:54+00:00,adds_pairs,medium,cms,,,,,,0,,,,,,,,
DFUSDT,none,,2021-09-24 04:06:27+00:00,adds_pairs,medium,cms,,,,,,0,,,,,,,,
YGGUSDT,none,,2021-09-24 01:58:50+00:00,will_list,high,cms,,,,,,0,,,,,,,,
DYDXUSDT,none,,2021-09-08 14:59:46+00:00,will_list,high,cms,,,,,,0,,,,,,,,
GALAUSDT,none,,2021-09-13 02:00:40+00:00,will_list,high,cms,,,,,,0,,,,,,,,
ELFUSDT,none,,2021-09-08 02:19:51+00:00,adds_pairs,medium,cms,,,,,,0,,,,,,,,
FIDAUSDT,none,,2021-09-30 02:29:21+00:00,will_list,high,cms,,,,,,0,,,,,,,,
XECUSDT,none,,2021-09-03 04:41:13+00:00,tg_adds,low,tg,,,,,,0,,,,,,,,
RADUSDT,coinbase,RAD-USD,2021-10-07 03:24:22+00:00,will_list,high,cms,0.0,0.0,1633577040.0,0.0,12.93,264,0.0,0.09876543209876543,0.3412863070539418,0.003866976024748725,0.06187161639597849,0.10982211910286166,0.19489559164733183,0.17633410672853844
LAZIOUSDT,none,,2021-10-21 06:00:16+00:00,launchpad,high,cms,,,,,,0,,,,,,,,
CVPUSDT,none,,2021-10-04 05:02:13+00:00,tg_adds,low,tg,,,,,,0,,,,,,,,
RAREUSDT,none,,2021-10-11 02:03:58+00:00,will_list,high,cms,,,,,,0,,,,,,,,
BETAUSDT,none,,2021-10-08 06:00:28+00:00,launchpad,high,cms,,,,,,0,,,,,,,,
ADXUSDT,none,,2021-10-29 03:54:19+00:00,adds_pairs,medium,cms,,,,,,0,,,,,,,,
AGLDUSDT,coinbase,AGLD-USD,2021-10-05 02:38:02+00:00,will_list,high,cms,0.0,0.0,1633401480.0,0.0,3.58,340,0.0,-0.054487179487179516,0.21355932203389827,-0.011173184357541888,0.05865921787709505,0.05865921787709505,0.06145251396648033,0.0977653631284916
CHESSUSDT,none,,2021-10-22 02:36:39+00:00,will_list,high,cms,,,,,,0,,,,,,,,
AUCTIONUSDT,coinbase,AUCTION-USD,2021-10-29 03:54:19+00:00,adds_pairs,medium,cms,0.0,0.0,1635479640.0,0.0,40.66,365,0.0,-0.19192155031519964,0.13925469319137007,0.007132316773241776,-0.007870142646335343,-0.025332021642892166,0.08829316281357613,0.030004918839154016
FRONTUSDT,none,,2021-10-04 05:02:13+00:00,tg_adds,low,tg,,,,,,0,,,,,,,,
KP3RUSDT,none,,2021-11-12 06:04:04+00:00,adds_pairs,medium,cms,,,,,,0,,,,,,,,
ENSUSDT,none,,2021-11-10 03:12:09+00:00,will_list,high,cms,,,,,,0,,,,,,,,
RNDRUSDT,none,,2021-11-27 05:57:44+00:00,will_list,high,cms,,,,,,0,,,,,,,,
MOVRUSDT,none,,2021-11-08 01:59:13+00:00,will_list,high,cms,,,,,,0,,,,,,,,
RGTUSDT,coinbase,RGT-USD,2021-11-05 02:09:02+00:00,will_list,high,cms,0.0,1.0,1636078140.0,0.0,47.61,251,0.0,0.13554920799792258,0.08773132282385188,0.012392354547364093,0.3742911153119095,0.3167401806343204,0.20667926906112166,0.24973745011552206
PLAUSDT,coinbase,PLA-USD,2021-11-23 01:59:19+00:00,will_list,high,cms,0.0,1.0,1637632740.0,0.0,2.9728,363,0.0,-0.07516141283706801,0.22448307109317067,0.04581539289558667,0.09469187298170079,0.06667115177610339,0.014363562970936439,0.054023143164693144
PYRUSDT,none,,2021-11-26 03:45:01+00:00,will_list,high,cms,,,,,,0,,,,,,,,
QIUSDT,none,,2021-11-15 01:58:25+00:00,will_list,high,cms,,,,,,0,,,,,,,,
JASMYUSDT,coinbase,JASMY-USD,2021-11-22 07:59:42+00:00,will_list,high,cms,0.0,0.0,1637567940.0,0.0,0.16506,364,0.0,-0.08373478701825554,0.1532173548522322,0.04131830849388107,0.13467829880043625,0.17114988489034277,0.31636980491942324,0.4123954925481643
BNXUSDT,none,,2021-11-04 06:55:45+00:00,will_list,high,cms,,,,,,0,,,,,,,,
VGXUSDT,coinbase,VGX-USD,2021-11-22 02:00:17+00:00,adds_pairs,medium,cms,0.0,1.0,1637546400.0,0.0,4.09,364,0.0,-0.1330275229357799,0.09066666666666667,0.02933985330073363,-0.007334963325183463,-0.014669926650366705,0.041564792176039145,0.21515892420537885
CITYUSDT,none,,2021-11-10 02:03:02+00:00,will_list,high,cms,,,,,,0,,,,,,,,
ALCXUSDT,coinbase,ALCX-USD,2021-11-30 01:59:06+00:00,will_list,high,cms,0.0,0.0,1638237540.0,0.0,443.87,348,0.0,0.22599358974358963,0.1498031292094082,0.07011061797373097,0.01908216369657767,0.0462748101921735,-0.05830535967738304,-0.05785477729965982
POWRUSDT,coinbase,POWR-USD,2021-11-17 02:00:15+00:00,adds_pairs,medium,cms,0.0,0.0,1637114400.0,0.0,0.68,365,0.0,,-0.07470404136617215,0.034117647058823586,0.04852941176470571,0.07382352941176462,-0.005441176470588283,0.049705882352941044
PORTOUSDT,none,,2021-11-16 06:00:01+00:00,launchpad,high,cms,,,,,,0,,,,,,,,
AMPUSDT,coinbase,AMP-USD,2021-11-23 01:59:19+00:00,will_list,high,cms,0.0,0.0,1637632740.0,0.0,0.05491,365,0.0,-0.024409448818897617,0.10661023780733592,0.03806228373702436,0.2482243671462394,0.22436714623930065,0.23456565288654163,0.28828992897468586
DARUSDT,none,,2021-10-28 08:00:06+00:00,launchpool,high,cms,,,,,,0,,,,,,,,
FLUXUSDT,none,,2021-12-10 01:58:59+00:00,will_list,high,cms,,,,,,0,,,,,,,,
VOXELUSDT,none,,2021-12-14 06:00:08+00:00,launchpad,high,cms,,,,,,0,,,,,,,,
BICOUSDT,coinbase,BICO-USD,2021-12-09 01:56:14+00:00,will_list,high,cms,0.0,0.0,1639014960.0,0.0,7.09,365,0.0,-0.1536144578313252,0.2615658362989324,-0.005641748942172065,-0.016925246826516194,0.09026798307475326,0.0944992947813823,0.0
HIGHUSDT,none,,2021-12-17 01:56:49+00:00,will_list,high,cms,,,,,,0,,,,,,,,
USTUSDT,coinbase,UST-USDT,2021-12-24 01:58:22+00:00,will_list,high,cms,0.0,1.0,1640311080.0,0.0,1.002,31,0.0,0.0009990009990010762,0.0,0.0,0.0,-0.0009980039920161055,0.0,-0.0009980039920161055
PEOPLEUSDT,none,,2021-12-23 02:03:15+00:00,will_list,high,cms,,,,,,0,,,,,,,,
MCUSDT,none,,2021-12-02 04:02:48+00:00,will_list,high,cms,,,,,,0,,,,,,,,
ANYUSDT,none,,2021-12-04 02:01:36+00:00,will_list,high,cms,,,,,,0,,,,,,,,
JOEUSDT,none,,2021-12-28 04:56:50+00:00,will_list,high,cms,,,,,,0,,,,,,,,
OOKIUSDT,none,,2021-12-16 13:30:32+00:00,tg_rebrand,low,tg,,,,,,0,,,,,,,,
SPELLUSDT,coinbase,SPELL-USDT,2021-12-24 01:58:22+00:00,will_list,high,cms,0.0,1.0,1640311080.0,0.0,0.02587,236,0.0,0.31354051054384,0.11364614722341804,-0.017008117510630028,0.026285272516428204,0.0015461925009663258,-0.006571318129107051,0.009277155005798177
CVXUSDT,none,,2021-12-23 02:03:15+00:00,will_list,high,cms,,,,,,0,,,,,,,,
FXSUSDT,none,,2021-12-09 07:25:24+00:00,adds_pairs,medium,cms,,,,,,0,,,,,,,,
SANTOSUSDT,none,,2021-11-26 13:00:03+00:00,launchpool,high,cms,,,,,,0,,,,,,,,
IMXUSDT,coinbase,IMX-USDT,2022-01-10 05:56:16+00:00,will_list,high,cms,0.0,0.0,1641794160.0,0.0,4.38,54,0.0,-0.09156626506024101,0.1711229946524062,-0.03424657534246567,-0.05022831050228305,-0.05022831050228305,-0.0547945205479452,-0.06849315068493145
BTTCUSDT,none,,2022-01-10 11:15:59+00:00,rebrand,medium,cms,,,,,,0,,,,,,,,
SCRTUSDT,none,,2022-01-20 10:57:16+00:00,adds_pairs,medium,cms,,,,,,0,,,,,,,,
ACAUSDT,none,,2022-01-25 02:02:51+00:00,will_list,high,cms,,,,,,0,,,,,,,,
API3USDT,coinbase,API3-USDT,2022-01-21 06:28:04+00:00,will_list,high,cms,0.0,1.0,1642746480.0,0.0,4.98,133,0.0,0.04499999999999993,0.2235872235872236,-0.02208835341365467,-0.010040160642570406,-0.04417670682730934,-0.026104417670682833,-0.0200803212851407
ANCUSDT,none,,2022-01-25 04:52:16+00:00,will_list,high,cms,,,,,,0,,,,,,,,
GLMRUSDT,none,,2022-01-11 06:15:20+00:00,will_list,high,cms,,,,,,0,,,,,,,,
ACHUSDT,coinbase,ACH-USD,2022-01-10 05:56:16+00:00,will_list,high,cms,0.0,0.0,1641794160.0,0.0,0.078406,364,0.0,0.0421900161030595,0.23926787633558821,-0.03850470627247926,-0.02479402086575011,-0.023697166033211703,0.13227304032854614,0.12282223299237294
XNOUSDT,none,,2022-01-19 03:34:35+00:00,rebrand,medium,cms,,,,,,0,,,,,,,,
LOKAUSDT,none,,2022-01-20 06:00:02+00:00,launchpad,high,cms,,,,,,0,,,,,,,,
TUSDT,none,,2022-02-09 10:26:34+00:00,rebrand,medium,cms,,,,,,0,,,,,,,,
ASTRUSDT,none,,2022-02-28 07:24:03+00:00,will_list,high,cms,,,,,,0,,,,,,,,
ALPINEUSDT,none,,2022-02-21 06:00:04+00:00,launchpad,high,cms,,,,,,0,,,,,,,,
WOOUSDT,none,,2022-02-08 02:20:33+00:00,will_list,high,cms,,,,,,0,,,,,,,,
BSWUSDT,none,,2022-03-21 09:36:04+00:00,will_list,high,cms,,,,,,0,,,,,,,,
APEUSDT,none,,2022-03-17 07:02:50+00:00,will_list,high,cms,,,,,,0,,,,,,,,
GMTUSDT,none,,2022-03-09 06:00:04+00:00,launchpad,high,cms,,,,,,0,,,,,,,,
KDAUSDT,none,,2022-03-11 05:17:07+00:00,will_list,high,cms,,,,,,0,,,,,,,,
MOBUSDT,none,,2022-04-29 05:58:35+00:00,will_list,high,cms,,,,,,0,,,,,,,,
NEXOUSDT,none,,2022-04-29 05:58:35+00:00,will_list,high,cms,,,,,,0,,,,,,,,
STEEMUSDT,none,,2022-04-21 09:28:09+00:00,adds_pairs,medium,cms,,,,,,0,,,,,,,,
BIFIUSDT,none,,2022-03-31 08:46:26+00:00,adds_pairs,medium,cms,,,,,,0,,,,,,,,
EPXUSDT,none,,2022-04-22 05:00:02+00:00,rebrand,medium,cms,,,,,,0,,,,,,,,
REIUSDT,none,,2022-04-14 13:17:24+00:00,tg_rebrand,low,tg,,,,,,0,,,,,,,,
GALUSDT,none,,2022-04-28 08:00:04+00:00,launchpool,high,cms,,,,,,0,,,,,,,,
LDOUSDT,none,,2022-05-09 06:57:17+00:00,will_list,high,cms,,,,,,0,,,,,,,,
OPUSDT,coinbase,OP-USD,2022-06-01 01:00:14+00:00,will_list,high,cms,1.0,0.0,,,,166,,,,,,,,
LEVERUSDT,none,,2022-06-27 08:00:42+00:00,tg_rebrand,low,tg,,,,,,0,,,,,,,,
STGUSDT,coinbase,STG-USDT,2022-08-19 06:11:26+00:00,will_list,high,cms,0.0,1.0,1660881240.0,137.43,0.3428,120,1.0,-0.024626209322779258,,0.09364060676779462,0.22724620770128356,0.45828471411901983,0.5032088681446907,0.5595099183197199
LUNCUSDT,none,,2022-09-08 07:30:16+00:00,adds_pairs,medium,cms,,,,,,0,,,,,,,,
APTUSDT,none,,2022-10-18 01:04:00+00:00,will_list,high,cms,,,,,,0,,,,,,,,
POLYXUSDT,none,,2022-09-26 09:00:23+00:00,tg_rebrand,low,tg,,,,,,0,,,,,,,,
GMXUSDT,none,,2022-10-05 06:00:29+00:00,will_list,high,cms,,,,,,0,,,,,,,,
NEBLUSDT,none,,2022-10-13 02:20:09+00:00,adds_pairs,medium,cms,,,,,,0,,,,,,,,
OSMOUSDT,none,,2022-10-28 04:00:52+00:00,will_list,high,cms,,,,,,0,,,,,,,,
PHBUSDT,none,,2022-11-17 03:40:05+00:00,adds_pairs,medium,cms,,,,,,0,,,,,,,,
HFTUSDT,none,,2022-10-31 09:30:14+00:00,launchpool,high,cms,,,,,,0,,,,,,,,
HOOKUSDT,none,,2022-12-01 06:07:22+00:00,launchpad,high,cms,,,,,,0,,,,,,,,
MAGICUSDT,coinbase,MAGIC-USD,2022-12-12 04:10:44+00:00,will_list,high,cms,0.0,0.0,1670817660.0,9.73,0.5296,216,0.0,-0.10973154362416115,-0.0020727341247408493,0.046261329305136156,0.41616314199395776,0.558534743202417,0.5266238670694865,0.512462235649547
PROSUSDT,none,,2023-01-26 05:30:08+00:00,adds_pairs,medium,cms,,,,,,0,,,,,,,,
HIFIUSDT,none,,2022-12-20 09:06:28+00:00,tg_rebrand,low,tg,,,,,,0,,,,,,,,
RPLUSDT,coinbase,RPL-USD,2023-01-18 04:00:06+00:00,will_list,high,cms,0.0,0.0,1674014400.0,0.0,33.03,95,0.0,0.010037641154328814,0.026095060577819407,0.03693611867998792,0.11989100817438691,0.1976990614592795,0.25461701483499843,0.22161671207992728
AGIXUSDT,bybit,AGIXUSDT,2023-02-16 05:00:06+00:00,adds_pairs,medium,cms,1.0,1.0,1676523600.0,0.0,0.4935,362,0.0,,0.049107142857142794,-0.003850050658561366,-0.018439716312056764,-0.031003039513677777,-0.04498480243161096,-0.049240121580547136
GNSUSDT,none,,2023-02-17 07:34:20+00:00,will_list,high,cms,,,,,,0,,,,,,,,
LQTYUSDT,coinbase,LQTY-USD,2023-02-28 07:15:18+00:00,will_list,high,cms,0.0,0.0,1677568500.0,0.0,1.6234,290,0.0,0.27612674670340476,0.206899115307412,0.12110385610447216,0.29333497597634617,0.1256005913514846,0.14217075274116064,0.10336331156831347
SYNUSDT,coinbase,SYN-USD,2023-02-22 06:30:19+00:00,will_list,high,cms,0.0,1.0,1677047400.0,0.0,1.341,263,0.0,-0.20614596670934704,0.055905511811023656,0.06040268456375841,0.2639821029082774,0.1909023117076809,0.16778523489932895,0.145413870246085
SSVUSDT,bybit,SSVUSDT,2023-02-23 03:00:05+00:00,adds_pairs,medium,cms,0.0,0.0,1677121200.0,0.0,39.4,362,0.0,0.05572202907437496,0.07193675029042956,-0.01968527918781715,-0.018045685279187818,-0.03958375634517752,-0.008598984771573615,0.012944162436548279
VIBUSDT,none,,2023-02-23 03:00:05+00:00,adds_pairs,medium,cms,,,,,,0,,,,,,,,
UFTUSDT,none,,2023-03-16 03:00:37+00:00,adds_pairs,medium,cms,,,,,,0,,,,,,,,
USTCUSDT,bybit,USTCUSDT,2023-03-09 03:00:04+00:00,adds_pairs,medium,cms,0.0,0.0,1678330800.0,0.0,0.02391,362,0.0,,0.08337109198006343,0.00292764533667933,0.004182350480970376,0.013383521539104937,-0.0029276453366792188,0.026767043078209873
QKCUSDT,none,,2023-03-16 03:00:37+00:00,adds_pairs,medium,cms,,,,,,0,,,,,,,,
BETHUSDT,none,,2023-03-02 01:57:48+00:00,adds_pairs,medium,cms,,,,,,0,,,,,,,,
GLMUSDT,coinbase,GLM-USD,2023-03-16 03:00:37+00:00,adds_pairs,medium,cms,0.0,0.0,1678935600.0,0.0,0.2451,100,0.0,0.03417266187050361,0.06890536415176629,0.004487964096287156,-0.008975928192574534,-0.009383924928600629,-0.03019175846593236,0.0
RDNTUSDT,bybit,RDNTUSDT,2023-03-30 03:20:54+00:00,will_list,high,cms,0.0,1.0,1680146400.0,0.0,0.379,362,0.0,,0.10916008194322502,0.12427440633245368,0.1395778364116096,0.16517150395778368,0.13430079155672825,0.146174142480211
LOOMUSDT,coinbase,LOOM-USD,2023-03-23 03:15:11+00:00,adds_pairs,medium,cms,0.0,1.0,1679541300.0,0.0,0.0719,235,0.0,-0.08835904628330993,0.1027607361963192,0.018080667593880273,0.004172461752433909,-0.00834492350486793,-0.030598052851182334,-0.026425591098748202
OAXUSDT,none,,2023-03-23 03:15:11+00:00,adds_pairs,medium,cms,,,,,,0,,,,,,,,
IDUSDT,none,,2023-03-22 06:00:27+00:00,launchpad,high,cms,,,,,,0,,,,,,,,
PROMUSDT,none,,2023-03-16 03:00:37+00:00,adds_pairs,medium,cms,,,,,,0,,,,,,,,
ARBUSDT,none,,2023-03-20 10:02:41+00:00,will_list,high,cms,,,,,,0,,,,,,,,
GASUSDT,none,,2023-03-16 03:00:37+00:00,adds_pairs,medium,cms,,,,,,0,,,,,,,,
AMBUSDT,none,,2023-03-02 01:57:48+00:00,adds_pairs,medium,cms,,,,,,0,,,,,,,,
EDUUSDT,none,,2023-04-28 06:00:42+00:00,launchpad,high,cms,,,,,,0,,,,,,,,
WBTCUSDT,coinbase,WBTC-USD,2023-04-27 03:00:08+00:00,adds_pairs,medium,cms,0.0,1.0,1682563680.0,12.13,28856.5,57,0.0,0.028828901426507958,0.00765787157962361,0.0,0.0,0.0007658586453658245,0.0012995339005077433,0.008394295912532712
PEPEUSDT,none,,2023-05-05 11:20:04+00:00,will_list,high,cms,,,,,,0,,,,,,,,
ASTUSDT,coinbase,AST-USD,2023-05-18 03:35:03+00:00,adds_pairs,medium,cms,0.0,0.0,1684380900.0,0.0,0.129,188,0.0,0.05822267620020427,0.21354656632173086,0.086046511627907,0.2922480620155037,0.28372093023255807,0.33720930232558133,0.2689922480620155
SNTUSDT,coinbase,SNT-USD,2023-05-18 03:35:03+00:00,adds_pairs,medium,cms,0.0,1.0,1684380900.0,0.0,0.02742,67,0.0,0.03405826836274106,0.08123028391167186,0.02188183807439814,0.02917578409919752,0.007658643326039272,-0.015681983953318768,-0.022975929978118148
FLOKIUSDT,bybit,FLOKIUSDT,2023-05-05 11:20:04+00:00,will_list,high,cms,0.0,0.0,1683285600.0,0.0,3.997e-05,362,0.0,,0.24323483670295487,0.12231673755316486,0.1655991993995496,0.2809607205404052,0.3537903427570679,0.2960720540405304
AERGOUSDT,coinbase,AERGO-USD,2023-05-04 03:00:05+00:00,adds_pairs,medium,cms,0.0,0.0,1683169200.0,0.0,0.1544,184,1.0,-0.00940438871473337,,-0.04987046632124359,-0.013601036269430211,0.03562176165803099,0.017487046632124192,0.0977979274611398
SUIUSDT,none,,2023-04-30 16:00:31+00:00,launchpool,high,cms,,,,,,0,,,,,,,,
MAVUSDT,none,,2023-06-13 11:55:00+00:00,launchpool,high,cms,,,,,,0,,,,,,,,
COMBOUSDT,none,,2023-05-18 04:55:26+00:00,tg_rebrand,low,tg,,,,,,0,,,,,,,,
FDUSDUSDT,none,,2023-07-26 04:00:03+00:00,will_list,high,cms,,,,,,0,,,,,,,,
ARKMUSDT,none,,2023-07-18 07:00:09+00:00,launchpad,high,cms,,,,,,0,,,,,,,,
WBETHUSDT,none,,2023-07-18 04:00:08+00:00,adds_pairs,medium,cms,,,,,,0,,,,,,,,
WLDUSDT,bybit,WLDUSDT,2023-07-24 07:02:11+00:00,will_list,high,cms,1.0,0.0,1690182120.0,0.0,2.436,184,1.0,,,-0.04880952380952386,-0.17898193760262726,-0.3169540229885057,-0.17602627257799663,0.031239737274220136
PENDLEUSDT,none,,2023-07-03 06:22:15+00:00,will_list,high,cms,,,,,,0,,,,,,,,
CYBERUSDT,none,,2023-08-01 07:03:55+00:00,launchpool,high,cms,,,,,,0,,,,,,,,
SEIUSDT,none,,2023-08-01 07:03:24+00:00,launchpool,high,cms,,,,,,0,,,,,,,,
IQUSDT,none,,2023-09-21 04:30:06+00:00,notice_pairs,medium,cms,,,,,,0,,,,,,,,
CREAMUSDT,none,,2023-09-21 04:30:06+00:00,notice_pairs,medium,cms,,,,,,0,,,,,,,,
ARKUSDT,none,,2023-09-21 04:30:06+00:00,notice_pairs,medium,cms,,,,,,0,,,,,,,,
GFTUSDT,none,,2023-09-21 04:30:06+00:00,notice_pairs,medium,cms,,,,,,0,,,,,,,,
TIAUSDT,none,,2023-10-30 13:18:52+00:00,will_list,high,cms,,,,,,0,,,,,,,,
NTRNUSDT,none,,2023-10-10 07:45:17+00:00,will_list,high,cms,,,,,,0,,,,,,,,
BEAMXUSDT,none,,2023-10-25 05:05:42+00:00,tg_rebrand,low,tg,,,,,,0,,,,,,,,
PIVXUSDT,none,,2023-11-15 08:10:09+00:00,notice_pairs,medium,cms,,,,,,0,,,,,,,,
MEMEUSDT,none,,2023-10-27 14:09:09+00:00,launchpool,high,cms,,,,,,0,,,,,,,,
VICUSDT,none,,2023-11-06 09:30:37+00:00,tg_rebrand,low,tg,,,,,,0,,,,,,,,
BLURUSDT,coinbase,BLUR-USD,2023-11-24 06:09:47+00:00,will_list,high,cms,0.0,0.0,1700806140.0,0.0,0.6643,361,0.0,0.555385087450138,0.2496237772761476,-0.08023483365949124,-0.0633749811832004,-0.04997741984043358,-0.06096643082944453,-0.06728887550805351
ORDIUSDT,bybit,ORDIUSDT,2023-11-07 06:44:13+00:00,will_list,high,cms,0.0,0.0,1699339440.0,0.0,10.1553,362,0.0,,0.34846633913158964,0.04338621212568805,0.10878063671186466,0.14926196173426676,0.1028723917560288,0.16856222858999725
NFPUSDT,none,,2023-12-19 10:37:39+00:00,launchpool,high,cms,,,,,,0,,,,,,,,
JTOUSDT,none,,2023-12-07 11:55:38+00:00,will_list,high,cms,,,,,,0,,,,,,,,
ACEUSDT,none,,2023-12-11 12:05:11+00:00,launchpool,high,cms,,,,,,0,,,,,,,,
BONKUSDT,coinbase,BONK-USD,2023-12-15 03:58:33+00:00,will_list,high,cms,0.0,0.0,1702612680.0,0.0,2.673e-05,365,0.0,,0.22222222222222232,0.0355405910961466,0.0007482229704451893,0.06883651328095763,0.06771417882528996,0.13430602319491203
VANRYUSDT,none,,2023-11-17 03:30:36+00:00,tg_rebrand,low,tg,,,,,,0,,,,,,,,
1000SATSUSDT,none,,2023-12-12 06:09:30+00:00,will_list,high,cms,,,,,,0,,,,,,,,
AEURUSDT,none,,2023-12-04 04:14:11+00:00,will_list,high,cms,,,,,,0,,,,,,,,
ALTUSDT,none,,2024-01-17 11:36:50+00:00,launchpool,high,cms,,,,,,0,,,,,,,,
AIUSDT,none,,2023-12-26 10:03:58+00:00,launchpool,high,cms,,,,,,0,,,,,,,,
JUPUSDT,none,,2024-01-31 07:06:53+00:00,will_list,high,cms,,,,,,0,,,,,,,,
XAIUSDT,none,,2024-01-03 09:36:04+00:00,launchpool,high,cms,,,,,,0,,,,,,,,
MANTAUSDT,none,,2024-01-15 12:24:45+00:00,launchpool,high,cms,,,,,,0,,,,,,,,
STRKUSDT,none,,2024-02-20 02:25:22+00:00,will_list,high,cms,,,,,,0,,,,,,,,
PYTHUSDT,bybit,PYTHUSDT,2024-02-02 07:50:07+00:00,will_list,high,cms,0.0,0.0,1706860200.0,0.0,0.5501,362,0.0,,0.12887338395239079,-0.02735866206144344,-0.028958371205235367,-0.050627158698418495,-0.10623522995818946,-0.07634975459007465
PORTALUSDT,none,,2024-02-21 07:50:13+00:00,launchpool,high,cms,,,,,,0,,,,,,,,
RONINUSDT,none,,2024-02-05 09:11:28+00:00,will_list,high,cms,,,,,,0,,,,,,,,
PIXELUSDT,none,,2024-02-08 02:35:53+00:00,launchpool,high,cms,,,,,,0,,,,,,,,
DYMUSDT,none,,2024-02-06 09:26:57+00:00,will_list,high,cms,,,,,,0,,,,,,,,
WIFUSDT,none,,2024-03-05 10:01:37+00:00,will_list,high,cms,,,,,,0,,,,,,,,
BOMEUSDT,bybit,BOMEUSDT,2024-03-16 09:30:06+00:00,will_list,high,cms,1.0,0.0,,,,132,,,,,,,,
METISUSDT,none,,2024-03-11 07:59:30+00:00,will_list,high,cms,,,,,,0,,,,,,,,
ETHFIUSDT,none,,2024-03-12 14:30:01+00:00,launchpool,high,cms,,,,,,0,,,,,,,,
AEVOUSDT,none,,2024-03-06 10:25:55+00:00,launchpool,high,cms,,,,,,0,,,,,,,,
AXLUSDT,coinbase,AXL-USD,2024-03-01 07:18:57+00:00,will_list,high,cms,0.0,0.0,1709277480.0,0.0,1.595,310,0.0,0.02109332609875203,0.044600170279651685,0.13968652037617568,0.13774294670846388,0.16250783699059568,0.23862068965517236,0.48940438871473346
PDAUSDT,none,,2024-02-22 05:40:34+00:00,tg_rebrand,low,tg,,,,,,0,,,,,,,,
ENAUSDT,none,,2024-03-29 04:26:14+00:00,launchpool,high,cms,,,,,,0,,,,,,,,
REZUSDT,none,,2024-04-23 10:22:03+00:00,launchpool,high,cms,,,,,,0,,,,,,,,
TAOUSDT,none,,2024-04-11 06:43:58+00:00,will_list,high,cms,,,,,,0,,,,,,,,
WUSDT,none,,2024-04-02 10:39:26+00:00,will_list,high,cms,,,,,,0,,,,,,,,
SAGAUSDT,none,,2024-04-04 02:32:24+00:00,launchpool,high,cms,,,,,,0,,,,,,,,
TNSRUSDT,none,,2024-04-08 11:44:17+00:00,will_list,high,cms,,,,,,0,,,,,,,,
OMNIUSDT,none,,2024-04-12 05:52:44+00:00,launchpool,high,cms,,,,,,0,,,,,,,,
NOTUSDT,none,,2024-05-09 15:25:00+00:00,launchpool,high,cms,,,,,,0,,,,,,,,
BBUSDT,none,,2024-04-25 08:30:31+00:00,megadrop,high,cms,,,,,,0,,,,,,,,
ZKUSDT,none,,2024-06-17 02:00:10+00:00,will_list,high,cms,,,,,,0,,,,,,,,
ZROUSDT,none,,2024-06-20 06:19:30+00:00,will_list,high,cms,,,,,,0,,,,,,,,
LISTAUSDT,none,,2024-05-28 10:02:49+00:00,megadrop,high,cms,,,,,,0,,,,,,,,
IOUSDT,none,,2024-06-06 04:36:06+00:00,launchpool,high,cms,,,,,,0,,,,,,,,
BANANAUSDT,none,,2024-07-18 16:46:00+00:00,hodler,high,cms,,,,,,0,,,,,,,,
GUSDT,none,,2024-07-05 02:02:14+00:00,tg_rebrand,low,tg,,,,,,0,,,,,,,,
RENDERUSDT,coinbase,RENDER-USD,2024-07-10 06:32:22+00:00,tg_rebrand,low,tg,0.0,0.0,1720593120.0,0.0,6.734,188,0.0,-0.08761850043091057,0.060806553245116524,-0.0008910008910009148,0.0019305019305018156,0.005346005346005267,-0.007425007425007402,-0.029997029997030022
DOGSUSDT,none,,2024-08-20 16:42:01+00:00,launchpool,high,cms,,,,,,0,,,,,,,,
TONUSDT,none,,2024-08-08 05:39:28+00:00,will_list,high,cms,,,,,,0,,,,,,,,
EURIUSDT,none,,2024-08-26 07:00:03+00:00,will_list,high,cms,,,,,,0,,,,,,,,
SLFUSDT,none,,2024-08-19 11:08:15+00:00,tg_rebrand,low,tg,,,,,,0,,,,,,,,
CATIUSDT,none,,2024-09-13 12:32:48+00:00,launchpool,high,cms,,,,,,0,,,,,,,,
1MBABYDOGEUSDT,none,,2024-09-16 05:45:02+00:00,will_list,high,cms,,,,,,0,,,,,,,,
HMSTRUSDT,none,,2024-09-12 15:01:39+00:00,launchpool,high,cms,,,,,,0,,,,,,,,
TURBOUSDT,none,,2024-09-16 05:45:02+00:00,will_list,high,cms,,,,,,0,,,,,,,,
POLUSDT,bybit,POLUSDT,2024-08-28 09:03:16+00:00,tg_rebrand,low,tg,0.0,0.0,1724835780.0,0.0,0.4512,362,0.0,,-0.016136066288704787,-0.0035460992907800915,0.00465425531914887,0.0,0.01041666666666674,-0.011303191489361653
NEIROUSDT,bybit,NEIROUSDT,2024-09-16 05:45:02+00:00,will_list,high,cms,0.0,1.0,1726465500.0,0.0,0.1402,362,0.0,,0.08850931677018625,0.013552068473609236,0.04350927246790315,0.0021398002853068032,-0.18616262482168333,-0.36661911554921534
KAIAUSDT,none,,2024-10-16 08:01:24+00:00,tg_rebrand,low,tg,,,,,,0,,,,,,,,
LUMIAUSDT,none,,2024-09-30 06:01:17+00:00,tg_rebrand,low,tg,,,,,,0,,,,,,,,
SCRUSDT,none,,2024-10-08 08:15:33+00:00,launchpool,high,cms,,,,,,0,,,,,,,,
BNSOLUSDT,none,,2024-10-09 07:00:13+00:00,will_list,high,cms,,,,,,0,,,,,,,,
EIGENUSDT,none,,2024-09-30 08:19:57+00:00,will_list,high,cms,,,,,,0,,,,,,,,
USUALUSDT,none,,2024-11-14 07:32:09+00:00,launchpool,high,cms,,,,,,0,,,,,,,,
COWUSDT,coinbase,COW-USD,2024-11-06 05:10:07+00:00,will_list,high,cms,0.0,0.0,1730869800.0,0.0,0.28,222,0.0,-0.027472527472527597,0.09417741305197347,0.07892857142857124,0.5689285714285715,0.5639285714285713,0.5864285714285713,0.6499999999999999
ACTUSDT,none,,2024-11-11 05:39:29+00:00,will_list,high,cms,,,,,,0,,,,,,,,
CETUSUSDT,none,,2024-11-06 05:10:07+00:00,will_list,high,cms,,,,,,0,,,,,,,,
PNUTUSDT,none,,2024-11-11 05:39:29+00:00,will_list,high,cms,,,,,,0,,,,,,,,
THEUSDT,none,,2024-11-26 07:57:32+00:00,hodler,high,cms,,,,,,0,,,,,,,,
PENGUUSDT,none,,2024-12-16 12:36:45+00:00,hodler,high,cms,,,,,,0,,,,,,,,
VELODROMEUSDT,none,,2024-12-13 08:07:57+00:00,will_list,high,cms,,,,,,0,,,,,,,,
ORCAUSDT,coinbase,ORCA-USD,2024-12-06 08:34:18+00:00,will_list,high,cms,0.0,0.0,1733474040.0,0.0,4.3444,296,0.0,0.17339254103033408,0.0678136905493425,0.008194457232298946,0.008194457232298946,0.44012982229997233,0.6111776079550686,0.5163198600497192
ACXUSDT,coinbase,ACX-USD,2024-12-06 08:34:18+00:00,will_list,high,cms,0.0,1.0,1733474040.0,0.0,0.7177,270,0.0,0.1343253569274081,0.1898209549071619,0.19813292462031495,0.5662533091821096,0.9034415493938972,0.7289954019785425,0.641493660303748
1000CATUSDT,none,,2024-12-16 12:36:45+00:00,hodler,high,cms,,,,,,0,,,,,,,,
VANAUSDT,none,,2024-12-13 08:59:48+00:00,launchpool,high,cms,,,,,,0,,,,,,,,
MOVEUSDT,none,,2024-12-09 08:29:16+00:00,hodler,high,cms,,,,,,0,,,,,,,,
MEUSDT,none,,2024-12-10 07:22:20+00:00,will_list,high,cms,,,,,,0,,,,,,,,
COOKIEUSDT,bybit,COOKIEUSDT,2025-01-10 08:55:27+00:00,will_list,high,cms,0.0,0.0,1736499300.0,0.0,0.66587,362,0.0,,0.3824194988269978,0.16877168216018146,0.12191568924865215,0.08702899965458721,0.08184780813071613,0.0013966690194782139
ANIMEUSDT,none,,2025-01-22 10:02:43+00:00,hodler,high,cms,,,,,,0,,,,,,,,
BIOUSDT,none,,2024-12-23 10:19:12+00:00,launchpool,high,cms,,,,,,0,,,,,,,,
CGPTUSDT,bybit,CGPTUSDT,2025-01-10 08:55:27+00:00,will_list,high,cms,0.0,0.0,1736499300.0,0.0,0.26034,362,0.0,,0.2116163261506958,0.1786894061611739,0.18352923100560803,0.2628869939310132,0.3389797956518399,0.30583083659829446
SOLVUSDT,none,,2025-01-06 07:34:58+00:00,megadrop,high,cms,,,,,,0,,,,,,,,
SUSDT,none,,2024-12-24 07:03:18+00:00,tg_rebrand,low,tg,,,,,,0,,,,,,,,
AIXBTUSDT,bybit,AIXBTUSDT,2025-01-10 08:55:27+00:00,will_list,high,cms,1.0,0.0,,,,117,,,,,,,,
TRUMPUSDT,bybit,TRUMPUSDT,2025-01-19 04:05:42+00:00,will_list,high,cms,1.0,0.0,1737259500.0,0.0,32.829,362,0.0,,0.22104440972997108,0.032197142770111764,0.055591093240732414,0.0076456791251635625,0.14861859940905897,0.3181638185750404
DUSDT,none,,2024-12-19 03:01:41+00:00,tg_rebrand,low,tg,,,,,,0,,,,,,,,
KAITOUSDT,none,,2025-02-19 10:31:06+00:00,hodler,high,cms,,,,,,0,,,,,,,,
LAYERUSDT,none,,2025-02-11 06:43:29+00:00,hodler,high,cms,,,,,,0,,,,,,,,
1000CHEEMSUSDT,none,,2025-02-09 07:10:31+00:00,will_list,high,cms,,,,,,0,,,,,,,,
REDUSDT,none,,2025-02-25 09:11:14+00:00,launchpool,high,cms,,,,,,0,,,,,,,,
BERAUSDT,none,,2025-02-05 12:19:06+00:00,hodler,high,cms,,,,,,0,,,,,,,,
TSTUSDT,bybit,TSTUSDT,2025-02-09 07:10:31+00:00,will_list,high,cms,0.0,1.0,1739085000.0,0.0,0.00812,362,0.0,,0.7239915074309982,0.16539408866995053,-0.09310344827586214,-0.2321428571428572,0.19458128078817727,0.9310344827586206
HEIUSDT,none,,2025-01-22 09:01:01+00:00,tg_rebrand,low,tg,,,,,,0,,,,,,,,
SHELLUSDT,none,,2025-02-27 05:15:20+00:00,hodler,high,cms,,,,,,0,,,,,,,,
MUBARAKUSDT,none,,2025-03-27 17:27:12+00:00,will_list,high,cms,,,,,,0,,,,,,,,
XUSDUSDT,none,,2025-03-17 07:00:03+00:00,will_list,high,cms,,,,,,0,,,,,,,,
EPICUSDT,none,,2025-02-28 04:01:59+00:00,tg_rebrand,low,tg,,,,,,0,,,,,,,,
GPSUSDT,bybit,GPSUSDT,2025-03-04 05:18:51+00:00,hodler,high,cms,0.0,0.0,1741065480.0,0.0,0.16283,362,0.0,0.053999839524993876,0.25980657640232097,0.08082048762513061,-0.024111036049868084,-0.06178222686237189,-0.06663391266965546,-0.0899711355401338
FORMUSDT,none,,2025-02-26 02:00:50+00:00,tg_rebrand,low,tg,,,,,,0,,,,,,,,
BMTUSDT,bybit,BMTUSDT,2025-03-18 09:52:05+00:00,hodler,high,cms,1.0,0.0,1742291520.0,0.0,0.257,362,0.0,0.3095667870036103,0.2837162837162839,0.007003891050583633,0.05097276264591444,0.09105058365758745,0.11322957198443584,0.08132295719844351
TUTUSDT,none,,2025-03-27 17:27:12+00:00,will_list,high,cms,,,,,,0,,,,,,,,
GUNUSDT,none,,2025-03-27 13:29:21+00:00,launchpool,high,cms,,,,,,0,,,,,,,,
BANANAS31USDT,none,,2025-03-27 17:27:12+00:00,will_list,high,cms,,,,,,0,,,,,,,,
NILUSDT,none,,2025-03-20 10:14:39+00:00,launchpool,high,cms,,,,,,0,,,,,,,,
PARTIUSDT,none,,2025-03-24 15:56:48+00:00,hodler,high,cms,,,,,,0,,,,,,,,
BROCCOLI714USDT,none,,2025-03-27 17:27:12+00:00,will_list,high,cms,,,,,,0,,,,,,,,
INITUSDT,none,,2025-04-17 08:59:59+00:00,launchpool,high,cms,,,,,,0,,,,,,,,
HYPERUSDT,none,,2025-04-21 15:11:51+00:00,hodler,high,cms,,,,,,0,,,,,,,,
WCTUSDT,none,,2025-04-10 10:15:06+00:00,launchpool,high,cms,,,,,,0,,,,,,,,
SIGNUSDT,none,,2025-04-25 09:35:15+00:00,hodler,high,cms,,,,,,0,,,,,,,,
KERNELUSDT,none,,2025-04-08 03:05:27+00:00,megadrop,high,cms,,,,,,0,,,,,,,,
BABYUSDT,none,,2025-04-09 08:42:17+00:00,hodler,high,cms,,,,,,0,,,,,,,,
BIGTIMEUSDT,coinbase,BIGTIME-USD,2025-04-11 10:08:34+00:00,will_list,high,cms,0.0,0.0,1744366080.0,0.0,0.07292,321,0.0,0.10942041374593958,0.1328258505514992,0.0013713658804168638,0.08900164563905655,0.11231486560614368,0.10353812397147566,0.08639605046626442
ONDOUSDT,coinbase,ONDO-USD,2025-04-11 10:08:34+00:00,will_list,high,cms,0.0,0.0,1744366080.0,0.0,0.878,365,0.0,0.07335050525064402,0.05323768623593472,-0.017186788154897603,0.0013439635535306138,0.008189066059225647,0.0054669703872438635,0.03610478359908886
VIRTUALUSDT,bybit,VIRTUALUSDT,2025-04-11 10:08:34+00:00,will_list,high,cms,0.0,0.0,1744366080.0,0.0,0.5423,362,0.0,,0.13523131672597866,-0.008113590263691628,-0.053475935828877,-0.024156371012354794,-0.005163193804167521,0.013461183846579239
USD1USDT,none,,2025-05-22 03:30:01+00:00,will_list,high,cms,,,,,,0,,,,,,,,
AUSDT,none,,2025-05-14 09:01:03+00:00,tg_rebrand,low,tg,,,,,,0,,,,,,,,
KMNOUSDT,bybit,KMNOUSDT,2025-05-06 11:25:20+00:00,will_list,high,cms,0.0,0.0,1746530700.0,0.0,0.089,362,0.0,,0.11014095048022932,-0.010337078651685316,-0.013033707865168442,-0.011910112359550418,-0.017303370786516892,0.02573033707865169
HAEDALUSDT,bybit,HAEDALUSDT,2025-05-21 10:04:15+00:00,hodler,high,cms,0.0,0.0,1747821840.0,0.0,0.16614,362,0.0,-0.019115071205544232,0.27760689018763474,0.005597688696280079,-0.014987360057782673,-0.024617792223426083,0.026724449259660554,0.07638136511375926
AWEUSDT,none,,2025-05-07 06:00:47+00:00,tg_rebrand,low,tg,,,,,,0,,,,,,,,
NXPCUSDT,bybit,NXPCUSDT,2025-05-15 04:36:30+00:00,hodler,high,cms,1.0,0.0,,,,98,,,,,,,,
SYRUPUSDT,coinbase,SYRUP-USD,2025-05-06 11:25:20+00:00,will_list,high,cms,0.0,0.0,1746530700.0,0.0,0.1988,241,0.0,0.021082621082621156,0.045765386638611405,0.05633802816901401,-0.006539235412474809,0.023641851106639855,0.05432595573440646,0.08903420523138839
HUMAUSDT,none,,2025-05-22 10:46:16+00:00,launchpool,high,cms,,,,,,0,,,,,,,,
STOUSDT,none,,2025-05-02 10:21:22+00:00,hodler,high,cms,,,,,,0,,,,,,,,
SXTUSDT,none,,2025-05-05 14:14:13+00:00,launchpool,high,cms,,,,,,0,,,,,,,,
SOPHUSDT,none,,2025-05-28 07:16:56+00:00,hodler,high,cms,,,,,,0,,,,,,,,
NEWTUSDT,none,,2025-06-23 14:08:19+00:00,hodler,high,cms,,,,,,0,,,,,,,,
HOMEUSDT,coinbase,HOME-USD,2025-06-12 11:04:44+00:00,hodler,high,cms,0.0,0.0,1749726240.0,0.0,0.0393,363,0.0,,0.21296296296296302,-0.03129770992366421,-0.0804071246819339,-0.058524173027989956,-0.08549618320610697,-0.026208651399491134
RESOLVUSDT,bybit,RESOLVUSDT,2025-06-11 10:24:40+00:00,hodler,high,cms,1.0,0.0,1749637440.0,0.0,0.3714,362,0.0,,0.17904761904761912,-0.015885837372105582,-0.026925148088314477,0.019386106623586308,-0.025309639203015655,0.03769520732364029
SAHARAUSDT,none,,2025-06-24 14:29:12+00:00,hodler,high,cms,,,,,,0,,,,,,,,
SPKUSDT,none,,2025-06-16 11:33:20+00:00,hodler,high,cms,,,,,,0,,,,,,,,
A2ZUSDT,none,,2025-07-10 09:02:10+00:00,tg_rebrand,low,tg,,,,,,0,,,,,,,,
LAUSDT,coinbase,LA-USD,2025-07-09 09:58:15+00:00,hodler,high,cms,0.0,0.0,1752055080.0,0.0,0.5419,209,0.0,-0.006558028616852063,0.08990345937248612,0.014209263701789876,0.033400996493818,0.1121978224764717,0.15851633142646238,0.24321830596050908
ERAUSDT,none,,2025-07-16 08:58:10+00:00,hodler,high,cms,,,,,,0,,,,,,,,
TREEUSDT,none,,2025-07-28 13:30:11+00:00,hodler,high,cms,,,,,,0,,,,,,,,
CUSDT,none,,2025-07-18 07:47:32+00:00,hodler,high,cms,,,,,,0,,,,,,,,
TOWNSUSDT,none,,2025-08-04 09:12:55+00:00,hodler,high,cms,,,,,,0,,,,,,,,
PROVEUSDT,none,,2025-08-05 01:59:17+00:00,hodler,high,cms,,,,,,0,,,,,,,,
PLUMEUSDT,bybit,PLUMEUSDT,2025-08-18 09:36:06+00:00,hodler,high,cms,0.0,0.0,1755509760.0,0.0,0.10452,362,0.0,,0.14366998577524903,0.04219288174512048,0.023631840796019876,-0.014542671259089257,0.013298890164561872,-0.058075009567546965
DOLOUSDT,bybit,DOLOUSDT,2025-08-27 10:43:22+00:00,hodler,high,cms,0.0,0.0,1756291380.0,0.0,0.31099,362,0.0,,0.27758606523703877,0.02537059069423453,-0.013408791279462373,-0.04398855268658142,-0.01482362776938162,-0.05765458696421111
MITOUSDT,none,,2025-08-29 09:15:57+00:00,hodler,high,cms,,,,,,0,,,,,,,,
BFUSDUSDT,none,,2025-08-13 03:00:00+00:00,will_list,high,cms,,,,,,0,,,,,,,,
XPLUSDT,none,,2025-09-24 08:00:04+00:00,hodler,high,cms,,,,,,0,,,,,,,,
USDEUSDT,bybit,USDEUSDT,2025-09-09 07:00:01+00:00,will_list,high,cms,0.0,0.0,1757401200.0,0.0,1.0007,362,0.0,,-9.992006394887731e-05,9.993004896569069e-05,9.993004896569069e-05,0.00029979014689707206,0.0,0.0
WLFIUSDT,none,,2025-09-01 01:49:05+00:00,will_list,high,cms,,,,,,0,,,,,,,,
ZKCUSDT,none,,2025-09-12 09:57:33+00:00,hodler,high,cms,,,,,,0,,,,,,,,
OPENUSDT,none,,2025-09-05 07:18:31+00:00,hodler,high,cms,,,,,,0,,,,,,,,
PUMPUSDT,coinbase,PUMP-USD,2025-09-11 11:37:53+00:00,will_list,high,cms,0.0,0.0,1757590620.0,0.0,0.005684,359,0.0,0.15948897589120148,-0.029205807002561923,-0.0019352568613651977,-0.008620689655172376,-0.012491203377902882,0.008620689655172598,-0.027973258268824686
BARDUSDT,none,,2025-09-17 09:57:50+00:00,hodler,high,cms,,,,,,0,,,,,,,,
AVNTUSDT,coinbase,AVNT-USD,2025-09-15 03:47:01+00:00,will_list,high,cms,0.0,0.0,1757908020.0,0.0,0.8655,365,0.0,1.6508914100486223,0.09294102790756398,-0.005430387059503272,0.028307336799537897,0.048411322934719836,0.2949740034662045,0.7169266320046215
MIRAUSDT,none,,2025-09-25 10:00:03+00:00,hodler,high,cms,,,,,,0,,,,,,,,
HEMIUSDT,none,,2025-09-23 05:09:17+00:00,hodler,high,cms,,,,,,0,,,,,,,,
HOLOUSDT,none,,2025-09-10 05:11:59+00:00,hodler,high,cms,,,,,,0,,,,,,,,
FFUSDT,none,,2025-09-26 07:52:42+00:00,hodler,high,cms,,,,,,0,,,,,,,,
LINEAUSDT,none,,2025-09-08 14:26:09+00:00,hodler,high,cms,,,,,,0,,,,,,,,
EDENUSDT,none,,2025-09-29 08:30:37+00:00,hodler,high,cms,,,,,,0,,,,,,,,
SKYUSDT,coinbase,SKY-USD,2025-07-18 09:01:05+00:00,tg_rebrand,low,tg,0.0,0.0,1752829260.0,0.0,0.0913,251,0.0,0.011590470057952329,0.08047337278106514,0.0014238773274917182,-0.02037239868565166,-0.04216867469879526,-0.03713033953997813,-0.04260679079956198
SOMIUSDT,none,,2025-09-01 08:59:32+00:00,hodler,high,cms,,,,,,0,,,,,,,,
0GUSDT,none,,2025-09-21 08:58:17+00:00,hodler,high,cms,,,,,,0,,,,,,,,
MORPHOUSDT,coinbase,MORPHO-USD,2025-10-03 09:51:47+00:00,hodler,high,cms,0.0,0.0,1759485060.0,0.0,2.0752,292,0.0,0.13058498387839723,0.08348561583041825,0.008336545875096135,0.009685813415574396,-0.0039032382420972622,0.01021588280647645,0.008095605242868231
WALUSDT,bybit,WALUSDT,2025-10-10 02:21:21+00:00,hodler,high,cms,0.0,0.0,1760062860.0,0.0,0.3801,362,0.0,,0.02287405812701837,0.014732965009208066,-0.0036832412523020164,-0.0036832412523020164,0.003946329913180779,-0.004209418574059431
ASTERUSDT,bybit,ASTERUSDT,2025-10-06 07:48:49+00:00,will_list,high,cms,0.0,0.0,1759736880.0,0.0,1.921,362,0.0,0.04099593382721567,0.038266133390984836,0.029672045809474135,0.014107235814679875,0.0550754815200416,0.06668401874023955,0.06491410723581459
NOMUSDT,none,,2025-09-10 03:01:01+00:00,tg_rebrand,low,tg,,,,,,0,,,,,,,,
FUSDT,bybit,FUSDT,2025-10-25 03:07:19+00:00,tg_text,low,tg,0.0,0.0,1761361620.0,0.0,0.024491,362,0.0,,0.00873182585773713,-0.016577518272018255,0.056306398268751945,0.060103711567514706,-0.053284880160058834,-0.010411988077252854
TURTLEUSDT,none,,2025-10-21 07:56:49+00:00,hodler,high,cms,,,,,,0,,,,,,,,
ENSOUSDT,none,,2025-10-14 02:58:32+00:00,hodler,high,cms,,,,,,0,,,,,,,,
2ZUSDT,none,,2025-10-02 03:18:25+00:00,hodler,high,cms,,,,,,0,,,,,,,,
EULUSDT,coinbase,EUL-USD,2025-10-13 09:22:48+00:00,hodler,high,cms,0.0,0.0,1760347320.0,0.0,11.261,130,0.0,-0.06737804878048781,0.21898679367828522,-0.012787496669922627,-0.033389574638131525,-0.006304946274753531,-0.04724269603054787,-0.01607317289761112
GIGGLEUSDT,none,,2025-10-25 03:07:19+00:00,tg_text,low,tg,,,,,,0,,,,,,,,
ZBTUSDT,none,,2025-10-17 09:53:33+00:00,hodler,high,cms,,,,,,0,,,,,,,,
YBUSDT,none,,2025-10-14 09:46:27+00:00,hodler,high,cms,,,,,,0,,,,,,,,
BANKUSDT,none,,2025-11-13 10:00:26+00:00,will_list,high,cms,,,,,,0,,,,,,,,
KITEUSDT,none,,2025-10-31 08:09:28+00:00,launchpool,high,cms,,,,,,0,,,,,,,,
ATUSDT,none,,2025-11-27 08:38:18+00:00,hodler,high,cms,,,,,,0,,,,,,,,
SAPIENUSDT,coinbase,SAPIEN-USD,2025-11-06 04:45:41+00:00,hodler,high,cms,0.0,0.0,1762404300.0,0.0,0.14195,346,0.0,-0.22392446223111562,0.16048070634401568,0.171398379711166,0.2693906305036984,1.2218386755899968,1.195561817541388,0.7548432546671364
METUSDT,coinbase,MET-USD,2025-11-13 10:00:26+00:00,will_list,high,cms,0.0,0.0,1763028000.0,0.0,0.5119,356,0.0,0.3157296990346392,0.03644462441789842,-0.021488571986716165,0.017190857589372888,-0.015628052353975352,-0.05372142996679041,-0.020902520023442173
ALLOUSDT,none,,2025-11-11 04:58:30+00:00,hodler,high,cms,,,,,,0,,,,,,,,
MMTUSDT,none,,2025-11-03 08:14:11+00:00,hodler,high,cms,,,,,,0,,,,,,,,
KGSTUSDT,none,,2025-12-22 07:00:01+00:00,will_list,high,cms,,,,,,0,,,,,,,,
BREVUSDT,none,,2026-01-05 10:04:14+00:00,hodler,high,cms,,,,,,0,,,,,,,,
FRAXUSDT,none,,2025-12-26 03:03:42+00:00,tg_rebrand,low,tg,,,,,,0,,,,,,,,
FOGOUSDT,none,,2026-01-12 12:50:53+00:00,will_list,high,cms,,,,,,0,,,,,,,,
ZKPUSDT,coinbase,ZKP-USD,2026-01-07 10:39:06+00:00,will_list,high,cms,0.0,0.0,1767782340.0,0.0,0.14134,188,0.0,-0.013464775186342925,0.2075181546347713,-0.009409933493703115,0.04712041884816753,0.09494835149285419,0.21345691240979203,0.1383189472194708
币安人生USDT,none,,2026-01-07 10:39:06+00:00,will_list,high,cms,,,,,,0,,,,,,,,
UUSDT,bybit,UUSDT,2026-01-12 07:30:07+00:00,will_list,high,cms,0.0,1.0,1768203000.0,0.0,0.0032,362,0.0,,0.15398485394879202,0.05499999999999994,-0.07500000000000007,-0.04375000000000007,0.005624999999999991,-0.08250000000000013
SENTUSDT,none,,2026-01-22 05:25:54+00:00,will_list,high,cms,,,,,,0,,,,,,,,
RLUSDUSDT,bybit,RLUSDUSDT,2026-01-21 08:30:01+00:00,will_list,high,cms,0.0,0.0,1768984200.0,0.0,1.0006,362,0.0,,-9.993004896569069e-05,0.0,0.0,0.0,0.0,0.0
ESPUSDT,none,,2026-02-12 07:28:23+00:00,will_list,high,cms,,,,,,0,,,,,,,,
ZAMAUSDT,none,,2026-02-02 04:28:43+00:00,will_list,high,cms,,,,,,0,,,,,,,,
CFGUSDT,coinbase,CFG-USD,2026-03-16 10:22:39+00:00,will_list,high,cms,0.0,0.0,1773656520.0,0.0,0.1461,214,0.0,-0.030903328050713164,0.2164862614487928,0.09514031485284047,0.12251882272416159,0.2662559890485967,0.2847364818617386,0.6105407255304585
NIGHTUSDT,bybit,NIGHTUSDT,2026-03-11 11:31:21+00:00,hodler,high,cms,0.0,0.0,1773228660.0,0.0,0.05462,362,0.0,,0.048368522072936626,-0.02599780300256327,-0.03899670450384474,-0.06993775173928973,-0.07268399853533503,-0.03588429146832672
OPNUSDT,none,,2026-03-02 12:45:51+00:00,launchpool,high,cms,,,,,,0,,,,,,,,
ROBOUSDT,coinbase,ROBO-USD,2026-03-04 13:13:14+00:00,will_list,high,cms,0.0,0.0,1772629980.0,0.0,0.05123,316,0.0,0.31630752859803146,0.11152093729659351,-0.06539137224282643,-0.07105211789966814,-0.09115752488776108,-0.12531719695490917,-0.10833495998438414
MANTRAUSDT,none,,2026-02-13 10:05:55+00:00,tg_rebrand,low,tg,,,,,,0,,,,,,,,
XAUTUSDT,bybit,XAUTUSDT,2026-03-26 10:45:28+00:00,will_list,high,cms,0.0,0.0,1774521900.0,0.0,4428.3,362,0.0,,-0.006528469511374202,-0.0004064765259806924,0.0033873043831718075,0.0036357067046044467,0.002732425535758587,0.006255222094257329
KATUSDT,none,,2026-03-13 01:45:36+00:00,will_list,high,cms,,,,,,0,,,,,,,,
MEGAUSDT,coinbase,MEGA-USD,2026-04-30 09:07:29+00:00,will_list,high,cms,1.0,0.0,,,,20,,,,,,,,
CHIPUSDT,coinbase,CHIP-USD,2026-04-21 12:00:32+00:00,will_list,high,cms,1.0,0.0,,,,79,,,,,,,,
AIGENSYNUSDT,none,,2026-05-14 10:00:03+00:00,will_list,high,cms,,,,,,0,,,,,,,,
OPGUSDT,coinbase,OPG-USD,2026-05-22 07:18:35+00:00,will_list,high,cms,0.0,0.0,1779434280.0,0.0,0.2838,343,0.0,-0.0138833796112654,0.09914794732765309,0.005285412262156397,0.0014094432699083281,0.014094432699083947,0.03735024665257214,-0.0599013389711065
GENIUSUSDT,none,,2026-05-22 07:18:35+00:00,will_list,high,cms,,,,,,0,,,,,,,,
SPCXBUSDT,none,,2026-06-12 16:00:00+00:00,adds_pairs,medium,cms,,,,,,0,,,,,,,,
MUBUSDT,none,,2026-06-11 14:05:06+00:00,adds_pairs,medium,cms,,,,,,0,,,,,,,,
TSLABUSDT,none,,2026-06-11 14:05:06+00:00,adds_pairs,medium,cms,,,,,,0,,,,,,,,
MSFTBUSDT,none,,2026-06-30 05:30:25+00:00,adds_pairs,medium,cms,,,,,,0,,,,,,,,
MSTRBUSDT,none,,2026-06-23 06:32:00+00:00,adds_pairs,medium,cms,,,,,,0,,,,,,,,
INTCBUSDT,none,,2026-06-23 06:32:00+00:00,adds_pairs,medium,cms,,,,,,0,,,,,,,,
SNDKBUSDT,none,,2026-06-11 14:05:06+00:00,adds_pairs,medium,cms,,,,,,0,,,,,,,,
QQQBUSDT,none,,2026-06-30 05:30:25+00:00,adds_pairs,medium,cms,,,,,,0,,,,,,,,
NVDABUSDT,none,,2026-06-11 14:05:06+00:00,adds_pairs,medium,cms,,,,,,0,,,,,,,,
LITEBUSDT,none,,2026-06-30 05:30:25+00:00,adds_pairs,medium,cms,,,,,,0,,,,,,,,
CRCLBUSDT,none,,2026-06-11 14:05:06+00:00,adds_pairs,medium,cms,,,,,,0,,,,,,,,
AMDBUSDT,none,,2026-06-23 06:32:00+00:00,adds_pairs,medium,cms,,,,,,0,,,,,,,,
EWYBUSDT,none,,2026-06-23 06:32:00+00:00,adds_pairs,medium,cms,,,,,,0,,,,,,,,
REUSDT,coinbase,RE-USD,2026-06-18 09:47:21+00:00,will_list,high,cms,1.0,0.0,,,,8,,,,,,,,
METABUSDT,none,,2026-06-30 05:30:25+00:00,adds_pairs,medium,cms,,,,,,0,,,,,,,,
PLTRBUSDT,none,,2026-06-30 05:30:25+00:00,adds_pairs,medium,cms,,,,,,0,,,,,,,,
GRAMUSDT,bybit,GRAMUSDT,2026-06-12 06:02:13+00:00,tg_rebrand,low,tg,1.0,0.0,1781244120.0,0.0,1.741,362,0.0,-0.013913043478260834,0.0040369088811995635,-0.008615738081562352,-0.016082711085583012,-0.02412406662837452,-0.028719126938541062,-0.015508328546812278
DRAMBUSDT,none,,2026-07-07 06:30:06+00:00,adds_pairs,medium,cms,,,,,,0,,,,,,,,
TQQQBUSDT,none,,2026-07-22 06:30:04+00:00,adds_pairs,medium,cms,,,,,,0,,,,,,,,
AAPLBUSDT,none,,2026-07-29 06:30:02+00:00,adds_pairs,medium,cms,,,,,,0,,,,,,,,
AAOIBUSDT,none,,2026-07-15 06:30:03+00:00,adds_pairs,medium,cms,,,,,,0,,,,,,,,
TSMBUSDT,none,,2026-07-15 06:30:03+00:00,adds_pairs,medium,cms,,,,,,0,,,,,,,,
GLWBUSDT,none,,2026-07-07 06:30:06+00:00,adds_pairs,medium,cms,,,,,,0,,,,,,,,
GOOGLBUSDT,none,,2026-07-07 06:30:06+00:00,adds_pairs,medium,cms,,,,,,0,,,,,,,,
AEROUSDT,coinbase,AERO-USD,2026-07-17 07:30:01+00:00,will_list,high,cms,0.0,0.0,1784273400.0,0.0,0.50419,359,0.0,-0.016820805660728633,0.03755607688191964,0.006545151629345991,-0.007398004720442719,-0.024256728614212908,-0.02090481762827512,-0.023027033459608548
SPYBUSDT,none,,2026-07-07 06:30:06+00:00,adds_pairs,medium,cms,,,,,,0,,,,,,,,
AVGOBUSDT,none,,2026-07-15 06:30:03+00:00,adds_pairs,medium,cms,,,,,,0,,,,,,,,
AMZNBUSDT,none,,2026-07-29 06:30:02+00:00,adds_pairs,medium,cms,,,,,,0,,,,,,,,
PYPLBUSDT,none,,2026-07-29 06:30:02+00:00,adds_pairs,medium,cms,,,,,,0,,,,,,,,
BEBUSDT,none,,2026-07-29 06:30:02+00:00,adds_pairs,medium,cms,,,,,,0,,,,,,,,
ORCLBUSDT,none,,2026-07-22 06:30:04+00:00,adds_pairs,medium,cms,,,,,,0,,,,,,,,
NOKBUSDT,none,,2026-07-15 06:30:03+00:00,adds_pairs,medium,cms,,,,,,0,,,,,,,,
CBRSBUSDT,none,,2026-07-07 06:30:06+00:00,adds_pairs,medium,cms,,,,,,0,,,,,,,,
QCOMBUSDT,none,,2026-07-07 06:30:06+00:00,adds_pairs,medium,cms,,,,,,0,,,,,,,,
COINBUSDT,none,,2026-07-07 06:30:06+00:00,adds_pairs,medium,cms,,,,,,0,,,,,,,,
WDCBUSDT,none,,2026-07-07 06:30:06+00:00,adds_pairs,medium,cms,,,,,,0,,,,,,,,
DELLBUSDT,none,,2026-07-29 06:30:02+00:00,adds_pairs,medium,cms,,,,,,0,,,,,,,,
MRVLBUSDT,none,,2026-07-15 06:30:03+00:00,adds_pairs,medium,cms,,,,,,0,,,,,,,,
NBISBUSDT,none,,2026-07-07 06:30:06+00:00,adds_pairs,medium,cms,,,,,,0,,,,,,,,
MVLLBUSDT,none,,2026-07-22 06:30:04+00:00,adds_pairs,medium,cms,,,,,,0,,,,,,,,
MUUBUSDT,none,,2026-07-22 06:30:04+00:00,adds_pairs,medium,cms,,,,,,0,,,,,,,,
CRWVBUSDT,none,,2026-07-22 06:30:04+00:00,adds_pairs,medium,cms,,,,,,0,,,,,,,,
AMATBUSDT,none,,2026-07-29 06:30:02+00:00,adds_pairs,medium,cms,,,,,,0,,,,,,,,
QNTBUSDT,none,,2026-07-22 06:30:04+00:00,adds_pairs,medium,cms,,,,,,0,,,,,,,,
BABABUSDT,none,,2026-07-15 06:30:03+00:00,adds_pairs,medium,cms,,,,,,0,,,,,,,,
ARMBUSDT,none,,2026-07-15 06:30:03+00:00,adds_pairs,medium,cms,,,,,,0,,,,,,,,
SOXSBUSDT,none,,2026-07-29 06:30:02+00:00,adds_pairs,medium,cms,,,,,,0,,,,,,,,
SOXLBUSDT,none,,2026-07-07 06:30:06+00:00,adds_pairs,medium,cms,,,,,,0,,,,,,,,
GSBUSDT,none,,2026-07-29 06:30:02+00:00,adds_pairs,medium,cms,,,,,,0,,,,,,,,
SNXXBUSDT,none,,2026-07-22 06:30:04+00:00,adds_pairs,medium,cms,,,,,,0,,,,,,,,
SMHBUSDT,none,,2026-07-29 06:30:02+00:00,adds_pairs,medium,cms,,,,,,0,,,,,,,,
RKLBBUSDT,none,,2026-07-15 06:30:03+00:00,adds_pairs,medium,cms,,,,,,0,,,,,,,,
SKHYBUSDT,none,,2026-07-13 08:00:06+00:00,adds_pairs,medium,cms,,,,,,0,,,,,,,,
IBMBUSDT,none,,2026-07-15 06:30:03+00:00,adds_pairs,medium,cms,,,,,,0,,,,,,,,
INTWBUSDT,none,,2026-07-22 06:30:04+00:00,adds_pairs,medium,cms,,,,,,0,,,,,,,,
FLNCBUSDT,none,,2026-07-29 06:30:02+00:00,adds_pairs,medium,cms,,,,,,0,,,,,,,,
KORUBUSDT,none,,2026-07-22 06:30:04+00:00,adds_pairs,medium,cms,,,,,,0,,,,,,,,
AXTIBUSDT,none,,2026-07-22 06:30:04+00:00,adds_pairs,medium,cms,,,,,,0,,,,,,,,
HOODBUSDT,none,,2026-07-15 06:30:03+00:00,adds_pairs,medium,cms,,,,,,0,,,,,,,,
