symbol,announce_ts_utc,confidence,day0_date,lag_days,lag_hours_to_midnight,lag_group,pop_day0,fwd_7,fwd_30,trunc_7,trunc_30
TWTUSDT,2021-01-27T05:00:06Z,high,2021-01-27,0.0,-5.001666666666667,same-day,1.5382803297997645,-0.1424593967517401,0.2559164733178654,0,0
FIROUSDT,2021-01-15T10:16:11Z,medium,2021-01-29,14.0,325.73027777777776,>7d,-0.0290148448043183,0.0891823025249014,0.2015288394718555,0,0
CELOUSDT,2021-01-05T03:36:25Z,high,2021-01-05,0.0,-3.6069444444444443,same-day,0.6224811083123423,-0.2404424607025033,0.1478362119153891,0,0
CKBUSDT,2021-01-26T07:00:08Z,high,2021-01-26,0.0,-7.002222222222223,same-day,-0.0504270696452037,0.04566683964712,1.2855907282477084,0,0
TRUUSDT,2021-01-19T04:00:28Z,high,2021-01-19,0.0,-4.007777777777778,same-day,0.1155717761557177,-0.1417666303162487,0.8782260996001454,0,0
BTCSTUSDT,2021-01-07T10:00:05Z,high,2021-01-13,6.0,133.9986111111111,2-7d,6.84375,0.0119521912350597,1.5621513944223109,0,0
RIFUSDT,2021-01-07T05:00:06Z,high,2021-01-07,0.0,-5.001666666666667,same-day,0.0356404958677687,0.1635910224438903,0.1825436408977556,0,0
DODOUSDT,2021-02-18T10:00:14Z,high,2021-02-19,1.0,13.99611111111111,1d,1.2327833572453373,-0.3603212851405621,-0.3714056224899598,0,0
CAKEUSDT,2021-02-18T11:15:06Z,medium,2021-02-19,1.0,12.748333333333333,1d,0.9826178010471204,-0.4040878842294286,-0.461656279708461,0,0
SFPUSDT,2021-02-08T04:00:08Z,high,2021-02-08,0.0,-4.002222222222223,same-day,11.9,1.1240310077519382,0.4489147286821704,0,0
LITUSDT,2021-01-28T10:00:05Z,high,2021-02-04,7.0,157.9986111111111,2-7d,11.242,1.4715569351413165,1.7129553994445352,0,0
ACMUSDT,2021-02-24T04:01:08Z,high,2021-02-24,0.0,-4.018888888888889,same-day,1.7418461538461538,-0.3088878913702165,-0.3643249915834361,0,0
PERPUSDT,2021-03-19T04:54:25Z,low,2021-03-19,0.0,-4.906944444444444,same-day,0.0248400852878463,-0.2915843129096016,-0.3418287735358368,0,0
SUPERUSDT,2021-03-25T07:23:50Z,high,2021-03-25,0.0,-7.397222222222222,same-day,0.0066420664206643,0.2052785923753664,-0.4222873900293256,0,0
RAMPUSDT,2021-03-22T05:56:12Z,high,2021-03-22,0.0,-5.9366666666666665,same-day,-0.1357352941176471,0.241790028926323,-0.0927343882933469,0,0
DEGOUSDT,2021-03-10T04:00:07Z,high,2021-03-10,0.0,-4.001944444444445,same-day,0.4688275862068964,0.9768053338341628,0.73020940933421,0,0
OMUSDT,2021-03-08T06:00:07Z,high,2021-03-08,0.0,-6.001944444444445,same-day,0.5383250532292405,0.6648212226066899,-0.0551326412918108,0,0
ALICEUSDT,2021-03-09T10:00:05Z,high,2021-03-15,6.0,133.9986111111111,2-7d,206.403,-0.4190055110099661,-0.4103460412819487,0,0
BADGERUSDT,2021-03-02T05:00:06Z,high,2021-03-02,0.0,-5.001666666666667,same-day,0.0296332046332046,-0.0667479141276835,-0.133402081184963,0,0
LINAUSDT,2021-03-18T04:00:09Z,high,2021-03-18,0.0,-4.0025,same-day,1.416470588235294,-0.4401168451801363,-0.4021421616358325,0,0
FISUSDT,2021-03-03T05:00:05Z,high,2021-03-03,0.0,-5.001388888888889,same-day,-0.0212511224184376,-0.1079510703363915,0.1110091743119265,0,0
CFXUSDT,2021-03-29T06:54:02Z,high,2021-03-29,0.0,-6.900555555555556,same-day,0.069821567106284,-0.1138506163886874,-0.2422044960116026,0,0
PONDUSDT,2021-03-09T05:00:09Z,high,2021-03-09,0.0,-5.0025,same-day,0.0337922403003756,0.0018159806295399,0.4806295399515738,0,0
TLMUSDT,2021-04-06T08:00:27Z,high,2021-04-13,7.0,159.9925,2-7d,6.268999999999999,-0.5841243637364149,-0.4846608887054615,0,0
MIRUSDT,2021-04-19T08:41:56Z,high,2021-04-19,0.0,-8.698888888888888,same-day,0.2382762991128009,0.0255885363357215,-0.3599795291709313,0,0
BURGERUSDT,2021-04-30T06:00:12Z,low,2021-04-30,0.0,-6.003333333333333,same-day,0.1791569086651054,0.4766633565044686,-0.3753723932472691,0,0
TKOUSDT,2021-04-07T04:00:18Z,high,2021-04-07,0.0,-4.005,same-day,28.857,-0.3130924071407041,0.1783501356465822,0,0
BAKEUSDT,2021-04-30T06:00:12Z,low,2021-04-30,0.0,-6.003333333333333,same-day,-0.0560540576117241,0.4555385115976387,-0.0536419839167016,0,0
EPSUSDT,2021-04-02T05:00:16Z,high,2021-04-02,0.0,-5.004444444444444,same-day,0.539537983118614,-0.3689222334439476,-0.5533112105035348,0,0
FORTHUSDT,2021-04-23T06:04:44Z,high,2021-04-23,0.0,-6.078888888888889,same-day,0.2713320191495354,-0.0311883929560305,-0.6463174216413778,0,0
PUNDIXUSDT,2021-03-31T03:21:48Z,medium,2021-04-09,9.0,212.63666666666666,>7d,-0.2135135135135135,-0.3063845179960209,-0.4503526858383071,0,0
SLPUSDT,2021-04-30T06:00:12Z,low,2021-04-30,0.0,-6.003333333333333,same-day,0.9202127659574468,0.0507848568790396,-0.3674976915974145,0,0
AUTOUSDT,2021-04-02T05:00:16Z,high,2021-04-02,0.0,-5.004444444444444,same-day,-0.0877403702983113,-0.1403830627172164,-0.2178334606436898,0,0
BARUSDT,2021-04-21T04:00:09Z,high,2021-04-21,0.0,-4.0025,same-day,0.2277559570568212,-0.0955894898481487,-0.5126898140249104,0,0
BTGUSDT,2021-04-16T02:57:24Z,medium,2021-04-16,0.0,-2.9566666666666666,same-day,-0.0313586497890294,-0.2708042932812936,-0.1773243657652634,0,0
MDXUSDT,2021-05-24T05:54:54Z,high,2021-05-24,0.0,-5.915,same-day,0.2736606309501586,0.0835898187503054,-0.1842298109336069,0,0
LPTUSDT,2021-05-28T02:12:58Z,high,2021-05-28,0.0,-2.216111111111111,same-day,-0.1287732819524727,0.0339107998525618,-0.2572797640987836,0,0
SHIBUSDT,2021-05-10T07:44:39Z,high,2021-05-10,0.0,-7.744166666666667,same-day,1.4546742209631724,-0.5236583958453549,-0.7870744373918062,0,0
ICPUSDT,2021-05-10T13:52:54Z,high,2021-05-11,1.0,10.118333333333334,1d,0.4602455070603337,-0.5509189307986044,-0.8171204087799786,0,0
MASKUSDT,2021-05-25T03:10:03Z,high,2021-05-25,0.0,-3.1675,same-day,-0.0129342202512934,-0.1648571072007987,-0.5427430425558467,0,0
POLSUSDT,2021-05-19T03:58:05Z,high,2021-05-19,0.0,-3.9680555555555554,same-day,-0.3250466128029832,-0.050644567219153,-0.4360036832412522,0,0
ARUSDT,2021-05-14T04:36:52Z,high,2021-05-14,0.0,-4.614444444444445,same-day,0.0747608535688006,-0.4736409694646036,-0.4590579214021635,0,0
TORNUSDT,2021-06-11T02:32:03Z,high,2021-06-11,0.0,-2.5341666666666667,same-day,-0.1445263597162331,-0.24,-0.4320325203252032,0,0
GTCUSDT,2021-06-10T06:35:38Z,high,2021-06-10,0.0,-6.5938888888888885,same-day,0.3928571428571428,-0.3642533936651584,-0.524132730015083,0,0
XVGUSDT,2021-06-04T06:32:25Z,medium,2021-06-06,2.0,41.459722222222226,2-7d,0.2407338075627105,-0.0947495473747738,-0.3105009052504527,0,0
ERNUSDT,2021-06-22T02:38:12Z,high,2021-06-22,0.0,-2.6366666666666667,same-day,-0.2052308847453384,-0.0061407652338213,0.0740040938434891,0,0
PHAUSDT,2021-02-25T05:30:14Z,high,2021-06-25,120.0,2874.496111111111,>7d,0.0421035650911436,0.341640866873065,0.0363777089783281,0,0
NUUSDT,2021-06-04T02:27:05Z,high,2021-06-04,0.0,-2.451388888888889,same-day,0.3089547941261157,-0.3985921689397272,-0.4610646722393313,0,0
KLAYUSDT,2021-06-24T03:42:15Z,high,2021-06-24,0.0,-3.7041666666666666,same-day,0.1318252730109206,-0.0405631584129172,-0.0264841980899872,0,0
ATAUSDT,2021-06-01T08:00:06Z,high,2021-06-07,6.0,135.99833333333333,2-7d,35.53273737617781,-0.3756522429220482,-0.6887486855941114,0,0
KEEPUSDT,2021-06-17T02:34:50Z,high,2021-06-17,0.0,-2.5805555555555557,same-day,0.1641292239138507,-0.5687400318979267,-0.582615629984051,0,0
QNTUSDT,2021-07-29T02:01:44Z,high,2021-07-29,0.0,-2.028888888888889,same-day,0.3356573705179282,0.29082774049217,0.4496644295302014,0,0
BONDUSDT,2021-07-05T02:05:10Z,high,2021-07-05,0.0,-2.0861111111111112,same-day,-0.0853788687299892,-0.17561260210035,-0.367561260210035,0,0
FLOWUSDT,2021-07-30T07:00:15Z,high,2021-07-30,0.0,-7.004166666666666,same-day,0.3052976515565264,-0.0619246861924684,0.1552301255230126,0,0
DEXEUSDT,2021-07-22T08:02:33Z,low,2021-07-23,1.0,15.9575,1d,0.8061507436349886,0.7586880669923239,0.6368457780879273,0,0
CLVUSDT,2021-07-29T02:01:44Z,high,2021-07-29,0.0,-2.028888888888889,same-day,0.0603804797353184,-0.1755070202808113,0.3408736349453978,0,0
MLNUSDT,2021-07-05T02:05:10Z,high,2021-07-05,0.0,-2.0861111111111112,same-day,0.2227442476810022,-0.1568472906403941,-0.0066009852216748,0,0
C98USDT,2021-07-23T06:00:04Z,high,2021-07-23,0.0,-6.001111111111111,same-day,8.883437209919109,0.6658839945794368,3.2014463780172004,0,0
QUICKUSDT,2021-07-23T04:00:36Z,high,2021-08-13,21.0,499.99,>7d,0.2031959893467023,-0.033203125,-0.4225260416666666,0,0
WAXPUSDT,2021-08-23T02:30:28Z,high,2021-08-23,0.0,-2.5077777777777777,same-day,1.1306695464362853,-0.1340598073998986,-0.420932589964521,0,0
TVKUSDT,2021-08-05T03:01:45Z,low,2021-08-06,1.0,20.970833333333335,1d,0.4984283789851818,-0.0614324243332334,-0.0119868145040455,0,0
FORUSDT,2021-08-19T05:02:49Z,medium,2021-08-20,1.0,18.953055555555554,1d,0.6134425681324194,-0.1481865284974094,-0.0284974093264248,0,0
GHSTUSDT,2021-08-19T05:02:49Z,medium,2021-08-20,1.0,18.953055555555554,1d,0.0847628657921291,-0.0432558139534883,-0.2209302325581394,0,0
TRIBEUSDT,2021-08-24T01:59:02Z,high,2021-08-24,0.0,-1.9838888888888888,same-day,0.2705951333919671,-0.0936778957083526,-0.2823027226580527,0,0
GNOUSDT,2021-08-30T02:01:32Z,high,2021-08-30,0.0,-2.0255555555555556,same-day,0.0478128179043744,0.0165048543689321,-0.2391585760517799,0,0
ALPACAUSDT,2021-08-11T03:30:47Z,high,2021-08-11,0.0,-3.5130555555555554,same-day,0.3014254500052022,0.1113687240166294,-0.2567956507834985,0,0
RAYUSDT,2021-08-10T01:55:38Z,high,2021-08-10,0.0,-1.9272222222222222,same-day,0.0877783531848781,0.6384194239466796,2.5189240656986436,0,0
REQUSDT,2021-08-19T05:02:49Z,medium,2021-08-20,1.0,18.953055555555554,1d,0.318014705882353,-0.1335425383542539,-0.2702231520223151,0,0
MINAUSDT,2021-08-10T01:55:38Z,high,2021-08-10,0.0,-1.9272222222222222,same-day,0.3047158403869408,-0.0120481927710843,0.7815878900216251,0,0
MBOXUSDT,2021-08-19T02:59:18Z,high,2021-08-19,0.0,-2.9883333333333333,same-day,1.373793803961402,1.0500641848523746,0.3072314933675653,0,0
FARMUSDT,2021-08-11T03:30:47Z,high,2021-08-11,0.0,-3.5130555555555554,same-day,0.4821610601427117,-0.1131361760660248,-0.3383768913342503,0,0
USDPUSDT,2021-08-30T08:14:10Z,low,2021-09-10,11.0,255.76388888888889,>7d,0.0,0.0,-0.0001999999999999,0,0
VIDTUSDT,2021-09-09T05:08:54Z,medium,2021-09-09,0.0,-5.148333333333333,same-day,-0.1326673513210716,-0.0044133476856835,-0.0666307857911733,0,0
ILVUSDT,2021-09-22T03:26:38Z,high,2021-09-22,0.0,-3.443888888888889,same-day,0.317490952955368,-0.1393517670756272,0.4451565647317341,0,0
POLYUSDT,2021-09-09T05:08:54Z,medium,2021-09-09,0.0,-5.148333333333333,same-day,0.0248859394442138,-0.0783758262511802,0.0639417239983812,0,0
SYSUSDT,2021-09-24T04:06:27Z,medium,2021-09-24,0.0,-4.1075,same-day,0.0929095354523228,-0.0217321828060084,0.1629913710450623,0,0
IDEXUSDT,2021-09-09T05:08:54Z,medium,2021-09-09,0.0,-5.148333333333333,same-day,-0.053973553907154,-0.0100870332491075,-0.3914891910319656,0,0
DFUSDT,2021-09-24T04:06:27Z,medium,2021-09-24,0.0,-4.1075,same-day,0.4110772357723578,-0.204537270435722,-0.2653943104069139,0,0
YGGUSDT,2021-09-24T01:58:50Z,high,2021-09-24,0.0,-1.9805555555555556,same-day,0.1542492222040281,0.1266846361185982,-0.122854305575259,0,0
DYDXUSDT,2021-09-08T14:59:46Z,high,2021-09-09,1.0,9.00388888888889,1d,3.323666666666667,0.1862616606275537,0.6831393107701798,0,0
GALAUSDT,2021-09-13T02:00:40Z,high,2021-09-13,0.0,-2.011111111111111,same-day,1.2448882548739897,0.9127303537386148,0.7930523194238508,0,0
ELFUSDT,2021-09-08T02:19:51Z,medium,2021-09-08,0.0,-2.3308333333333335,same-day,0.0414805360561583,-0.0773284313725489,-0.1305147058823528,0,0
FIDAUSDT,2021-09-30T02:29:21Z,high,2021-09-30,0.0,-2.4891666666666667,same-day,0.0671971706454463,0.067937033968517,0.3055509527754763,0,0
XECUSDT,2021-09-03T04:41:13Z,low,2021-09-03,0.0,-4.686944444444444,same-day,0.402465049431645,-0.2704490404322713,-0.2454505931308614,0,0
RADUSDT,2021-10-07T03:24:22Z,high,2021-10-07,0.0,-3.406111111111111,same-day,0.8536233378002267,-0.2272828383939494,-0.3834946057168279,0,0
LAZIOUSDT,2021-10-21T06:00:16Z,high,2021-10-21,0.0,-6.004444444444444,same-day,22.25,-0.502610752688172,-0.6938666666666666,0,0
CVPUSDT,2021-10-04T05:02:13Z,low,2021-10-04,0.0,-5.036944444444444,same-day,0.0169351507641473,-0.1429731925264014,-0.3038180341186028,0,0
RAREUSDT,2021-10-11T02:03:58Z,high,2021-10-11,0.0,-2.0661111111111112,same-day,0.7278865631330182,-0.1441969519343494,-0.4138335287221572,0,0
BETAUSDT,2021-10-08T06:00:28Z,high,2021-10-08,0.0,-6.007777777777778,same-day,52.82436260623229,-0.319625386996904,-0.4626377708978328,0,0
ADXUSDT,2021-10-29T03:54:19Z,medium,2021-10-29,0.0,-3.9052777777777776,same-day,1.1752056843679877,-0.3638786211639302,-0.3776325969225479,0,0
AGLDUSDT,2021-10-05T02:38:02Z,high,2021-10-05,0.0,-2.633888888888889,same-day,0.6028464927143342,-0.2505285412262157,-0.4086680761099366,0,0
CHESSUSDT,2021-10-22T02:36:39Z,high,2021-10-22,0.0,-2.6108333333333333,same-day,0.6968026460859977,-0.336582196231319,-0.2280701754385964,0,0
AUCTIONUSDT,2021-10-29T03:54:19Z,medium,2021-10-29,0.0,-3.9052777777777776,same-day,0.1048829817971686,-0.0156903765690377,-0.2003138075313808,0,0
FRONTUSDT,2021-10-04T05:02:13Z,low,2021-10-04,0.0,-5.036944444444444,same-day,0.0240174672489081,-0.0884099908620164,-0.1396588486140725,0,0
KP3RUSDT,2021-11-12T06:04:04Z,medium,2021-11-12,0.0,-6.067777777777778,same-day,0.4204698146471626,-0.1315268655614966,-0.5083357373353817,0,0
ENSUSDT,2021-11-10T03:12:09Z,high,2021-11-10,0.0,-3.2025,same-day,0.690792487402657,-0.3476022758060146,-0.4227851530750474,0,0
RNDRUSDT,2021-11-27T05:57:44Z,high,2021-11-27,0.0,-5.9622222222222225,same-day,0.2245901639344263,-0.2950468540829987,-0.309772423025435,0,0
MOVRUSDT,2021-11-08T01:59:13Z,high,2021-11-08,0.0,-1.9869444444444444,same-day,0.0204557224236148,-0.0329865516366404,-0.4770362852068003,0,0
RGTUSDT,2021-11-05T02:09:02Z,high,2021-11-05,0.0,-2.1505555555555556,same-day,-0.0897986880796199,0.044731610337972,-0.3834493041749504,0,0
PLAUSDT,2021-11-23T01:59:19Z,high,2021-11-23,0.0,-1.988611111111111,same-day,0.1225409836065574,-0.1343556042351222,-0.3895582329317268,0,0
PYRUSDT,2021-11-26T03:45:01Z,high,2021-11-26,0.0,-3.750277777777778,same-day,0.1846001974333662,-0.0247222222222222,-0.5244444444444445,0,0
QIUSDT,2021-11-15T01:58:25Z,high,2021-11-15,0.0,-1.9736111111111112,same-day,0.2185163887291548,0.1576215195847097,-0.2000943841434638,0,0
JASMYUSDT,2021-11-22T07:59:42Z,high,2021-11-22,0.0,-7.995,same-day,0.6305995864920744,-0.290363482671175,-0.6293322062552832,0,0
BNXUSDT,2021-11-04T06:55:45Z,high,2021-11-04,0.0,-6.929166666666666,same-day,0.1978122151321786,0.2640791476407913,-0.3051750380517504,0,0
VGXUSDT,2021-11-22T02:00:17Z,medium,2021-11-22,0.0,-2.004722222222222,same-day,0.3697434541126687,-0.1845916200038618,-0.427495655531956,0,0
CITYUSDT,2021-11-10T02:03:02Z,high,2021-11-10,0.0,-2.0505555555555555,same-day,0.1329639889196676,-0.1583129584352078,-0.4015892420537897,0,0
ALCXUSDT,2021-11-30T01:59:06Z,high,2021-11-30,0.0,-1.985,same-day,0.0031372549019608,-0.2629658587438102,-0.3836330466510295,0,0
POWRUSDT,2021-11-17T02:00:15Z,medium,2021-11-17,0.0,-2.004166666666667,same-day,0.3623160710873303,0.0751858605695048,-0.3791555617898723,0,0
PORTOUSDT,2021-11-16T06:00:01Z,high,2021-11-16,0.0,-6.000277777777778,same-day,7.303000000000001,-0.3315428158496929,-0.6068649885583524,0,0
AMPUSDT,2021-11-23T01:59:19Z,high,2021-11-23,0.0,-1.988611111111111,same-day,0.418291457286432,-0.1384637188208617,-0.2854308390022675,0,0
DARUSDT,2021-10-28T08:00:06Z,high,2021-11-04,7.0,159.99833333333333,2-7d,142.66391304347826,-0.4304732966736979,-0.2665429883151194,0,0
FLUXUSDT,2021-12-10T01:58:59Z,high,2021-12-10,0.0,-1.9830555555555556,same-day,0.4967213114754099,-0.1248630887185103,0.56078860898138,0,0
VOXELUSDT,2021-12-14T06:00:08Z,high,2021-12-14,0.0,-6.002222222222223,same-day,13.175,0.0352733686067019,-0.1405291005291006,0,0
BICOUSDT,2021-12-09T01:56:14Z,high,2021-12-09,0.0,-1.9372222222222222,same-day,0.0772509323388384,-0.3537751401252884,-0.419221892515661,0,0
HIGHUSDT,2021-12-17T01:56:49Z,high,2021-12-17,0.0,-1.9469444444444444,same-day,-0.2012295081967213,-0.3971267316572601,-0.5731144176500769,0,0
USTUSDT,2021-12-24T01:58:22Z,high,2021-12-24,0.0,-1.9727777777777777,same-day,0.0019,-0.0010979139634694,-0.0020960175666233,0,0
PEOPLEUSDT,2021-12-23T02:03:15Z,high,2021-12-23,0.0,-2.0541666666666667,same-day,0.2181159420289853,-0.2611540749553837,-0.7763236168947055,0,0
MCUSDT,2021-12-02T04:02:48Z,high,2021-12-02,0.0,-4.046666666666667,same-day,-0.0994208494208493,-0.4383708467309753,-0.4683815648445874,0,0
ANYUSDT,2021-12-04T02:01:36Z,high,2021-12-04,0.0,-2.026666666666667,same-day,0.2836218375499335,-0.1327800829875519,-0.116182572614108,0,0
JOEUSDT,2021-12-28T04:56:50Z,high,2021-12-28,0.0,-4.947222222222222,same-day,0.069683257918552,-0.2351945854483924,-0.5812182741116751,0,0
OOKIUSDT,2021-12-16T13:30:32Z,low,2021-12-24,8.0,178.4911111111111,>7d,1.027365491651206,-0.2127659574468083,-0.7490276824525279,0,0
SPELLUSDT,2021-12-24T01:58:22Z,high,2021-12-24,0.0,-1.9727777777777777,same-day,-0.075519728468392,0.0757228086278107,-0.6140431390546122,0,0
CVXUSDT,2021-12-23T02:03:15Z,high,2021-12-23,0.0,-2.0541666666666667,same-day,0.1552843417294209,-0.0379860642841088,-0.3928972802877051,0,0
FXSUSDT,2021-12-09T07:25:24Z,medium,2021-12-10,1.0,16.576666666666668,1d,-0.0876211782252049,-0.2145995096035963,0.8467000408663672,0,0
SANTOSUSDT,2021-11-26T13:00:03Z,high,2021-12-01,5.0,106.99916666666667,2-7d,3.1639999999999997,-0.5380403458213256,-0.6641690682036503,0,0
IMXUSDT,2022-01-10T05:56:16Z,high,2022-01-10,0.0,-5.937777777777778,same-day,0.0087976539589442,-0.0052854122621565,-0.2555496828752641,0,0
BTTCUSDT,2022-01-10T11:15:59Z,medium,2022-01-25,15.0,348.7336111111111,>7d,0.0666666666666666,0.0384615384615385,-0.1298076923076923,0,0
SCRTUSDT,2022-01-20T10:57:16Z,medium,2022-01-21,1.0,13.045555555555556,1d,-0.1444414019715225,-0.1110577692430788,-0.1028964634341494,0,0
ACAUSDT,2022-01-25T02:02:51Z,high,2022-01-25,0.0,-2.0475,same-day,0.0055,-0.2665340626553953,-0.4704127299850821,0,0
API3USDT,2022-01-21T06:28:04Z,high,2022-01-21,0.0,-6.467777777777778,same-day,0.1145584725536992,-0.1955032119914346,0.4944325481798715,0,0
ANCUSDT,2022-01-25T04:52:16Z,high,2022-01-25,0.0,-4.871111111111111,same-day,0.0445161290322579,-0.038295243977764,1.0494132180358244,0,0
GLMRUSDT,2022-01-11T06:15:20Z,high,2022-01-11,0.0,-6.2555555555555555,same-day,46.9964,-0.2307506396313057,-0.5390820978240035,0,0
ACHUSDT,2022-01-10T05:56:16Z,high,2022-01-10,0.0,-5.937777777777778,same-day,0.2557240099009901,-0.3350991745718862,-0.2855734877417766,0,0
XNOUSDT,2022-01-19T03:34:35Z,medium,2022-01-28,9.0,212.42361111111111,>7d,0.0269784172661868,-0.0253940455341505,-0.2359894921190892,0,0
LOKAUSDT,2022-01-20T06:00:02Z,high,2022-01-20,0.0,-6.000555555555556,same-day,13.906249999999998,-0.1385744234800837,-0.1925786163522012,0,0
TUSDT,2022-02-09T10:26:34Z,medium,2022-02-25,16.0,373.5572222222222,>7d,0.0702054794520548,0.2432,0.06,0,0
ASTRUSDT,2022-02-28T07:24:03Z,high,2022-02-28,0.0,-7.400833333333333,same-day,-0.0531609195402298,-0.236722306525038,0.1691957511380879,0,0
ALPINEUSDT,2022-02-21T06:00:04Z,high,2022-02-21,0.0,-6.001111111111111,same-day,4.4437,-0.3329904293035987,0.5240553300145123,0,0
WOOUSDT,2022-02-08T02:20:33Z,high,2022-02-08,0.0,-2.3425,same-day,0.1103669190448457,-0.2136113296616836,-0.3646734854445318,0,0
BSWUSDT,2022-03-21T09:36:04Z,high,2022-03-21,0.0,-9.601111111111111,same-day,1.429541595925297,-0.2435359888190077,0.4093873747961798,0,0
APEUSDT,2022-03-17T07:02:50Z,high,2022-03-17,0.0,-7.0472222222222225,same-day,7.5192,0.5146023100760635,0.369177857075782,0,0
GMTUSDT,2022-03-09T06:00:04Z,high,2022-03-09,0.0,-6.001111111111111,same-day,12.262,3.184285929724024,15.414643341879051,0,0
KDAUSDT,2022-03-11T05:17:07Z,high,2022-03-11,0.0,-5.285277777777778,same-day,0.0502334567702462,-0.034646634983903,-0.0617813889314732,0,0
NBTUSDT,,,2022-03-11,,,,0.3239999999999998,-0.291238670694864,-0.5631419939577038,0,0
MOBUSDT,2022-04-29T05:58:35Z,high,2022-04-29,0.0,-5.976388888888889,same-day,0.2495774647887325,-0.3854824165915239,-0.5527502254283139,0,0
MULTIUSDT,,,2022-04-06,,,,0.3908745247148288,-0.3291416074357572,-0.4324767632586112,0,0
NEXOUSDT,2022-04-29T05:58:35Z,high,2022-04-29,0.0,-5.976388888888889,same-day,0.0654545454545452,-0.1953924914675767,-0.4680034129692831,0,0
STEEMUSDT,2022-04-21T09:28:09Z,medium,2022-04-22,1.0,14.530833333333334,1d,-0.1377755511022044,-0.1152430757311641,-0.4541932984698819,0,0
BIFIUSDT,2022-03-31T08:46:26Z,medium,2022-04-01,1.0,15.226111111111111,1d,-0.0518235294117646,-0.149823190024195,-0.1803461753210496,0,0
EPXUSDT,2022-04-22T05:00:02Z,medium,2022-05-23,31.0,738.9994444444444,>7d,-0.159471813103098,-0.1595166163141993,-0.7021148036253777,0,0
REIUSDT,2022-04-14T13:17:24Z,low,2022-05-04,20.0,466.71,>7d,-0.1978751660026561,-0.7574503311258278,-0.6365894039735099,0,0
GALUSDT,2022-04-28T08:00:04Z,high,2022-05-05,7.0,159.9988888888889,2-7d,10.586666666666666,-0.7201956271576524,-0.746662830840046,0,0
LDOUSDT,2022-05-09T06:57:17Z,high,2022-05-09,0.0,-6.954722222222222,same-day,-0.2882562277580071,-0.284,-0.499,0,0
OPUSDT,2022-06-01T01:00:14Z,high,2022-06-01,0.0,-1.0038888888888888,same-day,-0.1444444444444443,-0.4074675324675324,-0.5698051948051948,0,0
LEVERUSDT,2022-06-27T08:00:42Z,low,2022-07-13,16.0,375.98833333333334,>7d,-0.0685595567867035,1.4579925650557617,1.3130111524163568,0,0
STGUSDT,2022-08-19T06:11:26Z,high,2022-08-19,0.0,-6.190555555555555,same-day,1.5056480380499409,0.1034523668288054,-0.3797603511685845,0,0
LUNCUSDT,2022-09-08T07:30:16Z,medium,2022-09-09,1.0,16.495555555555555,1d,-0.1699053505891441,-0.2923162842649044,-0.2875226881370131,0,0
APTUSDT,2022-10-18T01:04:00Z,high,2022-10-19,1.0,22.933333333333334,1d,6.3207,0.256041088966902,-0.3555670905787699,0,0
POLYXUSDT,2022-09-26T09:00:23Z,low,2022-10-17,21.0,494.99361111111114,>7d,0.3875677930746768,-0.4542994588093807,-0.5832832230907998,0,0
GMXUSDT,2022-10-05T06:00:29Z,high,2022-10-05,0.0,-6.008055555555556,same-day,0.2449278904913225,-0.2409189083055174,-0.1523659925387787,0,0
NEBLUSDT,2022-10-13T02:20:09Z,medium,2022-10-14,1.0,21.664166666666667,1d,0.0657439446366781,-0.2931818181818182,-0.6025974025974026,0,0
OSMOUSDT,2022-10-28T04:00:52Z,high,2022-10-28,0.0,-4.014444444444444,same-day,0.5826923076923076,-0.0078979343863911,-0.3863912515188334,0,0
PHBUSDT,2022-11-17T03:40:05Z,medium,2022-11-18,1.0,20.331944444444446,1d,0.0021913805697588,0.5872206025267248,0.2315354713313897,0,0
HFTUSDT,2022-10-31T09:30:14Z,high,2022-11-07,7.0,158.4961111111111,2-7d,5.871333333333333,-0.4207819928204133,-0.5343941010963422,0,0
HOOKUSDT,2022-12-01T06:07:22Z,high,2022-12-01,0.0,-6.122777777777777,same-day,24.466,-0.0713107672975732,-0.5301971255792037,0,0
MAGICUSDT,2022-12-12T04:10:44Z,high,2022-12-12,0.0,-4.178888888888889,same-day,1.0018319811567653,-0.2188521375343182,-0.273892012027716,0,0
PROSUSDT,2023-01-26T05:30:08Z,medium,2023-01-27,1.0,18.497777777777777,1d,-0.1218324803395332,-0.0878464818763326,-0.0606965174129352,0,0
HIFIUSDT,2022-12-20T09:06:28Z,low,2023-01-12,23.0,542.8922222222222,>7d,-0.0325466311381804,-0.0194766869958684,-0.0159354711784379,0,0
RPLUSDT,2023-01-18T04:00:06Z,high,2023-01-18,0.0,-4.001666666666667,same-day,0.2268121590023382,0.2789072426937737,0.6397712833545106,0,0
AGIXUSDT,2023-02-16T05:00:06Z,medium,2023-02-17,1.0,18.998333333333335,1d,0.0815795989106216,0.0231429552477966,0.1828316355728509,0,0
GNSUSDT,2023-02-17T07:34:20Z,high,2023-02-17,0.0,-7.572222222222222,same-day,0.70407824933687,-0.1893180270454324,-0.1348380192625741,0,0
LQTYUSDT,2023-02-28T07:15:18Z,high,2023-02-28,0.0,-7.255,same-day,1.166,-0.1052631578947368,-0.0166204986149585,0,0
SYNUSDT,2023-02-22T06:30:19Z,high,2023-02-22,0.0,-6.505277777777778,same-day,0.6667682926829268,-0.2188281202365709,-0.4732028534845436,0,0
SSVUSDT,2023-02-23T03:00:05Z,medium,2023-02-24,1.0,20.99861111111111,1d,0.0381239714755896,0.0504623513870541,-0.0015852047556143,0,0
VIBUSDT,2023-02-23T03:00:05Z,medium,2023-02-24,1.0,20.99861111111111,1d,0.1357904946653734,-0.1891545687446626,-0.2325362937660119,0,0
UFTUSDT,2023-03-16T03:00:37Z,medium,2023-03-17,1.0,20.989722222222223,1d,-0.0099287718540902,-0.0959232613908872,-0.0627861347285807,0,0
USTCUSDT,2023-03-09T03:00:04Z,medium,2023-03-10,1.0,20.99888888888889,1d,0.0115254237288136,0.0573400478226215,-0.0249800739076878,0,0
QKCUSDT,2023-03-16T03:00:37Z,medium,2023-03-17,1.0,20.989722222222223,1d,0.0166666666666668,-0.0990366739901977,-0.0280547574784519,0,0
BETHUSDT,2023-03-02T01:57:48Z,medium,2023-03-03,1.0,22.036666666666665,1d,-0.0057225806451611,-0.0936001505388902,0.152453070149825,0,0
GLMUSDT,2023-03-16T03:00:37Z,medium,2023-03-17,1.0,20.989722222222223,1d,0.0346337579617836,-0.0992689495959985,0.0,0,0
RDNTUSDT,2023-03-30T03:20:54Z,high,2023-03-30,0.0,-3.348333333333333,same-day,0.4185792349726775,-0.1471494607087827,-0.0082177709296353,0,0
LOOMUSDT,2023-03-23T03:15:11Z,medium,2023-03-24,1.0,20.746944444444445,1d,0.0437480608129072,-0.0178359096313912,-0.0865041617122474,0,0
OAXUSDT,2023-03-23T03:15:11Z,medium,2023-03-24,1.0,20.746944444444445,1d,1.4289602612955905,-0.2234424025100851,-0.3160017929179739,0,0
IDUSDT,2023-03-22T06:00:27Z,high,2023-03-22,0.0,-6.0075,same-day,15.259999999999998,0.1459778597785979,0.825338253382534,0,0
PROMUSDT,2023-03-16T03:00:37Z,medium,2023-03-17,1.0,20.989722222222223,1d,-0.1287425149700598,-0.1701030927835052,-0.1185567010309278,0,0
ARBUSDT,2023-03-20T10:02:41Z,high,2023-03-23,3.0,61.95527777777778,2-7d,1.6434000000000002,0.0438072179768478,0.1085722932586819,0,0
GASUSDT,2023-03-16T03:00:37Z,medium,2023-03-17,1.0,20.989722222222223,1d,0.0441666666666666,-0.0720936419260441,-0.0625166267624367,0,0
AMBUSDT,2023-03-02T01:57:48Z,medium,2023-03-03,1.0,22.036666666666665,1d,-0.1078189300411521,-0.2850553505535056,-0.3653136531365314,0,0
EDUUSDT,2023-04-28T06:00:42Z,high,2023-04-28,0.0,-6.011666666666667,same-day,26.447799999999997,-0.1361129125102923,0.0317912546725056,0,0
WBTCUSDT,2023-04-27T03:00:08Z,medium,2023-04-28,1.0,20.997777777777777,1d,-0.0012046899697926,0.0059871891087361,-0.0465907162693967,0,0
PEPEUSDT,2023-05-05T11:20:04Z,high,2023-05-05,0.0,-11.334444444444445,same-day,0.8934010152284262,-0.5308310991957104,-0.6702412868632708,0,0
ASTUSDT,2023-05-18T03:35:03Z,medium,2023-05-19,1.0,20.41583333333333,1d,0.8363463368220743,-0.3310880829015544,-0.472538860103627,0,0
SNTUSDT,2023-05-18T03:35:03Z,medium,2023-05-19,1.0,20.41583333333333,1d,-0.0044070512820512,-0.0712273641851106,-0.1927565392354124,0,0
FLOKIUSDT,2023-05-05T11:20:04Z,high,2023-05-05,0.0,-11.334444444444445,same-day,0.4814241486068111,-0.2405433646812956,-0.3442006269592476,0,0
AERGOUSDT,2023-05-04T03:00:05Z,medium,2023-05-05,1.0,20.99861111111111,1d,0.0373312152501983,-0.1554364471669218,-0.1424196018376722,0,0
SUIUSDT,2023-04-30T16:00:31Z,high,2023-05-03,3.0,55.99138888888889,2-7d,13.015999999999998,-0.1590325342465752,-0.3283390410958904,0,0
MAVUSDT,2023-06-13T11:55:00Z,high,2023-06-28,15.0,348.0833333333333,>7d,9.456,-0.1998852333588371,-0.4164116296863046,0,0
COMBOUSDT,2023-05-18T04:55:26Z,low,2023-06-02,15.0,355.0761111111111,>7d,0.0462427745664739,-0.3718232044198895,-0.5276243093922652,0,0
FDUSDUSDT,2023-07-26T04:00:03Z,high,2023-07-26,0.0,-4.0008333333333335,same-day,0.0007999999999999,-0.0002997601918465,-0.0002997601918465,0,0
ARKMUSDT,2023-07-18T07:00:09Z,high,2023-07-18,0.0,-7.0025,same-day,12.158,-0.2191822465420276,-0.4389724882200942,0,0
WBETHUSDT,2023-07-18T04:00:08Z,medium,2023-07-19,1.0,19.997777777777777,1d,-0.0035595745236913,-0.008634346443971,-0.1142818175141894,0,0
WLDUSDT,2023-07-24T07:02:11Z,high,2023-07-24,0.0,-7.036388888888889,same-day,13.406666666666668,0.0717260527533547,-0.3489125404905137,0,0
PENDLEUSDT,2023-07-03T06:22:15Z,high,2023-07-03,0.0,-6.370833333333334,same-day,0.0954335556695742,-0.0502341920374707,-0.1662763466042155,0,0
CYBERUSDT,2023-08-01T07:03:55Z,high,2023-08-15,14.0,328.9347222222222,>7d,2.254861111111111,-0.0797951781523363,0.0797951781523362,0,0
SEIUSDT,2023-08-01T07:03:24Z,high,2023-08-15,14.0,328.9433333333333,>7d,1.7953125,-0.1375069871436557,-0.339854667411962,0,0
IQUSDT,2023-09-21T04:30:06Z,medium,2023-09-22,1.0,19.498333333333335,1d,0.0152963671128105,-0.0734463276836158,-0.0772128060263652,0,0
CREAMUSDT,2023-09-21T04:30:06Z,medium,2023-09-22,1.0,19.498333333333335,1d,-0.0017406440382941,0.6033129904097645,0.4036617262423714,0,0
ARKUSDT,2023-09-21T04:30:06Z,medium,2023-09-22,1.0,19.498333333333335,1d,0.2945654472404313,-0.1341065011434171,-0.2606991179353152,0,0
GFTUSDT,2023-09-21T04:30:06Z,medium,2023-09-22,1.0,19.498333333333335,1d,0.0425373134328357,1.0307802433786684,0.2705798138869004,0,0
TIAUSDT,2023-10-30T13:18:52Z,high,2023-10-31,1.0,10.685555555555556,1d,-0.208202989224887,0.0258121158911326,1.8063213345039508,0,0
NTRNUSDT,2023-10-10T07:45:17Z,high,2023-10-10,0.0,-7.754722222222222,same-day,0.3357791754018167,-0.2500653936698926,-0.2210306042375097,0,0
BEAMXUSDT,2023-10-25T05:05:42Z,low,2023-11-14,20.0,474.905,>7d,0.5256120139888911,0.0307443365695792,2.2286947141316076,0,0
PIVXUSDT,2023-11-15T08:10:09Z,medium,2023-11-16,1.0,15.830833333333333,1d,0.3116430397397165,-0.3304394046775336,-0.403082919914954,0,0
MEMEUSDT,2023-10-27T14:09:09Z,high,2023-11-03,7.0,153.8475,2-7d,25.208,-0.1979166666666665,0.1552579365079365,0,0
VICUSDT,2023-11-06T09:30:37Z,low,2023-11-24,18.0,422.4897222222222,>7d,-0.0794701986754967,-0.1278976818545163,-0.30775379696243,0,0
BLURUSDT,2023-11-24T06:09:47Z,high,2023-11-24,0.0,-6.163055555555555,same-day,0.5942955495451192,-0.2208513263417643,-0.19694632942628,0,0
ORDIUSDT,2023-11-07T06:44:13Z,high,2023-11-07,0.0,-6.736944444444444,same-day,1.303471634208298,0.6154242023231877,2.726437288634024,0,0
NFPUSDT,2023-12-19T10:37:39Z,high,2023-12-27,8.0,181.3725,>7d,56.6805,-0.4368720798190029,-0.539567098066071,0,0
JTOUSDT,2023-12-07T11:55:38Z,high,2023-12-07,0.0,-11.927222222222222,same-day,14.957333333333334,0.4435160427807485,-0.2733121657754011,0,0
ACEUSDT,2023-12-11T12:05:11Z,high,2023-12-18,7.0,155.91361111111112,2-7d,37.857462895547464,-0.0122369558950705,-0.3567454597866819,0,0
BONKUSDT,2023-12-15T03:58:33Z,high,2023-12-15,0.0,-3.9758333333333336,same-day,0.2156762295081968,-0.1849978929624947,-0.4003371260008429,0,0
VANRYUSDT,2023-11-17T03:30:36Z,low,2023-12-01,14.0,332.49,>7d,0.2543940795559667,-0.0781710914454276,-0.2162241887905605,0,0
1000SATSUSDT,2023-12-12T06:09:30Z,high,2023-12-12,0.0,-6.158333333333333,same-day,1.2689144736842102,0.2582457412105836,0.1330192098586444,0,0
AEURUSDT,2023-12-04T04:14:11Z,high,2023-12-04,0.0,-4.2363888888888885,same-day,-0.0038620689655172,0.0021231422505307,0.0064617372842241,0,0
ALTUSDT,2024-01-17T11:36:50Z,high,2024-01-25,8.0,180.38611111111112,>7d,52.778333333333336,0.0687389593082714,0.568475532277559,0,0
AIUSDT,2023-12-26T10:03:58Z,high,2024-01-04,9.0,205.9338888888889,>7d,40.33133333333333,-0.1032146716776618,-0.058454441343936,0,0
JUPUSDT,2024-01-31T07:06:53Z,high,2024-01-31,0.0,-7.114722222222222,same-day,21.056666666666665,-0.1620069517908416,-0.0707269155206286,0,0
XAIUSDT,2024-01-03T09:36:04Z,high,2024-01-09,6.0,134.39888888888888,2-7d,29.049999999999997,0.6958402662229619,0.3782029950083196,0,0
MANTAUSDT,2024-01-15T12:24:45Z,high,2024-01-18,3.0,59.5875,2-7d,42.417,0.3713476288089916,0.3405209940806597,0,0
STRKUSDT,2024-02-20T02:25:22Z,high,2024-02-20,0.0,-2.4227777777777777,same-day,8.825,-0.0264631043256997,0.0631043256997454,0,0
PYTHUSDT,2024-02-02T07:50:07Z,high,2024-02-02,0.0,-7.835277777777778,same-day,0.2964959568733154,0.0575883575883577,0.4141372141372141,0,0
PORTALUSDT,2024-02-21T07:50:13Z,high,2024-02-29,8.0,184.16305555555556,>7d,46.96,-0.0348623853211009,-0.1927022518765638,0,0
RONINUSDT,2024-02-05T09:11:28Z,high,2024-02-05,0.0,-9.19111111111111,same-day,0.1432181971356358,0.0283714075165806,0.0729550478997789,0,0
PIXELUSDT,2024-02-08T02:35:53Z,high,2024-02-19,11.0,261.40194444444444,>7d,12.6875,0.04,0.3523287671232875,0,0
DYMUSDT,2024-02-06T09:26:57Z,high,2024-02-06,0.0,-9.449166666666667,same-day,23.62,0.4244516653127537,0.3937855402112105,0,0
WIFUSDT,2024-03-05T10:01:37Z,high,2024-03-05,0.0,-10.026944444444444,same-day,0.3008745375042043,0.3987718164188751,1.2915319974143502,0,0
BOMEUSDT,2024-03-16T09:30:06Z,high,2024-03-16,0.0,-9.501666666666667,same-day,1.8393881453154872,-0.3312650312650312,-0.5953823953823953,0,0
METISUSDT,2024-03-11T07:59:30Z,high,2024-03-11,0.0,-7.991666666666666,same-day,0.5296135376171967,-0.2915981462101958,-0.3209747346389594,0,0
ETHFIUSDT,2024-03-12T14:30:01Z,high,2024-03-18,6.0,129.49972222222223,2-7d,12.565217391304348,0.4288461538461539,0.1339743589743589,0,0
AEVOUSDT,2024-03-06T10:25:55Z,high,2024-03-13,7.0,157.56805555555556,2-7d,2.25,-0.2030769230769231,-0.4153846153846154,0,0
AXLUSDT,2024-03-01T07:18:57Z,high,2024-03-01,0.0,-7.315833333333333,same-day,0.6351586446856101,0.078782044786706,0.0455973249569359,0,0
PDAUSDT,2024-02-22T05:40:34Z,low,2024-03-01,8.0,186.3238888888889,>7d,0.3429910524073285,-0.1275380710659897,-0.5491751269035532,0,0
ENAUSDT,2024-03-29T04:26:14Z,high,2024-04-02,4.0,91.56277777777778,2-7d,1.5833333333333337,0.6012903225806452,0.0296774193548388,0,0
REZUSDT,2024-04-23T10:22:03Z,high,2024-04-30,7.0,157.6325,2-7d,15.0,-0.0743749999999999,-0.145,0,0
TAOUSDT,2024-04-11T06:43:58Z,high,2024-04-11,0.0,-6.732777777777778,same-day,0.4174624829467939,-0.2521655437921077,-0.3989412897016362,0,0
WUSDT,2024-04-02T10:39:26Z,high,2024-04-03,1.0,13.342777777777778,1d,25.2,-0.3603053435114504,-0.4366412213740458,0,0
SAGAUSDT,2024-04-04T02:32:24Z,high,2024-04-09,5.0,117.46,2-7d,162.90499999999997,-0.3871449925261584,-0.5553216802416033,0,0
TNSRUSDT,2024-04-08T11:44:17Z,high,2024-04-08,0.0,-11.738055555555556,same-day,54.193333333333335,-0.4596569634013769,-0.5307404275878729,0,0
OMNIUSDT,2024-04-12T05:52:44Z,high,2024-04-17,5.0,114.1211111111111,2-7d,26.14,-0.2085482682387619,-0.4421518054532055,0,0
NOTUSDT,2024-05-09T15:25:00Z,high,2024-05-16,7.0,152.58333333333334,2-7d,8.78048780487805,-0.3588397427483922,1.762829767686048,0,0
BBUSDT,2024-04-25T08:30:31Z,high,2024-05-13,18.0,423.4913888888889,>7d,17.886554621848738,-0.2024471635150166,0.1815350389321468,0,0
ZKUSDT,2024-06-17T02:00:10Z,high,2024-06-17,0.0,-2.0027777777777778,same-day,1.2421052631578946,-0.2037558685446009,-0.2173708920187793,0,0
ZROUSDT,2024-06-20T06:19:30Z,high,2024-06-20,0.0,-6.325,same-day,2.432,-0.2575757575757575,0.5422494172494172,0,0
LISTAUSDT,2024-05-28T10:02:49Z,high,2024-06-20,23.0,541.9530555555556,>7d,32.645,0.063902511517313,-0.11428146827166,0,0
IOUSDT,2024-06-06T04:36:06Z,high,2024-06-11,5.0,115.39833333333333,2-7d,68.48333333333333,-0.0853921803789876,-0.4137682897577356,0,0
BANANAUSDT,2024-07-18T16:46:00Z,high,2024-07-20,2.0,31.233333333333334,2-7d,0.60425,-0.0571918341904317,-0.2050802555711391,0,0
GUSDT,2024-07-05T02:02:14Z,low,2024-07-19,14.0,333.9627777777778,>7d,0.5138069388718434,-0.157623947614593,-0.3475210477081385,0,0
RENDERUSDT,2024-07-10T06:32:22Z,low,2024-07-26,16.0,377.4605555555556,>7d,-0.0359886201991465,-0.2715065663272834,-0.0683193153312675,0,0
DOGSUSDT,2024-08-20T16:42:01Z,high,2024-08-26,6.0,127.29972222222223,2-7d,1.239090575724239,-0.0510153946937438,-0.3211595152309204,0,0
TONUSDT,2024-08-08T05:39:28Z,high,2024-08-08,0.0,-5.657777777777778,same-day,0.4287683823529411,0.060952074622065,-0.2489546477967191,0,0
EURIUSDT,2024-08-26T07:00:03Z,high,2024-08-28,2.0,40.99916666666667,2-7d,-0.0083035714285715,-0.0030611326190691,0.0043215989916267,0,0
SLFUSDT,2024-08-19T11:08:15Z,low,2024-08-30,11.0,252.8625,>7d,-0.1985227272727272,-0.3619736282433007,-0.3258188005104211,0,0
CATIUSDT,2024-09-13T12:32:48Z,high,2024-09-20,7.0,155.45333333333335,2-7d,10.39,-0.2208077260755049,-0.5041703248463565,0,0
1MBABYDOGEUSDT,2024-09-16T05:45:02Z,high,2024-09-16,0.0,-5.750555555555556,same-day,1.1478630514705883,0.1007221182134259,0.5094945172506016,0,0
HMSTRUSDT,2024-09-12T15:01:39Z,high,2024-09-26,14.0,320.9725,>7d,5.49,-0.287211093990755,-0.567180277349769,0,0
TURBOUSDT,2024-09-16T05:45:02Z,high,2024-09-16,0.0,-5.750555555555556,same-day,0.5119398102715083,0.3641280830809172,1.2838598009519684,0,0
POLUSDT,2024-08-28T09:03:16Z,low,2024-09-13,16.0,374.94555555555553,>7d,0.0827622561939904,-0.0228821811100292,-0.1083252190847127,0,0
NEIROUSDT,2024-09-16T05:45:02Z,high,2024-09-16,0.0,-5.750555555555556,same-day,10.542334830019245,2.5058212231515187,4.4575009030537105,0,0
KAIAUSDT,2024-10-16T08:01:24Z,low,2024-10-31,15.0,351.9766666666667,>7d,0.1362549800796813,-0.1367461430575035,0.4481065918653575,0,0
LUMIAUSDT,2024-09-30T06:01:17Z,low,2024-10-18,18.0,425.9786111111111,>7d,0.409306742640076,-0.3369272237196765,-0.311320754716981,0,0
SCRUSDT,2024-10-08T08:15:33Z,high,2024-10-11,3.0,63.740833333333335,2-7d,1.8249999999999995,0.1097345132743363,-0.2840707964601768,0,0
BNSOLUSDT,2024-10-09T07:00:13Z,high,2024-10-17,8.0,184.9963888888889,>7d,-0.0238555770470663,0.1789960369881109,0.4418758256274768,0,0
EIGENUSDT,2024-09-30T08:19:57Z,high,2024-10-01,1.0,15.6675,1d,12.376666666666669,-0.0720159481684524,-0.3169698479940194,0,0
USUALUSDT,2024-11-14T07:32:09Z,high,2024-11-19,5.0,112.46416666666667,2-7d,21.816,-0.1363955119214587,4.05750350631136,0,0
COWUSDT,2024-11-06T05:10:07Z,high,2024-11-06,0.0,-5.168611111111111,same-day,1.0963855421686746,-0.288888888888889,-0.0229885057471264,0,0
ACTUSDT,2024-11-11T05:39:29Z,high,2024-11-11,0.0,-5.658055555555555,same-day,21.790816326530617,0.3483322140138796,0.2216252518468771,0,0
CETUSUSDT,2024-11-06T05:10:07Z,high,2024-11-06,0.0,-5.168611111111111,same-day,0.5706036745406826,0.2112299465240641,0.4712566844919783,0,0
PNUTUSDT,2024-11-11T05:39:29Z,high,2024-11-11,0.0,-5.658055555555555,same-day,2.732569245463228,3.091351074718526,2.3178096212896624,0,0
THEUSDT,2024-11-26T07:57:32Z,high,2024-11-27,1.0,16.04111111111111,1d,17.191438763376933,-0.219001241911236,-0.544414667625335,0,0
PENGUUSDT,2024-12-16T12:36:45Z,high,2024-12-17,1.0,11.3875,1d,7.488888888888889,0.2521465968586389,0.1408726003490401,0,0
VELODROMEUSDT,2024-12-13T08:07:57Z,high,2024-12-13,0.0,-8.1325,same-day,0.8429919137466308,-0.2691042047531993,-0.5228519195612431,0,0
ORCAUSDT,2024-12-06T08:34:18Z,high,2024-12-06,0.0,-8.571666666666667,same-day,0.8466209081309399,-0.2683345246604717,-0.4100071479628306,0,0
ACXUSDT,2024-12-06T08:34:18Z,high,2024-12-06,0.0,-8.571666666666667,same-day,0.8950865535932859,-0.2539213877099097,-0.428769145598819,0,0
1000CATUSDT,2024-12-16T12:36:45Z,high,2024-12-17,1.0,11.3875,1d,0.165900969882593,-0.0873467600700526,-0.4080560420315235,0,0
VANAUSDT,2024-12-13T08:59:48Z,high,2024-12-16,3.0,63.00333333333333,2-7d,33.401,-0.5046364931251999,-0.6253015900700561,0,0
MOVEUSDT,2024-12-09T08:29:16Z,high,2024-12-09,0.0,-8.487777777777778,same-day,35.74,-0.1544637996733805,0.2276810016330974,0,0
MEUSDT,2024-12-10T07:22:20Z,high,2024-12-10,0.0,-7.372222222222222,same-day,17.903333333333336,-0.4642920119908306,-0.527420208076177,0,0
COOKIEUSDT,2025-01-10T08:55:27Z,high,2025-01-10,0.0,-8.924166666666666,same-day,0.2722295225580375,-0.1494233086589774,-0.7214666896195558,0,0
ANIMEUSDT,2025-01-22T10:02:43Z,high,2025-01-23,1.0,13.954722222222221,1d,0.4783333333333335,-0.4825253664036076,-0.7091319052987599,0,0
BIOUSDT,2024-12-23T10:19:12Z,high,2025-01-03,11.0,253.68,>7d,26.14666666666667,-0.431114931237721,-0.8031679764243616,0,0
CGPTUSDT,2025-01-10T08:55:27Z,high,2025-01-10,0.0,-8.924166666666666,same-day,0.7679661813057774,-0.0411795961742826,-0.6057385759829967,0,0
SOLVUSDT,2025-01-06T07:34:58Z,high,2025-01-17,11.0,256.4172222222222,>7d,3.1870967741935488,-0.5238828967642527,-0.736517719568567,0,0
SUSDT,2024-12-24T07:03:18Z,low,2025-01-16,23.0,544.945,>7d,0.117815270231627,-0.2579943719621388,-0.3408800204655923,0,0
AIXBTUSDT,2025-01-10T08:55:27Z,high,2025-01-10,0.0,-8.924166666666666,same-day,0.2869498855253116,0.5214469262700139,-0.5497133820913225,0,0
TRUMPUSDT,2025-01-19T04:05:42Z,high,2025-01-19,0.0,-4.095,same-day,0.7064220183486238,-0.4111827956989248,-0.6477419354838709,0,0
DUSDT,2024-12-19T03:01:41Z,low,2025-01-09,21.0,500.97194444444443,>7d,-0.163864191274704,-0.2657851239669422,-0.5323415977961432,0,0
KAITOUSDT,2025-02-19T10:31:06Z,high,2025-02-20,1.0,13.481666666666667,1d,15.445999999999998,0.3065791073817341,-0.1929952572053995,0,0
LAYERUSDT,2025-02-11T06:43:29Z,high,2025-02-11,0.0,-6.724722222222222,same-day,4.271999999999999,-0.4088581183611532,0.1428300455235205,0,0
1000CHEEMSUSDT,2025-02-09T07:10:31Z,high,2025-02-09,0.0,-7.175277777777778,same-day,-0.1348837209302326,0.310483870967742,0.2661290322580645,0,0
REDUSDT,2025-02-25T09:11:14Z,high,2025-02-28,3.0,62.812777777777775,2-7d,1.0,0.6089999999999998,0.3139999999999998,0,0
BERAUSDT,2025-02-05T12:19:06Z,high,2025-02-06,1.0,11.681666666666667,1d,7.717,-0.357806584834232,-0.2233566594011702,0,0
TSTUSDT,2025-02-09T07:10:31Z,high,2025-02-09,0.0,-7.175277777777778,same-day,0.6151079136690647,-0.5630289532293986,-0.735412026726058,0,0
HEIUSDT,2025-01-22T09:01:01Z,low,2025-02-13,22.0,518.9830555555556,>7d,0.0623149394347239,-0.2310908399847966,-0.3185100722158874,0,0
SHELLUSDT,2025-02-27T05:15:20Z,high,2025-02-27,0.0,-5.2555555555555555,same-day,0.4887948207171313,-0.4964040809499916,-0.6397390868038133,0,0
MUBARAKUSDT,2025-03-27T17:27:12Z,high,2025-03-27,0.0,-17.453333333333333,same-day,-0.0074766355140186,-0.6459510357815442,-0.655367231638418,0,0
XUSDUSDT,2025-03-17T07:00:03Z,high,2025-03-19,2.0,40.99916666666667,2-7d,-0.0002999999999999,0.0001000300090026,0.0005001500450134,0,0
EPICUSDT,2025-02-28T04:01:59Z,low,2025-03-13,13.0,307.96694444444444,>7d,-0.2652313330279431,-0.1913965087281796,-0.1396508728179551,0,0
GPSUSDT,2025-03-04T05:18:51Z,high,2025-03-04,0.0,-5.314166666666667,same-day,-0.3511450381679389,-0.4588235294117647,-0.6632352941176471,0,0
FORMUSDT,2025-02-26T02:00:50Z,low,2025-03-19,21.0,501.9861111111111,>7d,-0.0218867500982098,0.3087956853519995,0.1902576166159848,0,0
BMTUSDT,2025-03-18T09:52:05Z,high,2025-03-18,0.0,-9.868055555555555,same-day,0.8275154004106777,-0.4295880149812735,-0.7161048689138576,0,0
TUTUSDT,2025-03-27T17:27:12Z,high,2025-03-27,0.0,-17.453333333333333,same-day,2.788263283108644,-0.5352731840066988,-0.4121833786895541,0,0
GUNUSDT,2025-03-27T13:29:21Z,high,2025-03-31,4.0,82.51083333333334,2-7d,1.584,-0.3116615067079464,-0.173890608875129,0,0
BANANAS31USDT,2025-03-27T17:27:12Z,high,2025-03-27,0.0,-17.453333333333333,same-day,0.2399924471299093,-0.1434444952032891,-0.2801888229023906,0,0
NILUSDT,2025-03-20T10:14:39Z,high,2025-03-24,4.0,85.75583333333333,2-7d,0.8174999999999999,-0.3094910591471802,-0.46767537826685,0,0
PARTIUSDT,2025-03-24T15:56:48Z,high,2025-03-25,1.0,8.053333333333333,1d,12.12,-0.351219512195122,-0.4640243902439024,0,0
BROCCOLI714USDT,2025-03-27T17:27:12Z,high,2025-03-27,0.0,-17.453333333333333,same-day,0.756234096692112,-0.5824398725007245,-0.4675456389452332,0,0
INITUSDT,2025-04-17T08:59:59Z,high,2025-04-24,7.0,159.00027777777777,2-7d,2.774,-0.0944621091679915,0.3125331213566507,0,0
HYPERUSDT,2025-04-21T15:11:51Z,high,2025-04-22,1.0,8.8025,1d,2.013333333333333,-0.2776548672566372,-0.3886430678466076,0,0
WCTUSDT,2025-04-10T10:15:06Z,high,2025-04-15,5.0,109.74833333333333,2-7d,0.4255,0.4647492108032269,0.7741143458435635,0,0
SIGNUSDT,2025-04-25T09:35:15Z,high,2025-04-28,3.0,62.4125,2-7d,1.6943333333333332,-0.020908078683657,-0.0155882716813063,0,0
KERNELUSDT,2025-04-08T03:05:27Z,high,2025-04-14,6.0,140.90916666666666,2-7d,2.259,-0.4136238109849648,-0.4743786437557533,0,0
BABYUSDT,2025-04-09T08:42:17Z,high,2025-04-10,1.0,15.295277777777779,1d,1.8336666666666668,-0.1246912127984942,0.1337489707093282,0,0
BIGTIMEUSDT,2025-04-11T10:08:34Z,high,2025-04-11,0.0,-10.142777777777777,same-day,0.1689720213769256,-0.0496167809600645,0.1107973645287077,0,0
ONDOUSDT,2025-04-11T10:08:34Z,high,2025-04-11,0.0,-10.142777777777777,same-day,0.2667233560090702,-0.0704855672409935,0.1624524502125754,0,0
VIRTUALUSDT,2025-04-11T10:08:34Z,high,2025-04-11,0.0,-10.142777777777777,same-day,0.2574422481543226,0.1115530303030301,2.687878787878788,0,0
USD1USDT,2025-05-22T03:30:01Z,high,2025-05-22,0.0,-3.500277777777778,same-day,-9.9999999999989e-05,0.0,-0.0004000400040004,0,0
AUSDT,2025-05-14T09:01:03Z,low,2025-05-28,14.0,326.9825,>7d,-0.0265418643415823,-0.1803213909378292,-0.3493150684931506,0,0
KMNOUSDT,2025-05-06T11:25:20Z,high,2025-05-06,0.0,-11.422222222222222,same-day,0.274592731829574,-0.0974560648887795,-0.3539387980828314,0,0
HAEDALUSDT,2025-05-21T10:04:15Z,high,2025-05-21,0.0,-10.070833333333333,same-day,0.7235693501454898,-0.1429375351716376,-0.3016319639842431,0,0
AWEUSDT,2025-05-07T06:00:47Z,low,2025-05-21,14.0,329.9869444444444,>7d,-0.036495313831298,-0.0666175386882829,-0.2144436256448046,0,0
NXPCUSDT,2025-05-15T04:36:30Z,high,2025-05-15,0.0,-4.608333333333333,same-day,25.25,-0.275352380952381,-0.5250285714285714,0,0
SYRUPUSDT,2025-05-06T11:25:20Z,high,2025-05-06,0.0,-11.422222222222222,same-day,0.5328212290502794,0.2400911161731207,0.612756264236902,0,0
HUMAUSDT,2025-05-22T10:46:16Z,high,2025-05-26,4.0,85.22888888888889,2-7d,5.6930000000000005,-0.4147616913192887,-0.522486179590617,0,0
STOUSDT,2025-05-02T10:21:22Z,high,2025-05-02,0.0,-10.356111111111112,same-day,1.0502092050209204,-0.2704081632653062,-0.4846938775510204,0,0
SXTUSDT,2025-05-05T14:14:13Z,high,2025-05-08,3.0,57.76305555555555,2-7d,1.4233333333333331,-0.1045392022008252,-0.3163686382393397,0,0
SOPHUSDT,2025-05-28T07:16:56Z,high,2025-05-28,0.0,-7.282222222222222,same-day,1.217,-0.1665914900015035,-0.5092467298150654,0,0
NEWTUSDT,2025-06-23T14:08:19Z,high,2025-06-24,1.0,9.86138888888889,1d,0.7836666666666667,-0.3345169127265931,0.0790506447393011,0,0
HOMEUSDT,2025-06-12T11:04:44Z,high,2025-06-12,0.0,-11.078888888888889,same-day,0.0695206732528357,-0.2969551830311324,-0.2045843311666096,0,0
RESOLVUSDT,2025-06-11T10:24:40Z,high,2025-06-11,0.0,-10.411111111111111,same-day,0.1383543463835435,-0.3628679685222967,-0.4610900612066453,0,0
SAHARAUSDT,2025-06-24T14:29:12Z,high,2025-06-26,2.0,33.513333333333335,2-7d,3.7505,-0.1344069045363646,0.0133670139985264,0,0
SPKUSDT,2025-06-16T11:33:20Z,high,2025-06-17,1.0,12.444444444444445,1d,4.7645,-0.2890970595888629,-0.4259692948217538,0,0
A2ZUSDT,2025-07-10T09:02:10Z,low,2025-07-30,20.0,470.9638888888889,>7d,-0.2237671786580437,0.0520724848989795,0.18162882732764,0,0
LAUSDT,2025-07-09T09:58:15Z,high,2025-07-09,0.0,-9.970833333333333,same-day,0.28725,-0.3080209749465916,-0.3707516022528646,0,0
ERAUSDT,2025-07-16T08:58:10Z,high,2025-07-17,1.0,15.030555555555555,1d,7.5275,-0.1435942538844914,-0.4395192025798886,0,0
TREEUSDT,2025-07-28T13:30:11Z,high,2025-07-29,1.0,10.496944444444445,1d,1.239666666666667,-0.3644887632088108,-0.4152403631492781,0,0
CUSDT,2025-07-18T07:47:32Z,high,2025-07-18,0.0,-7.792222222222223,same-day,1.026797385620915,0.0638503708481137,-0.27378265075782,0,0
TOWNSUSDT,2025-08-04T09:12:55Z,high,2025-08-05,1.0,14.784722222222221,1d,0.6365853658536584,-0.1927471435668156,-0.4282165921510183,0,0
PROVEUSDT,2025-08-05T01:59:17Z,high,2025-08-05,0.0,-1.9880555555555555,same-day,2.3083333333333336,0.5439798488664986,-0.1230226700251889,0,0
PLUMEUSDT,2025-08-18T09:36:06Z,high,2025-08-18,0.0,-9.601666666666667,same-day,0.2775000000000001,-0.0938247445096761,0.326701456838443,0,0
DOLOUSDT,2025-08-27T10:43:22Z,high,2025-08-27,0.0,-10.722777777777777,same-day,0.102,-0.1220508166969147,-0.5086206896551725,0,0
MITOUSDT,2025-08-29T09:15:57Z,high,2025-08-29,0.0,-9.265833333333333,same-day,0.3166666666666666,-0.1419529837251356,-0.3132911392405063,0,0
BFUSDUSDT,2025-08-13T03:00:00Z,high,2025-08-13,0.0,-3.0,same-day,-0.0008,0.0,0.0006004803843076,0,0
XPLUSDT,2025-09-24T08:00:04Z,high,2025-09-25,1.0,15.998888888888889,1d,11.773,-0.2693180928521099,-0.6928677679480153,0,0
USDEUSDT,2025-09-09T07:00:01Z,high,2025-09-09,0.0,-7.000277777777778,same-day,0.0007999999999999,0.0,-0.0007993605115906,0,0
WLFIUSDT,2025-09-01T01:49:05Z,high,2025-09-01,0.0,-1.8180555555555555,same-day,0.1674999999999999,-0.09593147751606,-0.1194860813704496,0,0
ZKCUSDT,2025-09-12T09:57:33Z,high,2025-09-15,3.0,62.04083333333333,2-7d,2.2393103448275866,-0.2913561847988077,-0.8055141579731744,0,0
OPENUSDT,2025-09-05T07:18:31Z,high,2025-09-08,3.0,64.6913888888889,2-7d,6.1735,-0.398410817592528,-0.5463860040426569,0,0
PUMPUSDT,2025-09-11T11:37:53Z,high,2025-09-11,0.0,-11.631388888888889,same-day,0.3089737894269213,0.326828440522654,-0.3619548617003224,0,0
BARDUSDT,2025-09-17T09:57:50Z,high,2025-09-18,1.0,14.036111111111111,1d,1.6472499999999997,0.1172915289451317,-0.4110869770516573,0,0
AVNTUSDT,2025-09-15T03:47:01Z,high,2025-09-15,0.0,-3.783611111111111,same-day,0.53679012345679,0.6569730077120826,-0.5257872750642673,0,0
MIRAUSDT,2025-09-25T10:00:03Z,high,2025-09-26,1.0,13.999166666666667,1d,4.7924,-0.5464401629721704,-0.7613424487259167,0,0
HEMIUSDT,2025-09-23T05:09:17Z,high,2025-09-23,0.0,-5.154722222222222,same-day,-0.8014367816091954,-0.3191027496382054,-0.565123010130246,0,0
HOLOUSDT,2025-09-10T05:11:59Z,high,2025-09-11,1.0,18.80027777777778,1d,4.286363636363637,-0.1689595872742906,-0.7224849527085124,0,0
FFUSDT,2025-09-26T07:52:42Z,high,2025-09-29,3.0,64.12166666666667,2-7d,4.634599999999999,-0.3349306073190643,-0.4610087672594327,0,0
LINEAUSDT,2025-09-08T14:26:09Z,high,2025-09-10,2.0,33.564166666666665,2-7d,3.638,0.1090987494609745,-0.236308753773178,0,0
EDENUSDT,2025-09-29T08:30:37Z,high,2025-09-30,1.0,15.489722222222222,1d,1.6700000000000004,-0.1770287141073658,-0.6764044943820224,0,0
SKYUSDT,2025-07-18T09:01:05Z,low,2025-09-17,61.0,1454.9819444444445,>7d,0.017200317544324,-0.1303329864724245,-0.2347814776274713,0,0
SOMIUSDT,2025-09-01T08:59:32Z,high,2025-09-02,1.0,15.007777777777777,1d,0.6390000000000002,1.3361805979255643,0.6432784218019119,0,0
0GUSDT,2025-09-21T08:58:17Z,high,2025-09-22,1.0,15.028611111111111,1d,3.839,-0.4038024385203556,-0.6276090101260592,0,0
MORPHOUSDT,2025-10-03T09:51:47Z,high,2025-10-03,0.0,-9.863055555555556,same-day,0.2083870967741934,-0.2733582487987186,0.1089161772557394,0,0
WALUSDT,2025-10-10T02:21:21Z,high,2025-10-10,0.0,-2.3558333333333334,same-day,-0.1482142857142858,-0.1371069182389936,-0.0679245283018867,0,0
ASTERUSDT,2025-10-06T07:48:49Z,high,2025-10-06,0.0,-7.813611111111111,same-day,0.3753333333333335,-0.2966553562772661,-0.4808531265147844,0,0
NOMUSDT,2025-09-10T03:01:01Z,low,2025-10-01,21.0,500.98305555555555,>7d,-0.2270970235794357,-0.2350587646911728,-0.5358839709927481,0,0
FUSDT,2025-10-25T03:07:19Z,low,2025-10-25,0.0,-3.1219444444444444,same-day,0.0471428571428569,-0.3265120509322419,-0.5952705775352433,0,0
TURTLEUSDT,2025-10-21T07:56:49Z,high,2025-10-22,1.0,16.053055555555556,1d,0.1426666666666667,-0.2100350058343058,-0.543757292882147,0,0
ENSOUSDT,2025-10-14T02:58:32Z,high,2025-10-14,0.0,-2.9755555555555557,same-day,0.0449999999999999,-0.4918660287081339,-0.696012759170654,0,0
2ZUSDT,2025-10-02T03:18:25Z,high,2025-10-02,0.0,-3.3069444444444445,same-day,10.96,-0.3944983277591972,-0.6964046822742476,0,0
EULUSDT,2025-10-13T09:22:48Z,high,2025-10-13,0.0,-9.38,same-day,0.2444736842105264,-0.1030873334743074,-0.410763374920702,0,0
GIGGLEUSDT,2025-10-25T03:07:19Z,low,2025-10-25,0.0,-3.1219444444444444,same-day,2.381331403762663,-0.599700406591055,-0.5253584421142734,0,0
ZBTUSDT,2025-10-17T09:53:33Z,high,2025-10-17,0.0,-9.8925,same-day,0.399,-0.3588277340957827,-0.688348820586133,0,0
YBUSDT,2025-10-14T09:46:27Z,high,2025-10-15,1.0,14.225833333333334,1d,1.234,-0.3980901223515368,-0.3585496866606983,0,0
BANKUSDT,2025-11-13T10:00:26Z,high,2025-11-13,0.0,-10.007222222222222,same-day,-0.2948051948051947,-0.1933701657458564,-0.2688766114180478,0,0
KITEUSDT,2025-10-31T08:09:28Z,high,2025-11-03,3.0,63.84222222222222,2-7d,1.58,0.078811369509044,0.251937984496124,0,0
ATUSDT,2025-11-27T08:38:18Z,high,2025-11-27,0.0,-8.638333333333334,same-day,0.0999999999999998,-0.3818181818181817,-0.2818181818181818,0,0
SAPIENUSDT,2025-11-06T04:45:41Z,high,2025-11-06,0.0,-4.761388888888889,same-day,2.1463636363636365,-0.4856977752094771,-0.5076567466050275,0,0
METUSDT,2025-11-13T10:00:26Z,high,2025-11-13,0.0,-10.007222222222222,same-day,-0.0991434689507494,-0.2148799619681484,-0.3836463037794153,0,0
ALLOUSDT,2025-11-11T04:58:30Z,high,2025-11-11,0.0,-4.975,same-day,1.1377272727272727,-0.6264086753136295,-0.7148628534977675,0,0
MMTUSDT,2025-11-03T08:14:11Z,high,2025-11-04,1.0,15.76361111111111,1d,25.4,-0.8236742424242425,-0.9062878787878788,0,0
KGSTUSDT,2025-12-22T07:00:01Z,high,2025-12-24,2.0,40.999722222222225,2-7d,0.0372727272727273,-0.0026292725679228,-0.0026292725679228,0,0
BREVUSDT,2026-01-05T10:04:14Z,high,2026-01-06,1.0,13.929444444444444,1d,3.6880000000000006,-0.0164960182025029,-0.6419226393629124,0,0
FRAXUSDT,2025-12-26T03:03:42Z,low,2026-01-15,20.0,476.93833333333333,>7d,0.1587438423645319,0.0670634498884048,-0.3120416622382824,0,0
FOGOUSDT,2026-01-12T12:50:53Z,high,2026-01-15,3.0,59.151944444444446,2-7d,0.3928571428571428,-0.2586666666666667,-0.5284102564102564,0,0
ZKPUSDT,2026-01-07T10:39:06Z,high,2026-01-07,0.0,-10.651666666666667,same-day,1.0678294573643412,-0.3500468603561387,-0.6143392689784443,0,0
币安人生USDT,2026-01-07T10:39:06Z,high,2026-01-07,0.0,-10.651666666666667,same-day,0.266900790166813,0.8350658350658349,-0.2681912681912682,0,0
UUSDT,2026-01-12T07:30:07Z,high,2026-01-13,1.0,16.498055555555556,1d,0.0,-9.9999999999989e-05,0.0006999999999999,0,0
SENTUSDT,2026-01-22T05:25:54Z,high,2026-01-22,0.0,-5.431666666666667,same-day,1.7145454545454548,0.1004688546550569,-0.2551908908238446,0,0
RLUSDUSDT,2026-01-21T08:30:01Z,high,2026-01-22,1.0,15.499722222222223,1d,0.0007999999999999,0.0005995203836932,-0.0004996003197441,0,0
ESPUSDT,2026-02-12T07:28:23Z,high,2026-02-12,0.0,-7.473055555555556,same-day,1.6017985611510794,0.0019355730678833,0.3662380754873495,0,0
ZAMAUSDT,2026-02-02T04:28:43Z,high,2026-02-02,0.0,-4.478611111111111,same-day,0.4155999999999997,-0.2051426956767448,-0.452105114439107,0,0
CFGUSDT,2026-03-16T10:22:39Z,high,2026-03-16,0.0,-10.3775,same-day,0.8599999999999999,-0.2913978494623656,0.0860215053763442,0,0
NIGHTUSDT,2026-03-11T11:31:21Z,high,2026-03-11,0.0,-11.5225,same-day,0.1365566037735848,-0.0184685619423116,-0.1541813654285121,0,0
OPNUSDT,2026-03-02T12:45:51Z,high,2026-03-05,3.0,59.23583333333333,2-7d,2.675,-0.1363265306122448,-0.4824489795918367,0,0
ROBOUSDT,2026-03-04T13:13:14Z,high,2026-03-04,0.0,-13.220555555555556,same-day,0.2002873563218392,-0.0258558774239886,-0.5582954273401963,0,0
MANTRAUSDT,2026-02-13T10:05:55Z,low,2026-03-04,19.0,445.9013888888889,>7d,0.4369396294082488,-0.3007487520798669,-0.5524126455906821,0,0
XAUTUSDT,2026-03-26T10:45:28Z,high,2026-03-26,0.0,-10.757777777777777,same-day,-0.0019501698754246,0.0553514328055391,0.0639321530776895,0,0
KATUSDT,2026-03-13T01:45:36Z,high,2026-03-18,5.0,118.24,2-7d,1.274,-0.0008795074758135,-0.1433597185576076,0,0
MEGAUSDT,2026-04-30T09:07:29Z,high,2026-04-30,0.0,-9.124722222222223,same-day,2.1433962264150943,-0.2752701080432173,-0.6211284513805522,0,0
CHIPUSDT,2026-04-21T12:00:32Z,high,2026-04-21,0.0,-12.008888888888889,same-day,4.109999999999999,0.12426614481409,-0.2162426614481409,0,0
AIGENSYNUSDT,2026-05-14T10:00:03Z,high,2026-05-14,0.0,-10.000833333333333,same-day,0.5933758978451718,-0.2246431254695717,-0.3100425745053844,0,0
OPGUSDT,2026-05-22T07:18:35Z,high,2026-05-22,0.0,-7.309722222222222,same-day,-0.0521739130434782,-0.1944954128440367,-0.2678899082568807,0,0
GENIUSUSDT,2026-05-22T07:18:35Z,high,2026-05-22,0.0,-7.309722222222222,same-day,0.443982443982444,-0.2737162054071348,-0.341545352743561,0,0
SPCXBUSDT,2026-06-12T16:00:00Z,medium,2026-06-12,0.0,-16.0,same-day,0.0501875,0.0686782122240075,-0.1336070939713145,0,0
MUBUSDT,2026-06-11T14:05:06Z,medium,2026-06-11,0.0,-14.085,same-day,0.1094666666666666,0.1546689099867804,-0.0211212594640067,0,0
TSLABUSDT,2026-06-11T14:05:06Z,medium,2026-06-11,0.0,-14.085,same-day,0.0508157894736842,-0.0030552703413389,0.0206606396033157,0,0
MSFTBUSDT,2026-06-30T05:30:25Z,medium,2026-06-30,0.0,-5.506944444444445,same-day,0.0227093903464741,0.0311455404043083,0.1893404785907571,0,0
MSTRBUSDT,2026-06-23T06:32:00Z,medium,2026-06-23,0.0,-6.533333333333333,same-day,-0.0183623758665916,-0.174174460774957,-0.1007825920977285,0,0
INTCBUSDT,2026-06-23T06:32:00Z,medium,2026-06-23,0.0,-6.533333333333333,same-day,0.0214010777521169,0.0518540850165811,-0.2121646065722038,0,0
SNDKBUSDT,2026-06-11T14:05:06Z,medium,2026-06-11,0.0,-14.085,same-day,0.1273588235294118,0.1542960902891192,0.0134932768417592,0,0
QQQBUSDT,2026-06-30T05:30:25Z,medium,2026-06-30,0.0,-5.506944444444445,same-day,0.0152193127831179,-0.0384709563324717,-0.0636784111005306,0,0
NVDABUSDT,2026-06-11T14:05:06Z,medium,2026-06-11,0.0,-14.085,same-day,0.0280500000000001,0.0249501483390885,0.0140557365886873,0,0
LITEBUSDT,2026-06-30T05:30:25Z,medium,2026-06-30,0.0,-5.506944444444445,same-day,0.0080690627202255,-0.1962669090146457,-0.1669404732776398,0,0
CRCLBUSDT,2026-06-11T14:05:06Z,medium,2026-06-11,0.0,-14.085,same-day,0.04725,-0.0465504893769396,-0.207209357841967,0,0
AMDBUSDT,2026-06-23T06:32:00Z,medium,2026-06-23,0.0,-6.533333333333333,same-day,0.0033732630570195,0.1064354071555462,0.0472388302038164,0,0
EWYBUSDT,2026-06-23T06:32:00Z,medium,2026-06-23,0.0,-6.533333333333333,same-day,0.0032626427406199,0.0205792682926828,-0.123170731707317,0,0
REUSDT,2026-06-18T09:47:21Z,high,2026-06-18,0.0,-9.789166666666667,same-day,7.718,0.3434273916035788,-0.0917641660931407,0,0
METABUSDT,2026-06-30T05:30:25Z,medium,2026-06-30,0.0,-5.506944444444445,same-day,0.0049413437611089,0.0919027910431922,-0.0393717499734691,0,0
PLTRBUSDT,2026-06-30T05:30:25Z,medium,2026-06-30,0.0,-5.506944444444445,same-day,0.0197061365600692,0.1361247669096457,0.0463637904729614,0,0
GRAMUSDT,2026-06-12T06:02:13Z,low,2026-07-02,20.0,473.96305555555557,>7d,0.0424999999999999,-0.0395683453237408,-0.1654676258992805,0,0
DRAMBUSDT,2026-07-07T06:30:06Z,medium,2026-07-07,0.0,-6.501666666666667,same-day,-0.0202388852023888,0.0550287842871655,-0.1261429055198104,0,0
TQQQBUSDT,2026-07-22T06:30:04Z,medium,2026-07-22,0.0,-6.501111111111111,same-day,-0.0224183830741209,-0.1570875734556398,0.0212125555396303,0,0
AAPLBUSDT,2026-07-29T06:30:02Z,medium,2026-07-29,0.0,-6.500555555555556,same-day,0.0025288167490002,-0.083211122191588,-0.0900451692379891,0,1
AAOIBUSDT,2026-07-15T06:30:03Z,medium,2026-07-15,0.0,-6.5008333333333335,same-day,-0.1362295735352731,0.0481727574750829,0.3954411221853082,0,0
TSMBUSDT,2026-07-15T06:30:03Z,medium,2026-07-15,0.0,-6.5008333333333335,same-day,0.0079687908846548,-0.0021711426818332,0.0042242884787839,0,0
GLWBUSDT,2026-07-07T06:30:06Z,medium,2026-07-07,0.0,-6.501666666666667,same-day,-0.0560574948665298,0.0245812486404177,-0.124809658472917,0,0
GOOGLBUSDT,2026-07-07T06:30:06Z,medium,2026-07-07,0.0,-6.501666666666667,same-day,2.728810784269342e-05,-0.018719131170355,-0.0198379130624608,0,0
AEROUSDT,2026-07-17T07:30:01Z,high,2026-07-17,0.0,-7.500277777777778,same-day,-0.006350550381033,-0.1167447805709415,-0.1350660417554323,0,0
SPYBUSDT,2026-07-07T06:30:06Z,medium,2026-07-07,0.0,-6.501666666666667,same-day,-0.004565541475881,0.0070334960219295,0.0294176639700474,0,0
AVGOBUSDT,2026-07-15T06:30:03Z,medium,2026-07-15,0.0,-6.5008333333333335,same-day,0.0151371077587314,0.0075443037974685,-0.0024556962025317,0,0
AMZNBUSDT,2026-07-29T06:30:02Z,medium,2026-07-29,0.0,-6.500555555555556,same-day,-0.0019492333015681,0.1858860292522026,0.1259493945575278,0,1
PYPLBUSDT,2026-07-29T06:30:02Z,medium,2026-07-29,0.0,-6.500555555555556,same-day,0.0003429355281208,0.0162838532739115,0.0697634556050736,0,1
BEBUSDT,2026-07-29T06:30:02Z,medium,2026-07-29,0.0,-6.500555555555556,same-day,-0.0751111111111111,0.4006487265737628,0.201345506967804,0,1
ORCLBUSDT,2026-07-22T06:30:04Z,medium,2026-07-22,0.0,-6.501111111111111,same-day,-0.0060606060606059,-0.0626385809312638,0.1625752296484004,0,0
NOKBUSDT,2026-07-15T06:30:03Z,medium,2026-07-15,0.0,-6.5008333333333335,same-day,-0.04017094017094,-0.02493321460374,-0.0365093499554763,0,0
CBRSBUSDT,2026-07-07T06:30:06Z,medium,2026-07-07,0.0,-6.501666666666667,same-day,-0.0818707358991719,0.1561064155652618,0.2042656985648647,0,0
QCOMBUSDT,2026-07-07T06:30:06Z,medium,2026-07-07,0.0,-6.501666666666667,same-day,-0.0170527670527669,-0.0230223677032187,-0.1212220403709765,0,0
COINBUSDT,2026-07-07T06:30:06Z,medium,2026-07-07,0.0,-6.501666666666667,same-day,-0.0328655178539706,-0.0033676218466812,-0.1026818515797206,0,0
WDCBUSDT,2026-07-07T06:30:06Z,medium,2026-07-07,0.0,-6.501666666666667,same-day,-0.0321586715867158,0.0839163505347235,-0.128886516575481,0,0
DELLBUSDT,2026-07-29T06:30:02Z,medium,2026-07-29,0.0,-6.500555555555556,same-day,-0.0544758990053557,0.2630145115175055,0.1881102659545772,0,1
MRVLBUSDT,2026-07-15T06:30:03Z,medium,2026-07-15,0.0,-6.5008333333333335,same-day,-0.0767847509440747,0.0463576158940397,0.0788371640046747,0,0
NBISBUSDT,2026-07-07T06:30:06Z,medium,2026-07-07,0.0,-6.501666666666667,same-day,-0.1039339029199136,0.0402870913663033,0.0229463537300922,0,0
MVLLBUSDT,2026-07-22T06:30:04Z,medium,2026-07-22,0.0,-6.501111111111111,same-day,0.1616666666666666,-0.4361549497847919,0.0946915351506456,0,0
MUUBUSDT,2026-07-22T06:30:04Z,medium,2026-07-22,0.0,-6.501111111111111,same-day,0.0884848484848486,-0.4579621380846326,-0.1277839643652562,0,0
CRWVBUSDT,2026-07-22T06:30:04Z,medium,2026-07-22,0.0,-6.501111111111111,same-day,0.0668509675797939,-0.2686690223792697,0.0321554770318019,0,0
AMATBUSDT,2026-07-29T06:30:02Z,medium,2026-07-29,0.0,-6.500555555555556,same-day,-0.058263023128909,0.1918653889012702,0.0895252952975262,0,1
QNTBUSDT,2026-07-22T06:30:04Z,medium,2026-07-22,0.0,-6.501111111111111,same-day,-0.0643564356435643,-0.1227878124429849,0.0377668308702792,0,0
BABABUSDT,2026-07-15T06:30:03Z,medium,2026-07-15,0.0,-6.5008333333333335,same-day,0.0549323361823361,-0.0173010380622836,0.0473457675753228,0,0
ARMBUSDT,2026-07-15T06:30:03Z,medium,2026-07-15,0.0,-6.5008333333333335,same-day,-0.0262830316178825,0.0313755570165827,0.0197238658777121,0,0
SOXSBUSDT,2026-07-29T06:30:02Z,medium,2026-07-29,0.0,-6.500555555555556,same-day,0.1552409734372515,-0.3780806829133966,-0.3513699573179126,0,1
SOXLBUSDT,2026-07-07T06:30:06Z,medium,2026-07-07,0.0,-6.501666666666667,same-day,-0.0897772701313535,0.1333918935876521,-0.1473836114945413,0,0
GSBUSDT,2026-07-29T06:30:02Z,medium,2026-07-29,0.0,-6.500555555555556,same-day,-0.0485512996690343,0.0872585615915864,0.0567145051211896,0,1
SNXXBUSDT,2026-07-22T06:30:04Z,medium,2026-07-22,0.0,-6.501111111111111,same-day,0.0381593714927048,-0.6356756756756756,-0.194054054054054,0,0
SMHBUSDT,2026-07-29T06:30:02Z,medium,2026-07-29,0.0,-6.500555555555556,same-day,-0.0456004531722055,0.1335245820555941,0.1056682164407953,0,1
RKLBBUSDT,2026-07-15T06:30:03Z,medium,2026-07-15,0.0,-6.5008333333333335,same-day,-0.0419997462250983,-0.0807947019867548,0.0637086092715231,0,0
SKHYBUSDT,2026-07-13T08:00:06Z,medium,2026-07-13,0.0,-8.001666666666667,same-day,0.0,0.0049019607843137,0.0120261437908497,0,0
IBMBUSDT,2026-07-15T06:30:03Z,medium,2026-07-15,0.0,-6.5008333333333335,same-day,-0.0216980697470861,-0.0323036353362216,0.1059521567150123,0,0
INTWBUSDT,2026-07-22T06:30:04Z,medium,2026-07-22,0.0,-6.501111111111111,same-day,0.0495999999999998,-0.3971036585365853,-0.2881097560975609,0,0
FLNCBUSDT,2026-07-29T06:30:02Z,medium,2026-07-29,0.0,-6.500555555555556,same-day,-0.0427892234548334,-0.1034768211920529,-0.0546357615894039,0,1
KORUBUSDT,2026-07-22T06:30:04Z,medium,2026-07-22,0.0,-6.501111111111111,same-day,0.1378947368421053,-0.4315448658649399,-0.057354301572618,0,0
AXTIBUSDT,2026-07-22T06:30:04Z,medium,2026-07-22,0.0,-6.501111111111111,same-day,-0.057511944788533,-0.2880210289147578,0.3043559894855425,0,0
HOODBUSDT,2026-07-15T06:30:03Z,medium,2026-07-15,0.0,-6.5008333333333335,same-day,0.0197443807844865,-0.1057135448180482,-0.1735672919007692,0,0
