symbol,first_month,delisted,token,first_seen_date,source_coll,lag_d,credible
CELOUSDT,2021-01,0,CELO,2023-09-28,CC-MAIN-2023-40,-1000,False
GLMRUSDT,2022-01,0,GLMR,2023-02-03,CC-MAIN-2023-06,-398,False
ALCXUSDT,2021-11,0,ALCX,2023-01-29,CC-MAIN-2023-06,-454,False
BICOUSDT,2021-12,0,BICO,2023-09-24,CC-MAIN-2023-40,-662,False
HIGHUSDT,2021-12,1,HIGH,2023-04-01,CC-MAIN-2023-14,-486,False
USTUSDT,2021-12,1,UST,2023-01-29,CC-MAIN-2023-06,-424,False
MCUSDT,2021-12,1,MC,2023-05-31,CC-MAIN-2023-23,-546,False
JOEUSDT,2021-12,0,JOE,2023-01-31,CC-MAIN-2023-06,-426,False
API3USDT,2022-01,0,API3,2023-09-22,CC-MAIN-2023-40,-629,False
WOOUSDT,2022-02,0,WOO,2023-09-23,CC-MAIN-2023-40,-599,False
CKBUSDT,2021-01,0,CKB,2023-06-10,CC-MAIN-2023-23,-890,False
APEUSDT,2022-03,0,APE,2023-09-28,CC-MAIN-2023-40,-576,False
KDAUSDT,2022-03,1,KDA,2023-09-28,CC-MAIN-2023-40,-576,False
LDOUSDT,2022-05,0,LDO,2023-09-30,CC-MAIN-2023-40,-517,False
LUNCUSDT,2022-09,0,LUNC,2023-06-08,CC-MAIN-2023-23,-280,False
APTUSDT,2022-10,0,APT,2023-02-06,CC-MAIN-2023-06,-128,False
ARBUSDT,2023-03,0,ARB,2023-06-01,CC-MAIN-2023-23,-92,False
WLDUSDT,2023-07,0,WLD,2024-09-17,CC-MAIN-2024-38,-444,False
CITYUSDT,2021-11,0,CITY,2023-01-29,CC-MAIN-2023-06,-454,False
JASMYUSDT,2021-11,0,JASMY,2023-03-20,CC-MAIN-2023-14,-504,False
QIUSDT,2021-11,0,QI,2023-10-02,CC-MAIN-2023-40,-700,False
PYRUSDT,2021-11,0,PYR,2023-02-07,CC-MAIN-2023-06,-463,False
CFXUSDT,2021-03,0,CFX,2023-02-07,CC-MAIN-2023-06,-708,False
FORTHUSDT,2021-04,1,FORTH,2023-03-27,CC-MAIN-2023-14,-725,False
LPTUSDT,2021-05,0,LPT,2023-06-09,CC-MAIN-2023-23,-769,False
ICPUSDT,2021-05,0,ICP,2023-06-01,CC-MAIN-2023-23,-761,False
KEEPUSDT,2021-06,1,KEEP,2023-06-04,CC-MAIN-2023-23,-733,False
FLOWUSDT,2021-07,0,FLOW,2023-02-03,CC-MAIN-2023-06,-582,False
MLNUSDT,2021-07,1,MLN,2023-02-09,CC-MAIN-2023-06,-588,False
TRIBEUSDT,2021-08,1,TRIBE,2023-01-28,CC-MAIN-2023-06,-545,False
GNOUSDT,2021-08,0,GNO,2023-03-29,CC-MAIN-2023-14,-605,False
MBOXUSDT,2021-08,1,MBOX,2023-06-06,CC-MAIN-2023-23,-674,False
ILVUSDT,2021-09,0,ILV,2023-03-23,CC-MAIN-2023-14,-568,False
FIDAUSDT,2021-09,0,FIDA,2023-03-27,CC-MAIN-2023-14,-572,False
RAREUSDT,2021-10,0,RARE,2023-01-28,CC-MAIN-2023-06,-484,False
ENSUSDT,2021-11,0,ENS,2023-02-09,CC-MAIN-2023-06,-465,False
MOVRUSDT,2021-11,0,MOVR,2023-02-07,CC-MAIN-2023-06,-463,False
OPENUSDT,2025-09,0,OPEN,2023-06-04,CC-MAIN-2023-23,820,False
