token,first_seen_date,source_coll
ALCX,2023-01-29,CC-MAIN-2023-06
APE,2023-09-28,CC-MAIN-2023-40
API3,2023-09-22,CC-MAIN-2023-40
APPLIED,2024-04-17,CC-MAIN-2024-18
APT,2023-02-06,CC-MAIN-2023-06
ARB,2023-06-01,CC-MAIN-2023-23
BICO,2023-09-24,CC-MAIN-2023-40
CELO,2023-09-28,CC-MAIN-2023-40
CFX,2023-02-07,CC-MAIN-2023-06
CITY,2023-01-29,CC-MAIN-2023-06
CKB,2023-06-10,CC-MAIN-2023-23
CONTRACT,2020-10-23,CC-MAIN-2020-45
ENS,2023-02-09,CC-MAIN-2023-06
FIDA,2023-03-27,CC-MAIN-2023-14
FLOW,2023-02-03,CC-MAIN-2023-06
FORMAT,2023-09-22,CC-MAIN-2023-40
FORTH,2023-03-27,CC-MAIN-2023-14
GLMR,2023-02-03,CC-MAIN-2023-06
GNO,2023-03-29,CC-MAIN-2023-14
HIGH,2023-04-01,CC-MAIN-2023-14
ICP,2023-06-01,CC-MAIN-2023-23
ILV,2023-03-23,CC-MAIN-2023-14
JASMY,2023-03-20,CC-MAIN-2023-14
JOE,2023-01-31,CC-MAIN-2023-06
KDA,2023-09-28,CC-MAIN-2023-40
KEEP,2023-06-04,CC-MAIN-2023-23
LDO,2023-09-30,CC-MAIN-2023-40
LPT,2023-06-09,CC-MAIN-2023-23
LUNC,2023-06-08,CC-MAIN-2023-23
MBOX,2023-06-06,CC-MAIN-2023-23
MC,2023-05-31,CC-MAIN-2023-23
MLN,2023-02-09,CC-MAIN-2023-06
MOVR,2023-02-07,CC-MAIN-2023-06
OPEN,2023-06-04,CC-MAIN-2023-23
OPTIONS,2023-03-22,CC-MAIN-2023-14
PLAN,2023-09-26,CC-MAIN-2023-40
POOL,2023-06-01,CC-MAIN-2023-23
PROGRAM,2024-07-13,CC-MAIN-2024-30
PROMOTIONS,2023-11-30,CC-MAIN-2023-50
PYR,2023-02-07,CC-MAIN-2023-06
QI,2023-10-02,CC-MAIN-2023-40
RARE,2023-01-28,CC-MAIN-2023-06
SKL,2023-10-01,CC-MAIN-2023-40
TOKENS,2023-01-28,CC-MAIN-2023-06
TRIBE,2023-01-28,CC-MAIN-2023-06
UST,2023-01-29,CC-MAIN-2023-06
WLD,2024-09-17,CC-MAIN-2024-38
WOO,2023-09-23,CC-MAIN-2023-40
ZONE,2023-01-26,CC-MAIN-2023-06
