product_id,base,quote,first_date,last_date,status
BTC-USD,BTC,USD,2016-01-01,2026-09-15,online
ETH-USD,ETH,USD,2016-05-18,2026-09-15,online
LTC-USD,LTC,USD,2016-08-17,2026-09-15,online
BCH-USD,BCH,USD,2017-12-20,2026-09-15,online
ETC-USD,ETC,USD,2018-08-08,2026-09-15,online
ZRX-USD,ZRX,USD,2018-10-12,2026-09-15,online
XLM-USD,XLM,USD,2019-03-14,2026-09-15,online
REP-USD,REP,USD,2019-04-09,2023-03-29,delisted
EOS-USD,EOS,USD,2019-04-09,2025-12-10,delisted
LINK-USD,LINK,USD,2019-06-27,2026-09-15,online
XTZ-USD,XTZ,USD,2019-08-06,2026-09-15,online
ALGO-USD,ALGO,USD,2019-08-15,2026-09-15,online
DASH-USD,DASH,USD,2019-09-17,2026-09-15,online
OXT-USD,OXT,USD,2019-12-16,2026-09-15,online
ATOM-USD,ATOM,USD,2020-01-14,2026-09-15,online
KNC-USD,KNC,USD,2020-02-25,2026-09-15,online
DAI-USD,DAI,USD,2020-04-30,2026-05-04,delisted
OMG-USD,OMG,USD,2020-05-19,2023-03-29,delisted
MKR-USD,MKR,USD,2020-06-09,2026-01-12,delisted
COMP-USD,COMP,USD,2020-06-23,2026-09-15,online
BAND-USD,BAND,USD,2020-08-11,2026-09-15,online
NMR-USD,NMR,USD,2020-08-18,2026-09-15,online
CGLD-USD,CGLD,USD,2020-09-01,2026-09-15,online
UMA-USD,UMA,USD,2020-09-08,2026-09-15,online
LRC-USD,LRC,USD,2020-09-15,2026-08-07,delisted
YFI-USD,YFI,USD,2020-09-15,2026-09-15,online
UNI-USD,UNI,USD,2020-09-17,2026-09-15,online
BAL-USD,BAL,USD,2020-10-06,2026-09-15,online
REN-USD,REN,USD,2020-10-06,2023-11-03,delisted
WBTC-USD,WBTC,USD,2020-10-20,2024-12-19,delisted
NU-USD,NU,USD,2020-12-02,2023-02-06,delisted
ZEC-USD,ZEC,USD,2020-12-08,2026-09-15,online
FIL-USD,FIL,USD,2020-12-09,2026-09-15,online
AAVE-USD,AAVE,USD,2020-12-15,2026-09-15,online
BNT-USD,BNT,USD,2020-12-15,2026-09-15,online
SNX-USD,SNX,USD,2020-12-15,2026-09-15,online
GRT-USD,GRT,USD,2020-12-17,2026-09-15,online
SUSHI-USD,SUSHI,USD,2021-03-11,2026-09-15,online
SKL-USD,SKL,USD,2021-03-11,2026-09-15,online
MATIC-USD,MATIC,USD,2021-03-11,2025-10-14,delisted
ADA-USD,ADA,USD,2021-03-18,2026-09-15,online
ANKR-USD,ANKR,USD,2021-03-25,2026-09-15,online
STORJ-USD,STORJ,USD,2021-03-25,2026-09-15,online
CRV-USD,CRV,USD,2021-03-25,2026-09-15,online
1INCH-USD,1INCH,USD,2021-04-09,2026-09-15,online
NKN-USD,NKN,USD,2021-04-09,2026-09-15,online
ENJ-USD,ENJ,USD,2021-04-09,2024-06-14,delisted
OGN-USD,OGN,USD,2021-04-09,2026-09-15,online
BAT-USD,BAT,USD,2021-04-20,2026-09-15,online
MANA-USD,MANA,USD,2021-04-20,2026-09-15,online
FORTH-USD,FORTH,USD,2021-04-21,2026-09-15,online
ETH-USDT,ETH,USDT,2021-05-04,2026-09-15,online
BTC-USDT,BTC,USDT,2021-05-04,2026-09-15,online
USDT-USD,USDT,USD,2021-05-04,2026-09-15,online
MIR-USD,MIR,USD,2021-05-06,2023-03-29,delisted
RLC-USD,RLC,USD,2021-05-06,2026-09-15,online
CTSI-USD,CTSI,USD,2021-05-06,2026-09-15,online
TRB-USD,TRB,USD,2021-05-06,2026-09-15,online
ICP-USD,ICP,USD,2021-05-10,2026-09-15,online
ICP-USDT,ICP,USDT,2021-05-10,2026-05-08,delisted
DOGE-USDT,DOGE,USDT,2021-06-03,2026-09-15,online
DOGE-USD,DOGE,USD,2021-06-03,2026-09-15,online
MLN-USD,MLN,USD,2021-06-10,2026-09-15,online
AMP-USD,AMP,USD,2021-06-10,2026-09-15,online
GTC-USD,GTC,USD,2021-06-10,2026-09-15,online
DOT-USDT,DOT,USDT,2021-06-16,2026-09-15,online
DOT-USD,DOT,USD,2021-06-16,2026-09-15,online
SOL-USD,SOL,USD,2021-06-17,2026-09-15,online
KEEP-USD,KEEP,USD,2021-06-17,2023-02-06,delisted
CHZ-USD,CHZ,USD,2021-06-17,2026-09-15,online
SOL-USDT,SOL,USDT,2021-06-17,2026-09-15,online
CHZ-USDT,CHZ,USDT,2021-06-17,2026-08-06,delisted
BOND-USD,BOND,USD,2021-06-24,2023-09-06,delisted
QNT-USD,QNT,USD,2021-06-24,2026-09-15,online
LPT-USD,LPT,USD,2021-06-24,2026-09-15,online
RLY-USD,RLY,USD,2021-07-15,2023-03-29,delisted
MASK-USD,MASK,USD,2021-07-15,2026-09-15,online
MASK-USDT,MASK,USDT,2021-07-15,2025-10-25,delisted
RLY-USDT,RLY,USDT,2021-07-15,2023-03-29,delisted
CLV-USD,CLV,USD,2021-07-15,2025-12-10,delisted
CLV-USDT,CLV,USDT,2021-07-15,2023-09-11,delisted
PAX-USDT,PAX,USDT,2021-07-27,2023-03-08,delisted
PAX-USD,PAX,USD,2021-07-27,2026-09-15,online
FET-USDT,FET,USDT,2021-07-27,2026-09-15,online
POLY-USD,POLY,USD,2021-07-27,2023-12-05,delisted
FET-USD,FET,USD,2021-07-27,2026-09-15,online
FARM-USD,FARM,USD,2021-07-29,2026-09-15,online
POLY-USDT,POLY,USDT,2021-07-30,2023-08-15,delisted
ACH-USD,ACH,USD,2021-08-03,2026-09-15,online
RAI-USD,RAI,USD,2021-08-03,2024-07-19,delisted
PLA-USD,PLA,USD,2021-08-04,2024-02-14,delisted
UST-USDT,UST,USDT,2021-08-12,2022-05-27,delisted
WLUNA-USDT,WLUNA,USDT,2021-08-12,2022-05-27,delisted
AXS-USD,AXS,USD,2021-08-12,2026-09-15,online
REQ-USD,REQ,USD,2021-08-12,2026-09-15,online
TRU-USD,TRU,USD,2021-08-12,2026-04-28,delisted
IOTX-USD,IOTX,USD,2021-08-12,2026-09-15,online
TRU-USDT,TRU,USDT,2021-08-12,2023-10-16,delisted
QUICK-USD,QUICK,USD,2021-08-12,2023-12-06,delisted
AXS-USDT,AXS,USDT,2021-08-12,2025-12-15,delisted
WLUNA-USD,WLUNA,USD,2021-08-12,2022-05-27,delisted
UST-USD,UST,USD,2021-08-12,2022-05-27,delisted
REQ-USDT,REQ,USDT,2021-08-12,2023-10-16,delisted
ORN-USD,ORN,USD,2021-08-12,2025-05-16,delisted
ORN-USDT,ORN,USDT,2021-08-12,2023-09-13,delisted
TRIBE-USD,TRIBE,USD,2021-08-12,2022-11-04,delisted
COTI-USD,COTI,USD,2021-08-26,2026-09-15,online
RAD-USDT,RAD,USDT,2021-09-01,2023-10-16,delisted
YFII-USD,YFII,USD,2021-09-01,2023-03-29,delisted
DDX-USD,DDX,USD,2021-09-01,2023-09-06,delisted
RAD-USD,RAD,USD,2021-09-01,2026-09-15,online
DDX-USDT,DDX,USDT,2021-09-02,2023-09-05,delisted
XYO-USD,XYO,USD,2021-09-09,2026-09-15,online
SHIB-USD,SHIB,USD,2021-09-09,2026-09-15,online
RGT-USD,RGT,USD,2021-09-09,2022-11-04,delisted
SHIB-USDT,SHIB,USDT,2021-09-09,2026-09-15,online
XYO-USDT,XYO,USDT,2021-09-14,2023-10-16,delisted
BTRST-USDT,BTRST,USDT,2021-09-15,2023-10-16,delisted
BTRST-USD,BTRST,USD,2021-09-15,2026-09-15,online
ZEN-USD,ZEN,USD,2021-09-16,2026-09-15,online
ZEN-USDT,ZEN,USDT,2021-09-17,2023-10-16,delisted
AGLD-USD,AGLD,USD,2021-09-21,2026-09-15,online
AGLD-USDT,AGLD,USDT,2021-09-21,2023-10-16,delisted
AVAX-USDT,AVAX,USDT,2021-09-30,2026-09-15,online
AVAX-USD,AVAX,USD,2021-09-30,2026-09-15,online
JASMY-USD,JASMY,USD,2021-10-07,2026-09-15,online
WCFG-USD,WCFG,USD,2021-10-07,2025-11-26,delisted
FX-USD,FX,USD,2021-10-07,2025-08-15,delisted
WCFG-USDT,WCFG,USDT,2021-10-07,2023-09-13,delisted
BADGER-USD,BADGER,USD,2021-10-14,2026-09-15,online
RARI-USD,RARI,USD,2021-10-14,2026-09-15,online
BADGER-USDT,BADGER,USDT,2021-10-14,2023-10-16,delisted
ARPA-USDT,ARPA,USDT,2021-10-19,2023-10-16,delisted
PERP-USDT,PERP,USDT,2021-10-19,2023-10-16,delisted
AUCTION-USD,AUCTION,USD,2021-10-19,2026-09-15,online
PERP-USD,PERP,USD,2021-10-19,2026-09-15,online
ARPA-USD,ARPA,USD,2021-10-19,2026-09-15,online
AUCTION-USDT,AUCTION,USDT,2021-10-20,2023-10-16,delisted
ASM-USD,ASM,USD,2021-10-21,2026-09-15,online
ASM-USDT,ASM,USDT,2021-10-21,2023-05-23,delisted
TRAC-USD,TRAC,USD,2021-11-02,2026-09-15,online
SUKU-USDT,SUKU,USDT,2021-11-02,2023-09-13,delisted
KRL-USD,KRL,USD,2021-11-02,2026-09-15,online
SUKU-USD,SUKU,USD,2021-11-02,2026-09-15,online
LCX-USD,LCX,USD,2021-11-02,2026-09-15,online
CRO-USD,CRO,USD,2021-11-03,2026-09-15,online
KRL-USDT,KRL,USDT,2021-11-03,2023-09-13,delisted
DNT-USD,DNT,USD,2021-11-03,2026-09-15,online
CVC-USD,CVC,USD,2021-11-03,2026-09-15,online
LOOM-USD,LOOM,USD,2021-11-03,2023-03-29,delisted
FARM-USDT,FARM,USDT,2021-11-04,2023-09-13,delisted
LCX-USDT,LCX,USDT,2021-11-04,2023-10-16,delisted
CRO-USDT,CRO,USDT,2021-11-04,2026-08-06,delisted
TRAC-USDT,TRAC,USDT,2021-11-10,2023-10-16,delisted
GYEN-USD,GYEN,USD,2021-11-15,2025-05-07,delisted
ENS-USD,ENS,USD,2021-11-16,2026-09-15,online
GALA-USDT,GALA,USDT,2021-11-16,2023-05-12,delisted
ALCX-USDT,ALCX,USDT,2021-11-16,2023-09-13,delisted
POWR-USDT,POWR,USDT,2021-11-16,2023-10-16,delisted
GALA-USD,GALA,USD,2021-11-16,2023-05-12,delisted
ALCX-USD,ALCX,USD,2021-11-16,2026-09-15,online
ENS-USDT,ENS,USDT,2021-11-16,2026-05-14,delisted
POWR-USD,POWR,USD,2021-11-16,2026-09-15,online
VGX-USD,VGX,USD,2021-11-18,2023-09-06,delisted
VGX-USDT,VGX,USDT,2021-11-18,2023-09-06,delisted
MUSD-USD,MUSD,USD,2021-11-18,2022-11-04,delisted
BICO-USDT,BICO,USDT,2021-12-01,2024-09-26,delisted
BICO-USD,BICO,USD,2021-12-01,2026-09-15,online
SPELL-USDT,SPELL,USDT,2021-12-07,2023-10-16,delisted
FOX-USDT,FOX,USDT,2021-12-07,2023-08-15,delisted
SUPER-USD,SUPER,USD,2021-12-07,2026-09-15,online
SPELL-USD,SPELL,USD,2021-12-07,2026-09-15,online
MCO2-USD,MCO2,USD,2021-12-07,2023-11-14,delisted
POLS-USDT,POLS,USDT,2021-12-07,2023-09-10,delisted
SUPER-USDT,SUPER,USDT,2021-12-07,2023-10-16,delisted
IDEX-USD,IDEX,USD,2021-12-07,2026-08-07,delisted
IDEX-USDT,IDEX,USDT,2021-12-07,2023-10-16,delisted
FOX-USD,FOX,USD,2021-12-07,2026-09-15,online
POLS-USD,POLS,USD,2021-12-07,2026-09-15,online
MCO2-USDT,MCO2,USDT,2021-12-07,2023-05-23,delisted
COVAL-USD,COVAL,USD,2021-12-08,2024-07-19,delisted
COVAL-USDT,COVAL,USDT,2021-12-08,2023-08-11,delisted
IMX-USD,IMX,USD,2021-12-09,2026-09-15,online
RBN-USD,RBN,USD,2021-12-09,2025-06-26,delisted
MDT-USD,MDT,USD,2021-12-09,2026-09-15,online
BLZ-USD,BLZ,USD,2021-12-09,2026-09-15,online
API3-USD,API3,USD,2021-12-09,2026-09-15,online
API3-USDT,API3,USDT,2021-12-09,2023-08-15,delisted
GODS-USD,GODS,USD,2021-12-09,2026-09-15,online
IMX-USDT,IMX,USDT,2021-12-09,2026-09-15,online
MDT-USDT,MDT,USDT,2021-12-09,2023-09-13,delisted
DESO-USD,DESO,USD,2021-12-14,2024-11-08,delisted
DESO-USDT,DESO,USDT,2021-12-14,2023-10-16,delisted
GFI-USD,GFI,USD,2022-01-11,2026-09-15,online
LQTY-USD,LQTY,USD,2022-01-13,2026-09-15,online
NCT-USD,NCT,USD,2022-01-13,2026-09-15,online
NCT-USDT,NCT,USDT,2022-01-13,2023-09-13,delisted
LQTY-USDT,LQTY,USDT,2022-01-13,2023-10-16,delisted
INV-USD,INV,USD,2022-01-13,2026-09-15,online
PRO-USD,PRO,USD,2022-01-13,2026-09-15,online
STX-USD,STX,USD,2022-01-20,2026-09-15,online
STX-USDT,STX,USDT,2022-01-20,2026-09-15,online
SHPING-USDT,SHPING,USDT,2022-01-20,2023-09-13,delisted
SHPING-USD,SHPING,USD,2022-01-20,2026-09-15,online
CTX-USDT,CTX,USDT,2022-01-25,2023-09-10,delisted
CTX-USD,CTX,USD,2022-01-25,2026-09-15,online
DIA-USDT,DIA,USDT,2022-01-25,2023-09-12,delisted
DIA-USD,DIA,USD,2022-01-25,2026-09-15,online
PLU-USD,PLU,USD,2022-01-25,2026-09-15,online
MPL-USD,MPL,USD,2022-01-25,2025-04-30,delisted
UNFI-USD,UNFI,USD,2022-01-25,2024-04-01,delisted
FIDA-USD,FIDA,USD,2022-02-01,2026-09-15,online
ORCA-USD,ORCA,USD,2022-02-01,2026-09-15,online
FIDA-USDT,FIDA,USDT,2022-02-01,2023-09-12,delisted
QSP-USD,QSP,USD,2022-02-03,2023-11-03,delisted
RNDR-USDT,RNDR,USDT,2022-02-03,2025-06-26,delisted
AVT-USD,AVT,USD,2022-02-03,2026-09-15,online
RNDR-USD,RNDR,USD,2022-02-03,2025-06-26,delisted
QSP-USDT,QSP,USDT,2022-02-03,2023-09-10,delisted
UPI-USD,UPI,USD,2022-02-08,2022-11-04,delisted
UPI-USDT,UPI,USDT,2022-02-08,2022-11-04,delisted
ATOM-USDT,ATOM,USDT,2022-02-09,2026-09-15,online
MATIC-USDT,MATIC,USDT,2022-02-09,2025-10-14,delisted
ADA-USDT,ADA,USDT,2022-02-09,2026-09-15,online
LINK-USDT,LINK,USDT,2022-02-09,2026-09-15,online
ALICE-USD,ALICE,USD,2022-02-24,2026-09-15,online
XLM-USDT,XLM,USDT,2022-03-02,2026-09-15,online
QNT-USDT,QNT,USDT,2022-03-02,2026-09-15,online
ENJ-USDT,ENJ,USDT,2022-03-02,2024-06-14,delisted
LRC-USDT,LRC,USDT,2022-03-02,2025-12-15,delisted
AERGO-USD,AERGO,USD,2022-03-08,2026-09-15,online
HIGH-USD,HIGH,USD,2022-03-08,2026-09-15,online
ERN-USD,ERN,USD,2022-03-08,2025-08-22,delisted
AIOZ-USD,AIOZ,USD,2022-03-08,2026-09-15,online
ERN-USDT,ERN,USDT,2022-03-08,2023-10-14,delisted
AIOZ-USDT,AIOZ,USDT,2022-03-08,2023-03-08,delisted
SNT-USD,SNT,USD,2022-03-08,2024-02-23,delisted
SYN-USD,SYN,USD,2022-03-09,2025-06-26,delisted
GLM-USD,GLM,USD,2022-03-09,2026-09-15,online
APE-USD,APE,USD,2022-03-17,2026-09-15,online
APE-USDT,APE,USDT,2022-03-17,2026-09-15,online
CRPT-USD,CRPT,USD,2022-03-24,2023-11-03,delisted
MINA-USDT,MINA,USDT,2022-04-06,2025-10-25,delisted
MINA-USD,MINA,USD,2022-04-06,2026-09-15,online
ROSE-USDT,ROSE,USDT,2022-04-26,2026-05-14,delisted
ROSE-USD,ROSE,USD,2022-04-26,2026-09-15,online
BUSD-USD,BUSD,USD,2022-04-27,2023-03-13,delisted
GMT-USD,GMT,USD,2022-04-28,2026-09-15,online
GMT-USDT,GMT,USDT,2022-04-28,2025-10-25,delisted
GST-USD,GST,USD,2022-04-28,2026-09-15,online
GAL-USDT,GAL,USDT,2022-05-05,2023-10-16,delisted
GAL-USD,GAL,USD,2022-05-05,2025-05-16,delisted
FLOW-USD,FLOW,USD,2022-05-19,2026-09-15,online
FLOW-USDT,FLOW,USDT,2022-05-19,2026-01-07,delisted
SAND-USDT,SAND,USDT,2022-05-26,2026-05-14,delisted
SAND-USD,SAND,USD,2022-05-26,2026-09-15,online
OP-USD,OP,USD,2022-06-01,2026-09-15,online
KSM-USD,KSM,USD,2022-06-02,2026-09-15,online
KSM-USDT,KSM,USDT,2022-06-02,2023-10-16,delisted
BIT-USDT,BIT,USDT,2022-06-07,2023-09-13,delisted
C98-USD,C98,USD,2022-06-07,2026-09-15,online
C98-USDT,C98,USDT,2022-06-07,2023-10-16,delisted
BIT-USD,BIT,USD,2022-06-07,2025-01-06,delisted
WAMPL-USD,WAMPL,USD,2022-06-09,2024-07-19,delisted
WAMPL-USDT,WAMPL,USDT,2022-06-09,2023-09-13,delisted
INDEX-USDT,INDEX,USDT,2022-06-09,2023-09-12,delisted
INDEX-USD,INDEX,USD,2022-06-09,2026-09-15,online
FORT-USD,FORT,USD,2022-06-15,2026-09-15,online
FORT-USDT,FORT,USDT,2022-06-15,2023-05-23,delisted
POND-USDT,POND,USDT,2022-06-16,2023-10-16,delisted
DAR-USD,DAR,USD,2022-06-16,2025-05-16,delisted
POND-USD,POND,USD,2022-06-16,2026-09-15,online
ATA-USD,ATA,USD,2022-06-16,2024-01-04,delisted
FIS-USDT,FIS,USDT,2022-06-16,2023-09-06,delisted
ATA-USDT,ATA,USDT,2022-06-16,2023-05-23,delisted
FIS-USD,FIS,USD,2022-06-16,2026-08-07,delisted
DYP-USDT,DYP,USDT,2022-06-22,2023-09-08,delisted
HOPR-USDT,HOPR,USDT,2022-06-22,2023-09-12,delisted
MATH-USDT,MATH,USDT,2022-06-22,2023-09-12,delisted
PRQ-USD,PRQ,USD,2022-06-22,2025-05-16,delisted
HOPR-USD,HOPR,USD,2022-06-22,2026-09-15,online
MATH-USD,MATH,USD,2022-06-22,2026-09-15,online
DYP-USD,DYP,USD,2022-06-22,2025-01-17,delisted
ALEPH-USD,ALEPH,USD,2022-06-22,2026-09-15,online
ELA-USD,ELA,USD,2022-06-22,2026-09-15,online
PRQ-USDT,PRQ,USDT,2022-06-22,2023-09-13,delisted
ELA-USDT,ELA,USDT,2022-06-22,2023-10-16,delisted
MUSE-USD,MUSE,USD,2022-06-23,2025-11-26,delisted
TIME-USDT,TIME,USDT,2022-06-23,2023-09-13,delisted
DREP-USD,DREP,USD,2022-06-23,2024-01-04,delisted
TIME-USD,TIME,USD,2022-06-23,2026-05-11,delisted
JUP-USD,JUP,USD,2022-06-23,2023-09-06,delisted
DEXT-USD,DEXT,USD,2022-06-23,2026-09-15,online
DREP-USDT,DREP,USDT,2022-06-23,2023-03-08,delisted
AST-USD,AST,USD,2022-06-28,2026-09-15,online
MONA-USD,MONA,USD,2022-06-28,2024-01-04,delisted
METIS-USD,METIS,USD,2022-06-28,2026-09-15,online
XCN-USD,XCN,USD,2022-06-28,2026-09-15,online
METIS-USDT,METIS,USDT,2022-06-28,2023-10-16,delisted
MEDIA-USD,MEDIA,USD,2022-06-28,2025-04-15,delisted
XCN-USDT,XCN,USDT,2022-06-28,2023-09-12,delisted
MEDIA-USDT,MEDIA,USDT,2022-06-28,2023-06-23,delisted
BOBA-USD,BOBA,USD,2022-06-30,2026-09-15,online
BOBA-USDT,BOBA,USDT,2022-06-30,2023-09-13,delisted
GUSD-USD,GUSD,USD,2022-06-30,2025-05-07,delisted
GNO-USDT,GNO,USDT,2022-07-21,2023-03-09,delisted
MTL-USD,MTL,USD,2022-07-21,2024-06-14,delisted
ABT-USD,ABT,USD,2022-07-21,2026-09-15,online
GNO-USD,GNO,USD,2022-07-21,2026-09-15,online
SWFTC-USD,SWFTC,USD,2022-07-21,2026-09-15,online
SYLO-USDT,SYLO,USDT,2022-07-21,2023-09-13,delisted
SYLO-USD,SYLO,USD,2022-07-21,2024-01-04,delisted
NEST-USD,NEST,USD,2022-07-26,2023-09-05,delisted
NEST-USDT,NEST,USDT,2022-07-26,2023-09-05,delisted
RARE-USD,RARE,USD,2022-08-02,2026-09-15,online
TONE-USD,TONE,USD,2022-08-02,2023-11-03,delisted
STG-USD,STG,USD,2022-08-04,2026-09-15,online
LOKA-USD,LOKA,USD,2022-08-04,2025-12-10,delisted
STG-USDT,STG,USDT,2022-08-04,2023-03-14,delisted
ACH-USDT,ACH,USDT,2022-08-09,2023-10-16,delisted
BOND-USDT,BOND,USDT,2022-08-09,2023-09-05,delisted
OP-USDT,OP,USDT,2022-08-09,2026-09-15,online
JASMY-USDT,JASMY,USDT,2022-08-10,2026-09-15,online
CELR-USD,CELR,USD,2022-08-16,2026-09-15,online
CBETH-USD,CBETH,USD,2022-08-25,2026-09-15,online
OOKI-USD,OOKI,USD,2022-08-30,2023-09-06,delisted
MXC-USD,MXC,USD,2022-08-31,2023-11-03,delisted
NEAR-USD,NEAR,USD,2022-09-01,2026-09-15,online
NEAR-USDT,NEAR,USDT,2022-09-01,2026-09-15,online
AURORA-USD,AURORA,USD,2022-09-06,2026-09-15,online
OCEAN-USD,OCEAN,USD,2022-09-08,2026-09-15,online
CVX-USD,CVX,USD,2022-09-08,2026-09-15,online
INJ-USD,INJ,USD,2022-09-20,2026-09-15,online
PUNDIX-USD,PUNDIX,USD,2022-09-20,2026-09-15,online
PNG-USD,PNG,USD,2022-10-06,2026-09-15,online
00-USD,00,USD,2022-10-11,2026-09-15,online
ILV-USD,ILV,USD,2022-10-13,2026-09-15,online
HBAR-USDT,HBAR,USDT,2022-10-13,2026-09-15,online
HBAR-USD,HBAR,USD,2022-10-13,2026-09-15,online
APT-USD,APT,USD,2022-10-19,2026-09-15,online
WAXL-USD,WAXL,USD,2022-10-25,2026-09-15,online
APT-USDT,APT,USDT,2022-10-26,2026-05-08,delisted
MNDE-USD,MNDE,USD,2022-11-03,2026-09-15,online
MSOL-USD,MSOL,USD,2022-11-03,2026-09-15,online
HFT-USD,HFT,USD,2022-11-07,2026-09-15,online
HFT-USDT,HFT,USDT,2022-11-07,2023-10-16,delisted
LDO-USD,LDO,USD,2022-11-17,2026-09-15,online
QI-USD,QI,USD,2022-11-23,2026-09-15,online
PYR-USD,PYR,USD,2022-11-29,2026-09-15,online
GHST-USD,GHST,USD,2022-12-06,2026-09-15,online
LIT-USD,LIT,USD,2022-12-06,2025-05-16,delisted
EGLD-USD,EGLD,USD,2022-12-07,2026-09-15,online
ANT-USD,ANT,USD,2022-12-08,2024-01-05,delisted
RPL-USD,RPL,USD,2022-12-08,2026-09-15,online
MAGIC-USD,MAGIC,USD,2022-12-08,2026-09-15,online
KAVA-USD,KAVA,USD,2023-01-19,2026-09-15,online
T-USD,T,USD,2023-01-26,2026-09-15,online
AUDIO-USD,AUDIO,USD,2023-01-26,2026-09-15,online
AXL-USD,AXL,USD,2023-02-07,2026-09-15,online
VOXEL-USD,VOXEL,USD,2023-02-09,2026-09-15,online
BLUR-USD,BLUR,USD,2023-02-14,2026-09-15,online
ACS-USD,ACS,USD,2023-02-15,2026-09-15,online
PRIME-USD,PRIME,USD,2023-03-01,2026-09-15,online
LSETH-USD,LSETH,USD,2023-03-07,2026-09-15,online
ARB-USD,ARB,USD,2023-03-23,2026-09-15,online
FLR-USD,FLR,USD,2023-04-14,2026-09-15,online
TVK-USD,TVK,USD,2023-04-18,2025-01-29,delisted
DIMO-USD,DIMO,USD,2023-04-18,2026-09-15,online
SPA-USD,SPA,USD,2023-05-03,2026-09-15,online
MULTI-USD,MULTI,USD,2023-05-04,2023-09-06,delisted
SUI-USD,SUI,USD,2023-05-18,2026-09-15,online
OSMO-USD,OSMO,USD,2023-05-25,2026-09-15,online
HNT-USD,HNT,USD,2023-07-12,2026-09-15,online
XRP-USDT,XRP,USDT,2023-07-13,2026-09-15,online
XRP-USD,XRP,USD,2023-07-13,2026-09-15,online
SEI-USD,SEI,USD,2023-08-15,2026-09-15,online
PYUSD-USD,PYUSD,USD,2023-08-31,2025-04-24,delisted
VTHO-USD,VTHO,USD,2023-09-13,2026-09-15,online
VET-USD,VET,USD,2023-09-13,2026-09-15,online
VARA-USD,VARA,USD,2023-09-20,2026-09-15,online
BIGTIME-USD,BIGTIME,USD,2023-10-12,2026-09-15,online
TIA-USD,TIA,USD,2023-11-01,2026-09-15,online
JTO-USD,JTO,USD,2023-12-07,2026-09-15,online
SEAM-USD,SEAM,USD,2023-12-11,2026-05-18,delisted
BONK-USD,BONK,USD,2023-12-14,2026-09-15,online
HONEY-USD,HONEY,USD,2024-01-17,2026-09-15,online
ONDO-USD,ONDO,USD,2024-01-22,2026-09-15,online
ZETA-USD,ZETA,USD,2024-02-01,2026-09-15,online
AERO-USD,AERO,USD,2024-02-06,2026-09-15,online
VELO-USD,VELO,USD,2024-02-06,2026-09-15,online
RENDER-USD,RENDER,USD,2024-02-15,2026-09-15,online
STRK-USD,STRK,USD,2024-02-21,2026-09-15,online
MOBILE-USD,MOBILE,USD,2024-02-22,2025-06-26,delisted
AKT-USD,AKT,USD,2024-03-19,2026-09-15,online
RONIN-USD,RONIN,USD,2024-03-21,2026-03-30,delisted
ARKM-USD,ARKM,USD,2024-04-02,2026-09-15,online
TNSR-USD,TNSR,USD,2024-04-08,2026-09-15,online
SHDW-USD,SHDW,USD,2024-04-10,2026-09-15,online
OMNI-USD,OMNI,USD,2024-04-17,2026-08-07,delisted
KARRAT-USD,KARRAT,USD,2024-04-22,2026-09-15,online
SAFE-USD,SAFE,USD,2024-04-23,2026-09-15,online
NEON-USD,NEON,USD,2024-04-30,2026-09-15,online
DRIFT-USD,DRIFT,USD,2024-05-17,2026-09-15,online
PIRATE-USD,PIRATE,USD,2024-06-13,2026-08-07,delisted
ZRO-USD,ZRO,USD,2024-06-20,2026-09-15,online
CORECHAIN-USD,CORECHAIN,USD,2024-06-21,2026-09-15,online
EURC-USD,EURC,USD,2024-06-21,2024-08-29,delisted
BLAST-USD,BLAST,USD,2024-06-26,2026-09-15,online
A8-USD,A8,USD,2024-07-17,2026-09-15,online
LRDS-USD,LRDS,USD,2024-07-24,2026-09-15,online
SD-USD,SD,USD,2024-07-30,2026-09-15,online
G-USD,G,USD,2024-08-13,2026-09-15,online
ACX-USD,ACX,USD,2024-08-21,2026-07-28,delisted
POL-USD,POL,USD,2024-09-04,2026-09-15,online
ALEO-USD,ALEO,USD,2024-09-18,2026-09-15,online
ZETACHAIN-USD,ZETACHAIN,USD,2024-09-23,2026-09-15,online
COW-USD,COW,USD,2024-09-24,2026-09-15,online
WELL-USD,WELL,USD,2024-09-25,2026-09-15,online
ZK-USD,ZK,USD,2024-09-25,2026-09-15,online
EIGEN-USD,EIGEN,USD,2024-10-01,2026-09-15,online
IO-USD,IO,USD,2024-10-09,2026-09-15,online
DEGEN-USD,DEGEN,USD,2024-10-15,2026-09-15,online
SWELL-USD,SWELL,USD,2024-11-07,2026-09-15,online
WIF-USD,WIF,USD,2024-11-13,2026-09-15,online
PEPE-USD,PEPE,USD,2024-11-13,2026-09-15,online
FLOKI-USD,FLOKI,USD,2024-11-21,2026-09-15,online
MOODENG-USD,MOODENG,USD,2024-12-04,2026-09-15,online
MOG-USD,MOG,USD,2024-12-05,2026-09-15,online
MOVE-USD,MOVE,USD,2024-12-09,2025-05-15,delisted
ME-USD,ME,USD,2024-12-10,2026-09-15,online
GIGA-USD,GIGA,USD,2024-12-11,2026-09-15,online
TURBO-USD,TURBO,USD,2024-12-11,2026-09-15,online
PRCL-USD,PRCL,USD,2024-12-17,2026-09-15,online
PNUT-USD,PNUT,USD,2025-01-14,2026-09-15,online
TRUMP-USD,TRUMP,USD,2025-01-21,2026-09-15,online
TOSHI-USD,TOSHI,USD,2025-01-23,2026-09-15,online
VVV-USD,VVV,USD,2025-01-28,2026-09-15,online
ETHFI-USD,ETHFI,USD,2025-02-06,2026-09-15,online
BERA-USD,BERA,USD,2025-02-06,2026-09-15,online
B3-USD,B3,USD,2025-02-10,2026-09-15,online
PENGU-USD,PENGU,USD,2025-02-13,2026-09-15,online
IP-USD,IP,USD,2025-02-13,2026-09-15,online
POPCAT-USD,POPCAT,USD,2025-02-13,2026-09-15,online
PYTH-USD,PYTH,USD,2025-02-20,2026-09-15,online
TAO-USD,TAO,USD,2025-02-20,2026-09-15,online
KAITO-USD,KAITO,USD,2025-02-20,2026-09-15,online
MORPHO-USD,MORPHO,USD,2025-02-27,2026-09-15,online
REZ-USD,REZ,USD,2025-03-06,2026-09-15,online
COOKIE-USD,COOKIE,USD,2025-03-11,2026-09-15,online
RED-USD,RED,USD,2025-03-12,2026-09-15,online
ATH-USD,ATH,USD,2025-03-13,2026-09-15,online
SYRUP-USD,SYRUP,USD,2025-03-13,2026-09-15,online
PENDLE-USD,PENDLE,USD,2025-03-27,2026-09-15,online
FAI-USD,FAI,USD,2025-03-27,2026-09-15,online
ALT-USD,ALT,USD,2025-03-27,2026-09-15,online
L3-USD,L3,USD,2025-03-27,2026-09-15,online
DOGINME-USD,DOGINME,USD,2025-04-01,2026-09-15,online
KEYCAT-USD,KEYCAT,USD,2025-04-01,2026-09-15,online
EDGE-USD,EDGE,USD,2025-04-02,2026-09-15,online
PROMPT-USD,PROMPT,USD,2025-04-10,2026-09-15,online
KERNEL-USD,KERNEL,USD,2025-04-14,2026-09-15,online
RSR-USD,RSR,USD,2025-04-22,2026-09-15,online
CLANKER-USD,CLANKER,USD,2025-04-23,2026-09-15,online
ZORA-USD,ZORA,USD,2025-04-24,2026-09-15,online
WLD-USD,WLD,USD,2025-04-30,2026-09-15,online
MANTLE-USD,MANTLE,USD,2025-05-01,2026-09-15,online
SXT-USD,SXT,USD,2025-05-08,2026-09-15,online
PAXG-USD,PAXG,USD,2025-05-08,2026-09-15,online
LA-USD,LA,USD,2025-06-04,2026-09-15,online
ENA-USD,ENA,USD,2025-06-05,2026-09-15,online
HOME-USD,HOME,USD,2025-06-10,2026-09-15,online
SQD-USD,SQD,USD,2025-06-12,2026-09-15,online
CAKE-USD,CAKE,USD,2025-06-12,2026-09-15,online
FARTCOIN-USD,FARTCOIN,USD,2025-06-12,2026-09-15,online
SPK-USD,SPK,USD,2025-06-17,2026-09-15,online
NEWT-USD,NEWT,USD,2025-06-24,2026-09-15,online
S-USD,S,USD,2025-06-24,2026-09-15,online
W-USD,W,USD,2025-07-02,2026-09-15,online
USDS-USD,USDS,USD,2025-07-10,2026-09-15,online
SKY-USD,SKY,USD,2025-07-10,2026-09-15,online
PUMP-USD,PUMP,USD,2025-07-15,2026-09-15,online
ERA-USD,ERA,USD,2025-07-17,2026-09-15,online
MPLX-USD,MPLX,USD,2025-07-24,2026-09-15,online
JITOSOL-USD,JITOSOL,USD,2025-07-24,2026-09-15,online
TREE-USD,TREE,USD,2025-07-29,2026-09-15,online
BNKR-USD,BNKR,USD,2025-07-30,2026-09-15,online
RSC-USD,RSC,USD,2025-07-31,2026-09-15,online
BIO-USD,BIO,USD,2025-07-31,2026-09-15,online
PROVE-USD,PROVE,USD,2025-08-05,2026-09-15,online
TOWNS-USD,TOWNS,USD,2025-08-05,2026-09-15,online
MAMO-USD,MAMO,USD,2025-08-06,2026-09-15,online
EUL-USD,EUL,USD,2025-08-06,2026-09-15,online
COSMOSDYDX-USD,COSMOSDYDX,USD,2025-08-07,2026-09-15,online
WCT-USD,WCT,USD,2025-08-14,2026-09-15,online
SAPIEN-USD,SAPIEN,USD,2025-08-20,2026-09-15,online
USELESS-USD,USELESS,USD,2025-08-20,2026-09-15,online
USD1-USD,USD1,USD,2025-08-21,2026-09-15,online
WLFI-USD,WLFI,USD,2025-09-01,2026-09-15,online
AWE-USD,AWE,USD,2025-09-04,2026-09-15,online
AVNT-USD,AVNT,USD,2025-09-09,2026-09-15,online
SPX-USD,SPX,USD,2025-09-09,2026-09-15,online
FLOCK-USD,FLOCK,USD,2025-09-09,2026-09-15,online
KMNO-USD,KMNO,USD,2025-09-11,2026-09-15,online
LAYER-USD,LAYER,USD,2025-09-11,2026-09-15,online
DOLO-USD,DOLO,USD,2025-09-11,2026-09-15,online
ZKC-USD,ZKC,USD,2025-09-15,2026-09-15,online
BARD-USD,BARD,USD,2025-09-18,2026-09-15,online
CFG-USD,CFG,USD,2025-09-25,2026-09-15,online
TROLL-USD,TROLL,USD,2025-09-25,2026-09-15,online
XAN-USD,XAN,USD,2025-09-29,2026-09-15,online
NOICE-USD,NOICE,USD,2025-10-09,2026-09-15,online
LINEA-USD,LINEA,USD,2025-10-09,2026-09-15,online
SYND-USD,SYND,USD,2025-10-09,2026-09-15,online
RECALL-USD,RECALL,USD,2025-10-15,2026-09-15,online
YB-USD,YB,USD,2025-10-15,2026-09-15,online
2Z-USD,2Z,USD,2025-10-16,2026-09-15,online
BNB-USD,BNB,USD,2025-10-22,2026-09-15,online
KTA-USD,KTA,USD,2025-10-22,2026-09-15,online
APR-USD,APR,USD,2025-10-23,2026-09-15,online
MET-USD,MET,USD,2025-10-23,2026-09-15,online
DBR-USD,DBR,USD,2025-10-29,2026-09-15,online
KITE-USD,KITE,USD,2025-11-03,2026-09-15,online
TRUST-USD,TRUST,USD,2025-11-05,2026-09-15,online
ALLO-USD,ALLO,USD,2025-11-12,2026-09-15,online
NOM-USD,NOM,USD,2025-11-13,2026-09-15,online
SUP-USD,SUP,USD,2025-11-18,2026-09-15,online
TON-USD,TON,USD,2025-11-18,2026-09-15,online
ASTER-USD,ASTER,USD,2025-11-20,2026-09-15,online
BOBBOB-USD,BOBBOB,USD,2025-11-21,2026-09-15,online
MON-USD,MON,USD,2025-11-24,2026-09-15,online
WMTX-USD,WMTX,USD,2025-11-25,2026-09-15,online
IRYS-USD,IRYS,USD,2025-11-25,2026-09-15,online
FLUID-USD,FLUID,USD,2025-11-25,2026-09-15,online
RLS-USD,RLS,USD,2025-12-01,2026-09-15,online
XPL-USD,XPL,USD,2025-12-02,2026-09-15,online
WET-USD,WET,USD,2025-12-09,2026-09-15,online
JUPITER-USD,JUPITER,USD,2025-12-09,2026-09-15,online
HYPER-USD,HYPER,USD,2025-12-10,2026-09-15,online
PLUME-USD,PLUME,USD,2025-12-10,2026-09-15,online
BEAM-USD,BEAM,USD,2025-12-16,2026-09-15,online
THQ-USD,THQ,USD,2025-12-16,2026-09-15,online
ZKP-USD,ZKP,USD,2025-12-19,2026-09-15,online
BREV-USD,BREV,USD,2026-01-06,2026-09-15,online
RAY-USD,RAY,USD,2026-01-14,2026-09-15,online
LIGHTER-USD,LIGHTER,USD,2026-01-15,2026-09-15,online
FUN1-USD,FUN1,USD,2026-01-15,2026-09-15,online
ELSA-USD,ELSA,USD,2026-01-20,2026-09-15,online
SKR-USD,SKR,USD,2026-01-21,2026-09-15,online
SENT-USD,SENT,USD,2026-01-22,2026-09-15,online
IMU-USD,IMU,USD,2026-01-22,2026-09-15,online
FIGHT-USD,FIGHT,USD,2026-01-22,2026-09-15,online
BIRB-USD,BIRB,USD,2026-01-28,2026-09-15,online
INX-USD,INX,USD,2026-01-30,2026-09-15,online
ZAMA-USD,ZAMA,USD,2026-02-02,2026-09-15,online
TRIA-USD,TRIA,USD,2026-02-03,2026-09-15,online
HYPE-USD,HYPE,USD,2026-02-05,2026-09-15,online
RNBW-USD,RNBW,USD,2026-02-05,2026-09-15,online
DOOD-USD,DOOD,USD,2026-02-05,2026-09-15,online
UP-USD,UP,USD,2026-02-10,2026-09-15,online
WAL-USD,WAL,USD,2026-02-11,2026-09-15,online
DEEP-USD,DEEP,USD,2026-02-11,2026-09-15,online
RAVE-USD,RAVE,USD,2026-02-11,2026-09-15,online
AZTEC-USD,AZTEC,USD,2026-02-12,2026-09-15,online
ESP-USD,ESP,USD,2026-02-13,2026-09-15,online
GWEI-USD,GWEI,USD,2026-02-24,2026-09-15,online
ROBO-USD,ROBO,USD,2026-02-27,2026-09-15,online
OPN-USD,OPN,USD,2026-03-05,2026-09-15,online
LMTS-USD,LMTS,USD,2026-03-06,2026-09-15,online
KAT-USD,KAT,USD,2026-03-18,2026-09-15,online
PRL-USD,PRL,USD,2026-03-25,2026-09-15,online
ICNT-USD,ICNT,USD,2026-03-25,2026-09-15,online
BASED1-USD,BASED1,USD,2026-03-30,2026-09-15,online
EDGEX-USD,EDGEX,USD,2026-03-31,2026-09-15,online
MEZO-USD,MEZO,USD,2026-04-01,2026-09-15,online
CHECK-USD,CHECK,USD,2026-04-02,2026-09-15,online
SIGN-USD,SIGN,USD,2026-04-21,2026-09-15,online
OPG-USD,OPG,USD,2026-04-21,2026-09-15,online
CHIP-USD,CHIP,USD,2026-04-21,2026-09-15,online
DIEM-USD,DIEM,USD,2026-04-22,2026-09-15,online
BLEND-USD,BLEND,USD,2026-04-24,2026-09-15,online
PROS-USD,PROS,USD,2026-04-28,2026-09-15,online
AI-USD,AI,USD,2026-04-29,2026-09-15,online
VIRTUAL-USD,VIRTUAL,USD,2026-04-29,2026-09-15,online
MEGA-USD,MEGA,USD,2026-04-30,2026-09-15,online
BILL-USD,BILL,USD,2026-05-04,2026-09-15,online
KAIO-USD,KAIO,USD,2026-05-06,2026-09-15,online
WRON-USD,WRON,USD,2026-05-18,2026-09-15,online
NEX-USD,NEX,USD,2026-05-20,2026-09-15,online
CTR-USD,CTR,USD,2026-05-26,2026-09-15,online
DRV-USD,DRV,USD,2026-05-28,2026-09-15,online
META-USD,META,USD,2026-05-28,2026-09-15,online
O-USD,O,USD,2026-06-17,2026-09-15,online
RE-USD,RE,USD,2026-06-18,2026-09-15,online
ARX-USD,ARX,USD,2026-06-22,2026-09-15,online
GEOD-USD,GEOD,USD,2026-06-23,2026-09-15,online
CAP-USD,CAP,USD,2026-06-26,2026-09-15,online
GROVE-USD,GROVE,USD,2026-07-06,2026-09-15,online
GRVT-USD,GRVT,USD,2026-07-30,2026-09-15,online
ALIGN-USD,ALIGN,USD,2026-08-20,2026-09-15,online
DRB-USD,DRB,USD,2026-08-24,2026-09-15,online
BASECAT-USD,BASECAT,USD,2026-08-24,2026-09-15,online
GRASS-USD,GRASS,USD,2026-08-26,2026-09-15,online
CP-USD,CP,USD,2026-09-02,2026-09-15,online
