symbol,base,cb_product,cb_first_date,binance_day0,lag_days,cb_delisted
RAYUSDT,RAY,RAY-USD,2026-01-14,2021-08-10,-1618,0
CAKEUSDT,CAKE,CAKE-USD,2025-06-12,2021-02-19,-1574,0
PROSUSDT,PROS,PROS-USD,2026-04-28,2023-01-27,-1187,0
AIUSDT,AI,AI-USD,2026-04-29,2024-01-04,-846,0
LITUSDT,LIT,LIT-USD,2022-12-06,2021-02-04,-670,1
WLDUSDT,WLD,WLD-USD,2025-04-30,2023-07-24,-646,0
PENDLEUSDT,PENDLE,PENDLE-USD,2025-03-27,2023-07-03,-633,0
TVKUSDT,TVK,TVK-USD,2023-04-18,2021-08-06,-620,1
FLOKIUSDT,FLOKI,FLOKI-USD,2024-11-21,2023-05-05,-566,0
PEPEUSDT,PEPE,PEPE-USD,2024-11-13,2023-05-05,-558,0
PUNDIXUSDT,PUNDIX,PUNDIX-USD,2022-09-20,2021-04-09,-529,0
GHSTUSDT,GHST,GHST-USD,2022-12-06,2021-08-20,-473,0
FISUSDT,FIS,FIS-USDT,2022-06-16,2021-03-03,-470,1
TONUSDT,TON,TON-USD,2025-11-18,2024-08-08,-467,0
PONDUSDT,POND,POND-USD,2022-06-16,2021-03-09,-464,0
WUSDT,W,W-USD,2025-07-02,2024-04-03,-455,0
ENAUSDT,ENA,ENA-USD,2025-06-05,2024-04-02,-429,0
ALTUSDT,ALT,ALT-USD,2025-03-27,2024-01-25,-427,0
VOXELUSDT,VOXEL,VOXEL-USD,2023-02-09,2021-12-14,-422,0
MULTIUSDT,MULTI,MULTI-USD,2023-05-04,2022-04-06,-393,1
ILVUSDT,ILV,ILV-USD,2022-10-13,2021-09-22,-386,0
PYTHUSDT,PYTH,PYTH-USD,2025-02-20,2024-02-02,-384,0
VIRTUALUSDT,VIRTUAL,VIRTUAL-USD,2026-04-29,2025-04-11,-383,0
ATAUSDT,ATA,ATA-USDT,2022-06-16,2021-06-07,-374,1
QIUSDT,QI,QI-USD,2022-11-23,2021-11-15,-373,0
PYRUSDT,PYR,PYR-USD,2022-11-29,2021-11-26,-368,0
SIGNUSDT,SIGN,SIGN-USD,2026-04-21,2025-04-28,-358,0
ALICEUSDT,ALICE,ALICE-USD,2022-02-24,2021-03-15,-346,0
TUSDT,T,T-USD,2023-01-26,2022-02-25,-335,0
GNOUSDT,GNO,GNO-USDT,2022-07-21,2021-08-30,-325,1
ETHFIUSDT,ETHFI,ETHFI-USD,2025-02-06,2024-03-18,-325,0
C98USDT,C98,C98-USD,2022-06-07,2021-07-23,-319,0
TAOUSDT,TAO,TAO-USD,2025-02-20,2024-04-11,-315,0
REZUSDT,REZ,REZ-USD,2025-03-06,2024-04-30,-310,0
RAREUSDT,RARE,RARE-USD,2022-08-02,2021-10-11,-295,0
FLOWUSDT,FLOW,FLOW-USD,2022-05-19,2021-07-30,-293,0
ERNUSDT,ERN,ERN-USD,2022-03-08,2021-06-22,-259,1
CVXUSDT,CVX,CVX-USD,2022-09-08,2021-12-23,-259,0
ARKMUSDT,ARKM,ARKM-USD,2024-04-02,2023-07-18,-259,0
SUPERUSDT,SUPER,SUPER-USDT,2021-12-07,2021-03-25,-257,1
WIFUSDT,WIF,WIF-USD,2024-11-13,2024-03-05,-253,0
OOKIUSDT,OOKI,OOKI-USD,2022-08-30,2021-12-24,-249,1
MINAUSDT,MINA,MINA-USDT,2022-04-06,2021-08-10,-239,1
HYPERUSDT,HYPER,HYPER-USD,2025-12-10,2025-04-22,-232,0
BADGERUSDT,BADGER,BADGER-USD,2021-10-14,2021-03-02,-226,0
DARUSDT,DAR,DAR-USD,2022-06-16,2021-11-04,-224,1
PERPUSDT,PERP,PERP-USD,2021-10-19,2021-03-19,-214,0
LAYERUSDT,LAYER,LAYER-USD,2025-09-11,2025-02-11,-212,0
OSMOUSDT,OSMO,OSMO-USD,2023-05-25,2022-10-28,-209,0
BIOUSDT,BIO,BIO-USD,2025-07-31,2025-01-03,-209,0
TRUUSDT,TRU,TRU-USDT,2021-08-12,2021-01-19,-205,1
POLSUSDT,POLS,POLS-USD,2021-12-07,2021-05-19,-202,0
LOKAUSDT,LOKA,LOKA-USD,2022-08-04,2022-01-20,-196,1
LDOUSDT,LDO,LDO-USD,2022-11-17,2022-05-09,-192,0
SUSDT,S,S-USD,2025-06-24,2025-01-16,-159,0
KMNOUSDT,KMNO,KMNO-USD,2025-09-11,2025-05-06,-128,0
FIDAUSDT,FIDA,FIDA-USD,2022-02-01,2021-09-30,-124,0
WALUSDT,WAL,WAL-USD,2026-02-11,2025-10-10,-124,0
SHIBUSDT,SHIB,SHIB-USD,2021-09-09,2021-05-10,-122,0
WCTUSDT,WCT,WCT-USD,2025-08-14,2025-04-15,-121,0
IOUSDT,IO,IO-USD,2024-10-09,2024-06-11,-120,0
PLUMEUSDT,PLUME,PLUME-USD,2025-12-10,2025-08-18,-114,0
AWEUSDT,AWE,AWE-USD,2025-09-04,2025-05-21,-106,0
ZKUSDT,ZK,ZK-USD,2024-09-25,2024-06-17,-100,0
USD1USDT,USD1,USD1-USD,2025-08-21,2025-05-22,-91,0
IDEXUSDT,IDEX,IDEX-USD,2021-12-07,2021-09-09,-89,1
TURBOUSDT,TURBO,TURBO-USD,2024-12-11,2024-09-16,-86,0
HIGHUSDT,HIGH,HIGH-USD,2022-03-08,2021-12-17,-81,0
RNDRUSDT,RNDR,RNDR-USD,2022-02-03,2021-11-27,-68,1
XPLUSDT,XPL,XPL-USD,2025-12-02,2025-09-25,-68,0
GALAUSDT,GALA,GALA-USD,2021-11-16,2021-09-13,-64,1
PNUTUSDT,PNUT,PNUT-USD,2025-01-14,2024-11-11,-64,0
COOKIEUSDT,COOKIE,COOKIE-USD,2025-03-11,2025-01-10,-60,0
PENGUUSDT,PENGU,PENGU-USD,2025-02-13,2024-12-17,-58,0
MASKUSDT,MASK,MASK-USD,2021-07-15,2021-05-25,-51,0
GMTUSDT,GMT,GMT-USDT,2022-04-28,2022-03-09,-50,1
ASTERUSDT,ASTER,ASTER-USD,2025-11-20,2025-10-06,-45,0
RONINUSDT,RONIN,RONIN-USD,2024-03-21,2024-02-05,-45,1
NOMUSDT,NOM,NOM-USD,2025-11-13,2025-10-01,-43,0
LINEAUSDT,LINEA,LINEA-USD,2025-10-09,2025-09-10,-29,0
LPTUSDT,LPT,LPT-USD,2021-06-24,2021-05-28,-27,0
GUSDT,G,G-USD,2024-08-13,2024-07-19,-25,0
MIRUSDT,MIR,MIR-USD,2021-05-06,2021-04-19,-17,1
DOLOUSDT,DOLO,DOLO-USD,2025-09-11,2025-08-27,-15,0
SUIUSDT,SUI,SUI-USD,2023-05-18,2023-05-03,-15,0
2ZUSDT,2Z,2Z-USD,2025-10-16,2025-10-02,-14,0
REDUSDT,RED,RED-USD,2025-03-12,2025-02-28,-12,0
ENSUSDT,ENS,ENS-USDT,2021-11-16,2021-11-10,-6,1
TRUMPUSDT,TRUMP,TRUMP-USD,2025-01-21,2025-01-19,-2,0
STRKUSDT,STRK,STRK-USD,2024-02-21,2024-02-20,-1,0
ALLOUSDT,ALLO,ALLO-USD,2025-11-12,2025-11-11,-1,0
ESPUSDT,ESP,ESP-USD,2026-02-13,2026-02-12,-1,0
TIAUSDT,TIA,TIA-USD,2023-11-01,2023-10-31,-1,0
BREVUSDT,BREV,BREV-USD,2026-01-06,2026-01-06,0,0
ERAUSDT,ERA,ERA-USD,2025-07-17,2025-07-17,0,0
OPNUSDT,OPN,OPN-USD,2026-03-05,2026-03-05,0,0
KATUSDT,KAT,KAT-USD,2026-03-18,2026-03-18,0,0
MEGAUSDT,MEGA,MEGA-USD,2026-04-30,2026-04-30,0,0
CHIPUSDT,CHIP,CHIP-USD,2026-04-21,2026-04-21,0,0
SENTUSDT,SENT,SENT-USD,2026-01-22,2026-01-22,0,0
ZAMAUSDT,ZAMA,ZAMA-USD,2026-02-02,2026-02-02,0,0
MEUSDT,ME,ME-USD,2024-12-10,2024-12-10,0,0
KITEUSDT,KITE,KITE-USD,2025-11-03,2025-11-03,0,0
NEWTUSDT,NEWT,NEWT-USD,2025-06-24,2025-06-24,0,0
SXTUSDT,SXT,SXT-USD,2025-05-08,2025-05-08,0,0
ZROUSDT,ZRO,ZRO-USD,2024-06-20,2024-06-20,0,0
TOWNSUSDT,TOWNS,TOWNS-USD,2025-08-05,2025-08-05,0,0
PROVEUSDT,PROVE,PROVE-USD,2025-08-05,2025-08-05,0,0
WLFIUSDT,WLFI,WLFI-USD,2025-09-01,2025-09-01,0,0
EIGENUSDT,EIGEN,EIGEN-USD,2024-10-01,2024-10-01,0,0
KERNELUSDT,KERNEL,KERNEL-USD,2025-04-14,2025-04-14,0,0
BARDUSDT,BARD,BARD-USD,2025-09-18,2025-09-18,0,0
BERAUSDT,BERA,BERA-USD,2025-02-06,2025-02-06,0,0
KAITOUSDT,KAITO,KAITO-USD,2025-02-20,2025-02-20,0,0
SPKUSDT,SPK,SPK-USD,2025-06-17,2025-06-17,0,0
MOVEUSDT,MOVE,MOVE-USD,2024-12-09,2024-12-09,0,1
YBUSDT,YB,YB-USD,2025-10-15,2025-10-15,0,0
ZKCUSDT,ZKC,ZKC-USD,2025-09-15,2025-09-15,0,0
TREEUSDT,TREE,TREE-USD,2025-07-29,2025-07-29,0,0
SEIUSDT,SEI,SEI-USD,2023-08-15,2023-08-15,0,0
TNSRUSDT,TNSR,TNSR-USD,2024-04-08,2024-04-08,0,0
OMNIUSDT,OMNI,OMNI-USD,2024-04-17,2024-04-17,0,1
ARBUSDT,ARB,ARB-USD,2023-03-23,2023-03-23,0,0
APTUSDT,APT,APT-USD,2022-10-19,2022-10-19,0,0
OPUSDT,OP,OP-USD,2022-06-01,2022-06-01,0,0
GALUSDT,GAL,GAL-USDT,2022-05-05,2022-05-05,0,1
APEUSDT,APE,APE-USDT,2022-03-17,2022-03-17,0,0
HFTUSDT,HFT,HFT-USD,2022-11-07,2022-11-07,0,0
KEEPUSDT,KEEP,KEEP-USD,2021-06-17,2021-06-17,0,1
REUSDT,RE,RE-USD,2026-06-18,2026-06-18,0,0
JTOUSDT,JTO,JTO-USD,2023-12-07,2023-12-07,0,0
GTCUSDT,GTC,GTC-USD,2021-06-10,2021-06-10,0,0
POWRUSDT,POWR,POWR-USD,2021-11-16,2021-11-17,1,0
BONKUSDT,BONK,BONK-USD,2023-12-14,2023-12-15,1,0
ICPUSDT,ICP,ICP-USD,2021-05-10,2021-05-11,1,0
QUICKUSDT,QUICK,QUICK-USD,2021-08-12,2021-08-13,1,1
FORTHUSDT,FORTH,FORTH-USD,2021-04-21,2021-04-23,2,0
HOMEUSDT,HOME,HOME-USD,2025-06-10,2025-06-12,2,0
VGXUSDT,VGX,VGX-USD,2021-11-18,2021-11-22,4,1
MAGICUSDT,MAGIC,MAGIC-USD,2022-12-08,2022-12-12,4,0
ROBOUSDT,ROBO,ROBO-USD,2026-02-27,2026-03-04,5,0
AVNTUSDT,AVNT,AVNT-USD,2025-09-09,2025-09-15,6,0
BICOUSDT,BICO,BICO-USD,2021-12-01,2021-12-09,8,0
REQUSDT,REQ,REQ-USDT,2021-08-12,2021-08-20,8,1
POLUSDT,POL,POL-USD,2024-09-04,2024-09-13,9,0
AUCTIONUSDT,AUCTION,AUCTION-USD,2021-10-19,2021-10-29,10,0
BONDUSDT,BOND,BOND-USD,2021-06-24,2021-07-05,11,1
TRIBEUSDT,TRIBE,TRIBE-USD,2021-08-12,2021-08-24,12,1
FARMUSDT,FARM,FARM-USD,2021-07-29,2021-08-11,13,0
CLVUSDT,CLV,CLV-USD,2021-07-15,2021-07-29,14,1
AGLDUSDT,AGLD,AGLD-USD,2021-09-21,2021-10-05,14,0
ALCXUSDT,ALCX,ALCX-USD,2021-11-16,2021-11-30,14,0
STGUSDT,STG,STG-USDT,2022-08-04,2022-08-19,15,1
SPELLUSDT,SPELL,SPELL-USDT,2021-12-07,2021-12-24,17,1
ZKPUSDT,ZKP,ZKP-USD,2025-12-19,2026-01-07,19,0
METUSDT,MET,MET-USD,2025-10-23,2025-11-13,21,0
MLNUSDT,MLN,MLN-USD,2021-06-10,2021-07-05,25,0
OPGUSDT,OPG,OPG-USD,2026-04-21,2026-05-22,31,0
IMXUSDT,IMX,IMX-USDT,2021-12-09,2022-01-10,32,0
QNTUSDT,QNT,QNT-USD,2021-06-24,2021-07-29,35,0
LAUSDT,LA,LA-USD,2025-06-04,2025-07-09,35,0
RADUSDT,RAD,RAD-USD,2021-09-01,2021-10-07,36,0
RPLUSDT,RPL,RPL-USD,2022-12-08,2023-01-18,41,0
API3USDT,API3,API3-USDT,2021-12-09,2022-01-21,43,1
COWUSDT,COW,COW-USD,2024-09-24,2024-11-06,43,0
POLYUSDT,POLY,POLY-USD,2021-07-27,2021-09-09,44,1
JASMYUSDT,JASMY,JASMY-USD,2021-10-07,2021-11-22,46,0
SYRUPUSDT,SYRUP,SYRUP-USD,2025-03-13,2025-05-06,54,0
RGTUSDT,RGT,RGT-USD,2021-09-09,2021-11-05,57,1
PUMPUSDT,PUMP,PUMP-USD,2025-07-15,2025-09-11,58,0
EULUSDT,EUL,EUL-USD,2025-08-06,2025-10-13,68,0
SKYUSDT,SKY,SKY-USD,2025-07-10,2025-09-17,69,0
SAPIENUSDT,SAPIEN,SAPIEN-USD,2025-08-20,2025-11-06,78,0
ACXUSDT,ACX,ACX-USD,2024-08-21,2024-12-06,107,1
PLAUSDT,PLA,PLA-USD,2021-08-04,2021-11-23,111,1
USTUSDT,UST,UST-USDT,2021-08-12,2021-12-24,134,1
ACHUSDT,ACH,ACH-USD,2021-08-03,2022-01-10,160,0
RENDERUSDT,RENDER,RENDER-USD,2024-02-15,2024-07-26,162,0
AMPUSDT,AMP,AMP-USD,2021-06-10,2021-11-23,166,0
CFGUSDT,CFG,CFG-USD,2025-09-25,2026-03-16,172,0
NUUSDT,NU,NU-USD,2020-12-02,2021-06-04,184,1
MORPHOUSDT,MORPHO,MORPHO-USD,2025-02-27,2025-10-03,218,0
BLURUSDT,BLUR,BLUR-USD,2023-02-14,2023-11-24,283,0
ASTUSDT,AST,AST-USD,2022-06-28,2023-05-19,325,0
SYNUSDT,SYN,SYN-USD,2022-03-09,2023-02-22,350,1
GLMUSDT,GLM,GLM-USD,2022-03-09,2023-03-17,373,0
AXLUSDT,AXL,AXL-USD,2023-02-07,2024-03-01,388,0
LQTYUSDT,LQTY,LQTY-USD,2022-01-13,2023-02-28,411,0
AERGOUSDT,AERGO,AERGO-USD,2022-03-08,2023-05-05,423,0
SNTUSDT,SNT,SNT-USD,2022-03-08,2023-05-19,437,1
ONDOUSDT,ONDO,ONDO-USD,2024-01-22,2025-04-11,445,0
LOOMUSDT,LOOM,LOOM-USD,2021-11-03,2023-03-24,506,1
BIGTIMEUSDT,BIGTIME,BIGTIME-USD,2023-10-12,2025-04-11,547,0
JUPUSDT,JUP,JUP-USD,2022-06-23,2024-01-31,587,1
METISUSDT,METIS,METIS-USDT,2022-06-28,2024-03-11,622,1
AEROUSDT,AERO,AERO-USD,2024-02-06,2026-07-17,892,0
WBTCUSDT,WBTC,WBTC-USD,2020-10-20,2023-04-28,920,1
ORCAUSDT,ORCA,ORCA-USD,2022-02-01,2024-12-06,1039,0
