product_id,base,quote,day0_date,delisted,fwd_1,trunc_1,fwd_3,trunc_3,fwd_7,trunc_7,fwd_14,trunc_14,fwd_30,trunc_30
SUSHI-USD,SUSHI,USD,2021-03-11,0,0.04122440227297086,0,0.10855580572531354,0,0.058057253136056586,0,-0.20521067867481502,0,-0.22215074514849364,0
SKL-USD,SKL,USD,2021-03-11,0,0.11401515151515151,0,0.029040404040403978,0,-0.12575757575757573,0,-0.3476010101010101,0,-0.10833333333333328,0
MATIC-USD,MATIC,USD,2021-03-11,1,-0.02215413622436957,0,-0.10157907141173705,0,-0.08248880509073775,0,-0.2922460523214706,0,-0.15696441197266087,0
ADA-USD,ADA,USD,2021-03-18,0,0.06308943089430907,0,-0.03373983739837405,0,-0.10869918699186987,0,-0.037235772357723684,0,0.11967479674796744,0
STORJ-USD,STORJ,USD,2021-03-25,0,0.09487983281086732,0,0.8859630790665274,0,1.0976663183559734,0,0.820271682340648,0,0.2113549285963079,0
CRV-USD,CRV,USD,2021-03-25,0,0.09995395755723901,0,0.26629274622242693,0,0.38449625381942987,0,0.28814197815076814,0,-0.006362228454229624,0
ANKR-USD,ANKR,USD,2021-03-25,0,0.09160242742332292,0,0.3650975889781858,0,0.32696408069542393,0,0.2666885353452515,0,0.0219780219780219,0
ENJ-USD,ENJ,USD,2021-04-09,1,-0.06144437973209094,0,-0.12638322655794998,0,-0.1217239370995924,0,-0.34507862550960977,0,-0.29004076878276064,0
OGN-USD,OGN,USD,2021-04-09,0,-0.10998307952622677,0,-0.1820642978003385,0,-0.23011844331641296,0,-0.4314720812182742,0,-0.47208121827411165,0
NKN-USD,NKN,USD,2021-04-09,0,-0.20701374942067052,0,-0.3287501931098409,0,-0.4019774447705855,0,-0.5375405530665842,0,-0.5173026417426232,0
1INCH-USD,1INCH,USD,2021-04-09,0,-0.06291877757803555,0,-0.10116032031377675,0,-0.04804706651413626,0,-0.29955875142997224,0,0.15770550743585554,0
BAT-USD,BAT,USD,2021-04-20,0,-0.04972375690607733,0,-0.07182320441988943,0,-0.02841357537490119,0,-0.08050513022888706,0,-0.3078137332280978,0
MANA-USD,MANA,USD,2021-04-20,0,-0.051355206847360835,0,-0.11554921540656204,0,-0.0641940085592011,0,-0.09700427960057056,0,-0.31669044222539233,0
FORTH-USD,FORTH,USD,2021-04-21,0,-0.3865816573871399,0,-0.43880654023005394,0,-0.5101291298790969,0,-0.44352220475679804,0,-0.7137841371509159,0
USDT-USD,USDT,USD,2021-05-04,0,0.0006995802518490191,0,0.0004997001798923151,0,0.000599640215870556,0,0.0,0,-0.000499700179891982,0
ETH-USDT,ETH,USDT,2021-05-04,0,0.08692058596761765,0,0.07419892058596766,0,0.2865104086353123,0,0.0406877409406321,0,-0.11882498072474945,0
BTC-USDT,BTC,USDT,2021-05-04,0,0.08355601580054373,0,0.08061108454482202,0,0.06878951526062083,0,-0.1916740475294263,0,-0.26028940018890234,0
RLC-USD,RLC,USD,2021-05-06,0,-0.03244362632305564,0,2.64242982052462,0,0.6396686608375519,0,0.6086056143580303,0,0.04624942475839844,0
MIR-USD,MIR,USD,2021-05-06,1,-0.053199691595990695,0,-0.00597532767925979,0,-0.23043562066306855,0,-0.3955281418658442,0,-0.5353700848111025,0
CTSI-USD,CTSI,USD,2021-05-06,0,0.2044673539518902,0,0.7871870397643594,0,0.07793323514972994,0,0.14506627393225346,0,-0.1746440844378988,0
TRB-USD,TRB,USD,2021-05-06,0,-0.04326369468662605,0,0.37083950211109284,0,-0.07917055071192258,0,-0.37994187640511046,0,-0.4450933084754437,0
ICP-USD,ICP,USD,2021-05-10,0,-0.14791724241302917,0,-0.2940030258886792,0,-0.5410462267730256,0,-0.6533835149959484,0,-0.8091184171698105,0
ICP-USDT,ICP,USDT,2021-05-10,1,-0.137307444225224,0,-0.2867800500834725,0,-0.535712930641979,0,-0.654336299134922,0,-0.8069035513735013,0
DOGE-USDT,DOGE,USDT,2021-06-03,0,-0.061316051844466646,0,-0.07377866400797606,0,-0.1871884346959123,0,-0.23654037886340973,0,-0.3870887337986042,0
DOGE-USD,DOGE,USD,2021-06-03,0,-0.06127023661270237,0,-0.0742216687422168,0,-0.18779576587795765,0,-0.23686176836861772,0,-0.386052303860523,0
MLN-USD,MLN,USD,2021-06-10,0,-0.20379610974071216,0,-0.07848306249646941,0,-0.23531737812341125,0,-0.3826802493080008,0,-0.11781874329184472,0
GTC-USD,GTC,USD,2021-06-10,0,-0.13781296811470145,0,-0.2637848633996719,0,-0.4014551679863043,0,-0.5928382908909338,0,-0.54989656894215,0
AMP-USD,AMP,USD,2021-06-10,0,-0.15892954669579462,0,-0.17353904969961764,0,0.3339705079191697,0,-0.11769524849808854,0,-0.2609229929000546,0
DOT-USD,DOT,USD,2021-06-16,0,-0.021137152777777724,0,-0.1220920138888888,0,-0.31367187499999993,0,-0.2875,0,-0.4780381944444444,0
DOT-USDT,DOT,USDT,2021-06-16,0,-0.02453083690894109,0,-0.12222077753218052,0,-0.3097126511506957,0,-0.2912061717158584,0,-0.4811251246045162,0
CHZ-USDT,CHZ,USDT,2021-06-17,1,-0.1133988936693302,0,-0.11032575291948388,0,-0.2326367547633682,0,-0.25937307928703146,0,-0.26767055931161654,0
SOL-USDT,SOL,USDT,2021-06-17,0,-0.061871458471591145,0,-0.09872887845219247,0,-0.20414518352136402,0,-0.15258563479503795,0,-0.31698912655061506,0
KEEP-USD,KEEP,USD,2021-06-17,1,-0.15406744446220244,0,-0.33578392200735174,0,-0.5683234777049704,0,-0.5970912577912738,0,-0.5828671887486016,0
CHZ-USD,CHZ,USD,2021-06-17,0,-0.10810810810810811,0,-0.1154791154791156,0,-0.2334152334152334,0,-0.26136363636363635,0,-0.26535626535626533,0
SOL-USD,SOL,USD,2021-06-17,0,-0.06135031847133765,0,-0.10137579617834391,0,-0.20542675159235668,0,-0.15184713375796177,0,-0.3181146496815287,0
BOND-USD,BOND,USD,2021-06-24,1,-0.12346032655399586,0,-0.1638498997421941,0,0.08307075336579794,0,-0.13205385276425086,0,-0.3675164709252363,0
QNT-USD,QNT,USD,2021-06-24,0,0.1664118246687054,0,0.04166666666666652,0,-0.13876146788990829,0,-0.04383282364933738,0,0.05925076452599387,0
LPT-USD,LPT,USD,2021-06-24,0,-0.14531384350816867,0,-0.1306964746345659,0,-0.20980223559759248,0,-0.3000859845227859,0,-0.47979363714531387,0
MASK-USDT,MASK,USDT,2021-07-15,1,-0.19917864476386038,0,-0.20944558521560575,0,-0.3347022587268994,0,-0.1806981519507187,0,0.4312114989733058,0
RLY-USD,RLY,USD,2021-07-15,1,-0.05661898045536973,0,-0.10961112230505743,0,-0.22083417287930696,0,-0.11102155954060056,0,0.11686479951642159,0
RLY-USDT,RLY,USDT,2021-07-15,1,-0.05871670702179166,0,-0.10552865213882157,0,-0.22276029055690072,0,-0.10835351089588374,0,0.11985472154963683,0
MASK-USD,MASK,USD,2021-07-15,0,-0.18840579710144933,0,-0.20496894409937894,0,-0.3291925465838509,0,-0.18012422360248448,0,0.44099378881987583,0
CLV-USDT,CLV,USDT,2021-07-15,1,-0.39160839160839156,0,-0.055944055944055826,0,-0.1748251748251748,0,-0.10489510489510478,0,0.06293706293706292,0
CLV-USD,CLV,USD,2021-07-15,1,-0.3931034482758621,0,-0.06896551724137923,0,-0.18620689655172418,0,-0.11724137931034473,0,0.04137931034482767,0
FET-USD,FET,USD,2021-07-27,0,-0.11892029539088367,0,-0.03845174433409726,0,-0.04965622612681442,0,0.2902979373567609,0,0.31398013750954923,0
FET-USDT,FET,USDT,2021-07-27,0,-0.06864864864864861,0,0.015135135135135203,0,-0.0008108108108109136,0,0.26135135135135146,0,0.3927027027027026,0
POLY-USD,POLY,USD,2021-07-27,1,-0.053462940461725506,0,0.134872417982989,0,0.036857027136492526,0,0.24179829890643978,0,0.40947752126366943,0
PAX-USD,PAX,USD,2021-07-27,0,0.0,0,0.0,0,0.0,0,-0.00990099009900991,0,0.0,0
PAX-USDT,PAX,USDT,2021-07-27,1,0.010000000000000009,0,0.0,0,0.0,0,0.0,0,0.010000000000000009,0
FARM-USD,FARM,USD,2021-07-29,0,0.75,0,0.547638888888889,0,0.19819444444444434,0,1.0219444444444448,0,0.973611111111111,0
POLY-USDT,POLY,USDT,2021-07-30,1,0.03925233644859816,0,0.011962616822429828,0,0.016822429906542036,0,0.13981308411214943,0,0.3409345794392524,0
ACH-USD,ACH,USD,2021-08-03,0,0.1532051282051281,0,5.658205128205128,0,2.892307692307692,0,1.8738888888888892,0,3.185769230769231,0
RAI-USD,RAI,USD,2021-08-03,1,-0.016339869281045805,0,-0.02287581699346397,0,-0.013137254901960826,0,-0.018888888888888844,0,-0.013333333333333308,0
PLA-USD,PLA,USD,2021-08-04,1,-0.0036238981390791514,0,-0.12066601371204688,0,0.023310479921645477,0,-0.07022526934378048,0,0.1973555337904016,0
TRIBE-USD,TRIBE,USD,2021-08-12,1,-0.008873114463176623,0,-0.02395740905057675,0,-0.02395740905057675,0,0.29162969535640326,0,-0.05353445726116535,0
AXS-USD,AXS,USD,2021-08-12,0,0.06855326876513312,0,0.029055690072639306,0,0.08550242130750618,0,0.0534200968523002,0,0.04207021791767551,0
IOTX-USD,IOTX,USD,2021-08-12,0,-0.10810081008100814,0,-0.22655265526552648,0,-0.26804680468046804,0,-0.34743474347434755,0,-0.43960396039603955,0
TRU-USD,TRU,USD,2021-08-12,1,0.0015214384508990264,0,-0.09681881051175656,0,-0.08630705394190874,0,-0.2688796680497926,0,-0.4179806362378976,0
QUICK-USD,QUICK,USD,2021-08-12,1,0.14406779661016955,0,0.013474576271186312,0,-0.06778248587570623,0,-0.14548022598870058,0,-0.37661016949152537,0
ORN-USD,ORN,USD,2021-08-12,1,0.004459308807134743,0,-0.04682274247491636,0,0.09253065774804914,0,-0.1081382385730213,0,-0.03790412486064654,0
ORN-USDT,ORN,USDT,2021-08-12,1,0.018120045300113352,0,-0.028312570781426905,0,0.0939977349943375,0,-0.10645526613816536,0,-0.022650056625141524,0
REQ-USD,REQ,USD,2021-08-12,0,-0.26323025712769554,0,-0.42447778474600795,0,-0.23250036181195433,0,-0.43525978098316365,0,-0.4871918568189493,0
UST-USDT,UST,USDT,2021-08-12,1,0.001996007984031989,0,0.0,0,0.001996007984031989,0,-0.0009980039920161055,0,0.001996007984031989,0
REQ-USDT,REQ,USDT,2021-08-12,1,-0.25514243388299307,0,-0.425844524856109,0,-0.22607280763533044,0,-0.43038589503849234,0,-0.4834009277023582,0
WLUNA-USD,WLUNA,USD,2021-08-12,1,0.07284768211920545,0,0.1613485851896448,0,0.7664057796508128,0,0.6213124623720652,0,1.3582179409993982,0
UST-USD,UST,USD,2021-08-12,1,0.001996007984031989,0,0.0009980039920158834,0,0.001996007984031989,0,-0.0009980039920161055,0,0.001996007984031989,0
TRU-USDT,TRU,USDT,2021-08-12,1,0.01307371349095976,0,-0.07941585535465912,0,-0.06286509040333799,0,-0.2642559109874826,0,-0.4214186369958275,0
AXS-USDT,AXS,USDT,2021-08-12,1,0.061924180637366044,0,0.027035191058752517,0,0.0848814378492675,0,0.05271107083522142,0,0.036852439208578947,0
WLUNA-USDT,WLUNA,USDT,2021-08-12,1,0.07456404088995794,0,0.16476247745039108,0,0.7708959711365004,0,0.6217678893565846,0,1.3607937462417317,0
COTI-USD,COTI,USD,2021-08-26,0,0.06851506264995999,0,-0.03359104238869637,0,-0.09277525993068514,0,-0.19994668088509737,0,0.5406558251133031,0
RAD-USD,RAD,USD,2021-09-01,0,-0.07335640138408295,0,-0.12871972318339098,0,-0.2975778546712802,0,-0.28304498269896194,0,-0.4055363321799308,0
DDX-USD,DDX,USD,2021-09-01,1,-0.12457627118644077,0,-0.18220338983050854,0,-0.3550847457627119,0,-0.4118644067796611,0,-0.40762711864406787,0
RAD-USDT,RAD,USDT,2021-09-01,1,-0.07798481711525196,0,-0.14354727398205658,0,-0.30020703933747406,0,-0.2829537612146308,0,-0.4085576259489303,0
YFII-USD,YFII,USD,2021-09-01,1,-0.08457325736546106,0,-0.11647143436077911,0,-0.2511200562550957,0,-0.24688971150041883,0,-0.3132601525871417,0
DDX-USDT,DDX,USDT,2021-09-02,1,-0.05177372962607851,0,-0.10258868648130393,0,-0.32502396931927136,0,-0.3835091083413231,0,-0.34803451581975076,0
SHIB-USD,SHIB,USD,2021-09-09,0,-0.8761904761904762,0,-0.8781305114638448,0,-0.844620811287478,0,-0.8650793650793651,0,-0.5289241622574956,0
RGT-USD,RGT,USD,2021-09-09,1,-0.05011520737327191,0,-0.11347926267281094,0,-0.06105990783410131,0,0.024769585253456183,0,0.6981566820276499,0
SHIB-USDT,SHIB,USDT,2021-09-09,0,-0.8763649172243748,0,-0.8783022190912293,0,-0.8455442057062346,0,-0.8654455794293765,0,-0.5295878830574146,0
XYO-USD,XYO,USD,2021-09-09,0,0.4223465682481098,0,0.33138877314125836,0,0.05000297636764084,0,-0.09816060479790467,0,0.1700398833263883,0
XYO-USDT,XYO,USDT,2021-09-14,1,-0.012439284444970888,0,-0.1976780002369387,0,-0.32827863997156737,0,-0.37718279824665324,0,-0.2848003791020022,0
BTRST-USDT,BTRST,USDT,2021-09-15,1,-0.1777805118110236,0,-0.4464812992125985,0,-0.6388410433070866,0,-0.7014025590551181,0,-0.7094918799212598,0
BTRST-USD,BTRST,USD,2021-09-15,0,-0.1859794064939404,0,-0.4562160191963066,0,-0.6435926252164141,0,-0.7053427694924521,0,-0.7131792364000851,0
ZEN-USD,ZEN,USD,2021-09-16,0,-0.08630632391750559,0,-0.0959827973805103,0,-0.23370149545498975,0,-0.323819763463982,0,-0.2294008405825433,0
ZEN-USDT,ZEN,USDT,2021-09-17,1,0.0136825227151256,0,-0.1864243719935863,0,-0.27332977017637616,0,-0.19604489577765905,0,-0.15456974879743446,0
AGLD-USDT,AGLD,USDT,2021-09-21,1,0.031746031746031855,0,-0.05714285714285705,0,-0.13650793650793647,0,0.48888888888888915,0,0.07301587301587298,0
AGLD-USD,AGLD,USD,2021-09-21,0,0.03095975232198156,0,-0.08049535603715163,0,-0.1578947368421052,0,0.4674922600619196,0,0.04024767801857587,0
AVAX-USD,AVAX,USD,2021-09-30,0,0.015884909336130626,0,0.04210999550427097,0,-0.07942454668065346,0,-0.15660122883260907,0,-0.06323992207402973,0
AVAX-USDT,AVAX,USDT,2021-09-30,0,0.012404722761919063,0,0.03661635032132726,0,-0.08160215214467181,0,-0.15961739650276496,0,-0.06650724854281864,0
WCFG-USDT,WCFG,USDT,2021-10-07,1,-0.03529411764705881,0,-0.11176470588235288,0,0.24705882352941178,0,0.12352941176470589,0,0.22352941176470598,0
WCFG-USD,WCFG,USD,2021-10-07,1,-0.04117647058823537,0,-0.11176470588235288,0,0.24705882352941178,0,0.12941176470588234,0,0.21176470588235308,0
FX-USD,FX,USD,2021-10-07,1,-0.20177851704945293,0,-0.32160450387051365,0,-0.2003070820804811,0,-0.13889066598426192,0,-0.2365171774038769,0
JASMY-USD,JASMY,USD,2021-10-07,0,-0.2408448564048017,0,-0.06549156663121103,0,-0.0012156207263332997,0,-0.07476067466950298,0,2.150129159702173,0
RARI-USD,RARI,USD,2021-10-14,0,-0.00806126561870213,0,-0.1039903264812575,0,-0.15316404675534045,0,-0.26320032245062464,0,-0.17291414752116074,0
BADGER-USD,BADGER,USD,2021-10-14,0,-0.15714285714285725,0,-0.23165266106442584,0,-0.28515406162464996,0,-0.26358543417366953,0,-0.061344537815126166,0
BADGER-USDT,BADGER,USDT,2021-10-14,1,-0.13842619184376792,0,-0.20907524411257905,0,-0.2653647329121195,0,-0.24842044801838015,0,-0.04049396898334301,0
PERP-USDT,PERP,USDT,2021-10-19,1,0.008099688473520272,0,-0.006853582554517179,0,0.061059190031152566,0,0.08286604361370697,0,-0.12834890965732093,0
ARPA-USD,ARPA,USD,2021-10-19,0,-0.04645760743321703,0,-0.11324041811846686,0,-0.1544715447154471,0,0.10336817653890829,0,-0.12891986062717764,0
AUCTION-USD,AUCTION,USD,2021-10-19,0,0.07925200356188777,0,0.2680320569902048,0,0.17067379044226771,0,0.1169486494508758,0,-0.1193232413178984,0
PERP-USD,PERP,USD,2021-10-19,0,0.0037174721189590088,0,-0.009913258983890949,0,0.05638166047087978,0,0.07558859975216836,0,-0.13073110285006206,0
ARPA-USDT,ARPA,USDT,2021-10-19,1,-0.03801169590643283,0,-0.11228070175438609,0,-0.14502923976608195,0,0.10584795321637408,0,-0.12222222222222223,0
AUCTION-USDT,AUCTION,USDT,2021-10-20,1,0.5341456503258715,0,0.140549730801927,0,-0.05468971379994336,0,0.1362992349107397,0,-0.09124397846415411,0
ASM-USDT,ASM,USDT,2021-10-21,1,-0.2301238188334962,0,-0.3613554903877484,0,-0.25887911371782335,0,0.26800260671228404,0,0.13204626914304352,0
ASM-USD,ASM,USD,2021-10-21,0,-0.23626859670285483,0,-0.37080820265379977,0,-0.25669481302774433,0,0.26039404905508645,0,0.11218335343787689,0
SUKU-USD,SUKU,USD,2021-11-02,0,0.06645040794259294,0,0.028310232969625426,0,0.028015334709525108,0,-0.12729774894328127,0,-0.2459451489236214,0
SUKU-USDT,SUKU,USDT,2021-11-02,1,0.06088235294117661,0,0.025686274509803875,0,0.018039215686274535,0,-0.13078431372549015,0,-0.2481372549019608,0
KRL-USD,KRL,USD,2021-11-02,0,-0.27039098912480575,0,-0.19083376488865866,0,-0.08366778871051261,0,-0.25388399792853433,0,-0.3703392024857587,0
LCX-USD,LCX,USD,2021-11-02,0,-0.15409903431271832,0,-0.2514896239983563,0,-0.18348058352167673,0,-0.3926443394288063,0,-0.46620094514074384,0
TRAC-USD,TRAC,USD,2021-11-02,0,-0.10520554150466188,0,-0.33513268657279827,0,-0.19614208599146865,0,-0.3653693707296817,0,-0.4096108112189044,0
KRL-USDT,KRL,USDT,2021-11-03,1,-0.028819323334495994,0,1.0547610742936864,0,0.18926578304848274,0,-0.0899459365190095,0,-0.1768399023369377,0
DNT-USD,DNT,USD,2021-11-03,0,-0.050243111831442366,0,0.03889789303079416,0,-0.03133441383036195,0,-0.10913019989195027,0,-0.04646137223122637,0
CRO-USD,CRO,USD,2021-11-03,0,0.043604651162790775,0,0.2223837209302324,0,0.19694767441860472,0,0.9803779069767444,0,1.3230377906976742,0
LOOM-USD,LOOM,USD,2021-11-03,1,-0.04974489795918369,0,-0.08864795918367341,0,0.35841836734693877,0,-0.02423469387755106,0,-0.10331632653061218,0
CVC-USD,CVC,USD,2021-11-03,0,0.00020341741253049328,0,0.015663140764849537,0,-0.06122864117168425,0,0.023393002441008948,0,-0.037428803905614316,0
LCX-USDT,LCX,USDT,2021-11-04,1,-0.06875000000000009,0,0.02200000000000002,0,-0.030000000000000027,0,-0.40875000000000006,0,-0.45825000000000005,0
FARM-USDT,FARM,USDT,2021-11-04,1,-0.07292954264524099,0,-0.07073828520058434,0,-0.12237330037082816,0,-0.30126980559613437,0,-0.41656365883807167,0
CRO-USDT,CRO,USDT,2021-11-04,1,0.3081739130434784,0,0.21913043478260863,0,0.2062608695652175,0,0.733217391304348,0,1.1050434782608698,0
TRAC-USDT,TRAC,USDT,2021-11-10,1,0.0151980198019801,0,-0.003960396039603964,0,-0.20514851485148522,0,-0.15965346534653468,0,-0.4766831683168318,0
GYEN-USD,GYEN,USD,2021-11-15,1,-0.22765625,0,-0.13289062500000004,0,-0.31578125,0,-0.31484375,0,-0.3190625,0
ALCX-USD,ALCX,USD,2021-11-16,0,-0.010000467311556682,0,-0.11451469694845551,0,-0.12502920697228836,0,-0.1006589092948269,0,-0.5247207813449226,0
GALA-USD,GALA,USD,2021-11-16,1,0.9984351908197862,0,1.0401634356254892,0,2.2804485786316615,0,4.40345996696514,0,3.0573763366078417,0
ALCX-USDT,ALCX,USDT,2021-11-16,1,-0.01294392523364496,0,-0.11623831775700932,0,-0.12605140186915886,0,-0.1069859813084113,0,-0.5249999999999999,0
ENS-USDT,ENS,USDT,2021-11-16,1,0.016023613746573906,0,0.009487666034155628,0,0.07105207674467628,0,0.4726966055239299,0,-0.062407758802445756,0
ENS-USD,ENS,USD,2021-11-16,0,-0.0010351966873705098,0,-0.009316770186335366,0,0.052173913043478404,0,0.45072463768115933,0,-0.08095238095238089,0
GALA-USDT,GALA,USDT,2021-11-16,1,0.9933838251936971,0,1.0361277966396796,0,2.2837120222860623,0,4.406198311134325,0,3.0606772873683292,0
POWR-USD,POWR,USD,2021-11-16,0,-0.00599052660908328,0,0.03747561994984672,0,-0.12803009194761772,0,-0.22485371969908052,0,-0.39412092504876006,0
POWR-USDT,POWR,USDT,2021-11-16,1,-0.010805500982318361,0,0.05108055009823187,0,-0.12321077743474596,0,-0.22649452708391804,0,-0.3920853213584059,0
VGX-USD,VGX,USD,2021-11-18,1,-0.1146788990825689,0,-0.1330275229357799,0,-0.02064220183486254,0,0.050458715596330306,0,-0.2844036697247707,0
VGX-USDT,VGX,USDT,2021-11-18,1,-0.1235697940503433,0,-0.13501144164759737,0,-0.011441647597253968,0,0.05263157894736836,0,-0.2860411899313501,0
MUSD-USD,MUSD,USD,2021-11-18,1,-0.0010050251256281673,0,-0.0010050251256281673,0,0.0010050251256281673,0,0.005025125628140614,0,0.005025125628140614,0
BICO-USDT,BICO,USDT,2021-12-01,1,-0.3323572474377746,0,-0.4787701317715959,0,-0.5900439238653001,0,-0.7005856515373353,0,-0.6691068814055637,0
BICO-USD,BICO,USD,2021-12-01,0,-0.3308984660336012,0,-0.47991234477720957,0,-0.589481373265157,0,-0.7005113221329438,0,-0.6676406135865596,0
POLS-USDT,POLS,USDT,2021-12-07,1,-0.04113110539845766,0,-0.1516709511568124,0,-0.18508997429305918,0,-0.2930591259640103,0,-0.3419023136246787,0
IDEX-USDT,IDEX,USDT,2021-12-07,1,-0.03138297872340423,0,-0.19335106382978717,0,-0.2500000000000001,0,-0.3098404255319148,0,-0.40691489361702127,0
MCO2-USD,MCO2,USD,2021-12-07,1,-0.25409373235460186,0,-0.3224167137210616,0,-0.37154150197628455,0,-0.3867871259175608,0,-0.5273856578204406,0
SPELL-USD,SPELL,USD,2021-12-07,0,-0.033441208198489836,0,-0.28856526429341967,0,-0.3942826321467098,0,0.2373247033441206,0,-0.08036677454153196,0
MCO2-USDT,MCO2,USDT,2021-12-07,1,-0.250285062713797,0,-0.30501710376282787,0,-0.363169897377423,0,-0.38540478905359177,0,-0.5216647662485746,0
FOX-USDT,FOX,USDT,2021-12-07,1,-0.05672268907563016,0,-0.2532563025210084,0,-0.33539915966386546,0,-0.343172268907563,0,-0.43172268907563016,0
SUPER-USDT,SUPER,USDT,2021-12-07,1,0.02580645161290329,0,-0.2387096774193549,0,-0.1806451612903226,0,-0.22580645161290325,0,-0.28387096774193543,0
IDEX-USD,IDEX,USD,2021-12-07,1,-0.026196204223469577,0,-0.18871959369152635,0,-0.24538893344025658,0,-0.3066025126971397,0,-0.4055065490510559,0
POLS-USD,POLS,USD,2021-12-07,0,-0.0461538461538461,0,-0.14871794871794874,0,-0.18461538461538451,0,-0.2923076923076924,0,-0.34102564102564104,0
SPELL-USDT,SPELL,USDT,2021-12-07,1,-0.037156704361874016,0,-0.2886375875067313,0,-0.3925686591276252,0,0.23424878836833596,0,-0.07969843834141077,0
FOX-USD,FOX,USD,2021-12-07,0,-0.049730757047830254,0,-0.2795903283708162,0,-0.3348115299334812,0,-0.3349171154049203,0,-0.426459719142646,0
SUPER-USD,SUPER,USD,2021-12-07,0,0.019354838709677358,0,-0.21935483870967742,0,-0.17419354838709677,0,-0.23225806451612907,0,-0.2774193548387096,0
COVAL-USD,COVAL,USD,2021-12-08,1,0.20659050136908674,0,0.4563308469455196,0,-0.011330374846567848,0,0.10858275894627512,0,0.03465206307241986,0
COVAL-USDT,COVAL,USDT,2021-12-08,1,0.24942329873125724,0,0.48750480584390643,0,0.016628219915417297,0,0.12456747404844304,0,0.0514225297962323,0
IMX-USDT,IMX,USDT,2021-12-09,0,-0.09262759924385633,0,0.003780718336483746,0,-0.06238185255198492,0,-0.10207939508506614,0,-0.35727788279773154,0
MDT-USDT,MDT,USDT,2021-12-09,1,0.1930400000000001,0,-0.21031999999999995,0,-0.12239999999999995,0,-0.22407999999999995,0,-0.17472,0
IMX-USD,IMX,USD,2021-12-09,0,-0.08935361216730031,0,0.005703422053231932,0,-0.05893536121672993,0,-0.09695817490494296,0,-0.34980988593155893,0
API3-USDT,API3,USDT,2021-12-09,1,-0.10784313725490191,0,-0.16274509803921566,0,-0.11568627450980395,0,0.015686274509803866,0,-0.2529411764705882,0
GODS-USD,GODS,USD,2021-12-09,0,0.5010266940451744,0,0.38193018480492813,0,0.3696098562628336,0,0.21765913757700206,0,-0.3737166324435319,0
BLZ-USD,BLZ,USD,2021-12-09,0,-0.012763021731631574,0,-0.09968954812004138,0,-0.1983442566402207,0,-0.10175922731976539,0,-0.3601241807519834,0
MDT-USD,MDT,USD,2021-12-09,0,0.19576350093109873,0,-0.23735257603972681,0,-0.1509155803848541,0,-0.24930167597765363,0,-0.20026381129733084,0
RBN-USD,RBN,USD,2021-12-09,1,-0.019230769230769273,0,0.08333333333333326,0,-0.06410256410256421,0,0.5384615384615383,0,0.7564102564102564,0
API3-USD,API3,USD,2021-12-09,0,-0.10784313725490191,0,-0.16078431372549007,0,-0.12352941176470589,0,0.015686274509803866,0,-0.24705882352941178,0
DESO-USD,DESO,USD,2021-12-14,1,0.08526080714627526,0,-0.34917849736800133,0,-0.24014994416972402,0,-0.3459084383474238,0,-0.4130642845748923,0
DESO-USDT,DESO,USDT,2021-12-14,1,0.08367933567550301,0,-0.3493292877674864,0,-0.23818268923666563,0,-0.34421909932928774,0,-0.4132066432449697,0
GFI-USD,GFI,USD,2022-01-11,0,0.09480401093892432,0,-0.07110300820419335,0,-0.2260711030082042,0,-0.49680948040109396,0,-0.6481312670920694,0
INV-USD,INV,USD,2022-01-13,0,-0.07992311588462186,0,-0.161755347472045,0,-0.22984714087195934,0,-0.49260380004935134,0,-0.3599397394771361,0
LQTY-USD,LQTY,USD,2022-01-13,0,-0.055469953775038605,0,-0.10169491525423735,0,-0.3281972265023112,0,-0.5346687211093991,0,-0.5947611710323575,0
NCT-USDT,NCT,USDT,2022-01-13,1,-0.298918918918919,0,-0.3575375375375376,0,-0.6118318318318319,0,-0.7323123123123123,0,-0.7145345345345345,0
NCT-USD,NCT,USD,2022-01-13,0,-0.28310888338667795,0,-0.3538861042333473,0,-0.6098194335406727,0,-0.7310224047345855,0,-0.7136904402439761,0
LQTY-USDT,LQTY,USDT,2022-01-13,1,-0.03154574132492116,0,-0.07728706624605686,0,-0.30126182965299686,0,-0.528391167192429,0,-0.5851735015772871,0
PRO-USD,PRO,USD,2022-01-13,0,0.25910931174089047,0,0.13360323886639658,0,0.2914979757085019,0,-0.036437246963562875,0,-0.10121457489878538,0
STX-USD,STX,USD,2022-01-20,0,-0.14720812182741116,0,-0.23857868020304562,0,-0.28934010152284273,0,-0.2741116751269036,0,-0.3299492385786802,0
SHPING-USD,SHPING,USD,2022-01-20,0,-0.2953463824743986,0,-0.34204922131071647,0,-0.5884705838780764,0,-0.40715912668283916,0,-0.5622303290679802,0
STX-USDT,STX,USDT,2022-01-20,0,-0.13846153846153852,0,-0.24615384615384617,0,-0.28717948717948716,0,-0.27179487179487183,0,-0.32820512820512815,0
SHPING-USDT,SHPING,USDT,2022-01-20,1,-0.2636718750000001,0,-0.3082421875000001,0,-0.5633984375000001,0,-0.37109375,0,-0.53748046875,0
DIA-USD,DIA,USD,2022-01-25,0,-0.04807692307692313,0,-0.04807692307692313,0,-0.05769230769230771,0,0.028846153846153966,0,-0.019230769230769273,0
MPL-USD,MPL,USD,2022-01-25,1,0.04374572795625409,0,-0.004784688995215336,0,0.032125768967874224,0,0.032125768967874224,0,0.43950786056049207,0
DIA-USDT,DIA,USDT,2022-01-25,1,-0.03846153846153855,0,-0.04807692307692313,0,-0.07692307692307698,0,0.019230769230769162,0,-0.019230769230769273,0
UNFI-USD,UNFI,USD,2022-01-25,1,-0.16962843295638141,0,-0.17932148626817457,0,-0.14054927302100162,0,-0.0969305331179322,0,-0.2794830371567044,0
PLU-USD,PLU,USD,2022-01-25,0,-0.12644889357218136,0,-0.10695468914647,0,-0.19072708113804004,0,-0.4394099051633298,0,-0.5995785036880927,0
CTX-USD,CTX,USD,2022-01-25,0,-0.11203703703703716,0,-0.23796296296296293,0,-0.24814814814814823,0,-0.29074074074074074,0,-0.42314814814814816,0
CTX-USDT,CTX,USDT,2022-01-25,1,-0.10009442870632679,0,-0.21718602455146374,0,-0.23984891406987718,0,-0.27478753541076484,0,-0.40982058545797917,0
FIDA-USD,FIDA,USD,2022-02-01,0,0.032786885245901676,0,-0.07377049180327877,0,-0.10245901639344257,0,0.012295081967213184,0,-0.18442622950819676,0
FIDA-USDT,FIDA,USDT,2022-02-01,1,0.024390243902439046,0,-0.08536585365853655,0,-0.11788617886178865,0,0.004065040650406582,0,-0.2032520325203252,0
ORCA-USD,ORCA,USD,2022-02-01,0,-0.05509641873278226,0,-0.016528925619834767,0,-0.024793388429751984,0,-0.11570247933884292,0,-0.32506887052341593,0
QSP-USD,QSP,USD,2022-02-03,1,-0.14407862407862404,0,-0.27262899262899254,0,-0.34221130221130214,0,-0.3888943488943488,0,-0.4832432432432432,0
RNDR-USD,RNDR,USD,2022-02-03,1,0.0714285714285714,0,0.06547619047619047,0,-0.08333333333333326,0,-0.1696428571428571,0,-0.22023809523809523,0
AVT-USD,AVT,USD,2022-02-03,0,-0.07396449704142016,0,-0.10946745562130178,0,-0.1301775147928994,0,-0.1449704142011834,0,-0.23372781065088755,0
QSP-USDT,QSP,USDT,2022-02-03,1,-0.1540106951871657,0,-0.2761302868254739,0,-0.35605250364608654,0,-0.39766650461837627,0,-0.4925619834710744,0
RNDR-USDT,RNDR,USDT,2022-02-03,1,0.06824925816023741,0,0.06231454005934722,0,-0.09198813056379829,0,-0.17507418397626118,0,-0.21958456973293772,0
UPI-USD,UPI,USD,2022-02-08,1,-0.050973040528476954,0,-0.2687020174968755,0,-0.2542403142296018,0,-0.4826816639885735,0,-0.4598286020353508,0
UPI-USDT,UPI,USDT,2022-02-08,1,-0.05903603841748173,0,-0.2699797338972597,0,-0.26002290950744555,0,-0.4917613886686051,0,-0.47986606749493343,0
ATOM-USDT,ATOM,USDT,2022-02-09,0,-0.06086112010359335,0,-0.12625445127873103,0,-0.07866623502751702,0,-0.18905794755584326,0,-0.11103917125283258,0
ADA-USDT,ADA,USDT,2022-02-09,0,-0.04166666666666674,0,-0.11666666666666659,0,-0.09666666666666657,0,-0.2783333333333333,0,-0.3441666666666666,0
LINK-USDT,LINK,USDT,2022-02-09,0,-0.06605800214822777,0,-0.1428571428571429,0,-0.07679914070891514,0,-0.2830290010741139,0,-0.2969924812030076,0
MATIC-USDT,MATIC,USDT,2022-02-09,1,-0.05940594059405946,0,-0.15841584158415845,0,-0.08910891089108908,0,-0.29059405940594063,0,-0.3044554455445545,0
ALICE-USD,ALICE,USD,2022-02-24,0,0.07336799537839389,0,-0.030906990179087268,0,0.04274985557481226,0,-0.1328711727325247,0,0.0343731946851531,0
ENJ-USDT,ENJ,USDT,2022-03-02,1,-0.04789644012944971,0,-0.08220064724919096,0,-0.09838187702265366,0,-0.08025889967637534,0,0.21359223300970887,0
XLM-USDT,XLM,USDT,2022-03-02,0,-0.028955532574974074,0,-0.06876938986556347,0,-0.02326783867631843,0,-0.020682523267838593,0,0.19803516028955537,0
LRC-USDT,LRC,USDT,2022-03-02,1,-0.044978434996919225,0,-0.058533579790511436,0,-0.08761552680221818,0,-0.11558841651263096,0,0.45606900800985817,0
QNT-USDT,QNT,USDT,2022-03-02,0,0.060263335584064714,0,0.01924375422012159,0,0.005317353139770331,0,-0.009790681971640902,0,0.18956785955435507,0
ERN-USDT,ERN,USDT,2022-03-08,1,-0.009310986964618184,0,-0.16759776536312854,0,-0.2085661080074488,0,0.011173184357541777,0,0.020484171322160183,0
AERGO-USD,AERGO,USD,2022-03-08,0,0.01828298887122415,0,-0.14745627980922094,0,-0.14507154213036555,0,-0.0655802861685214,0,0.009936406995230573,0
ERN-USD,ERN,USD,2022-03-08,1,0.042635658914728536,0,-0.131782945736434,0,-0.1705426356589147,0,0.05813953488372081,0,0.06782945736434098,0
SNT-USD,SNT,USD,2022-03-08,1,0.07093899931459902,0,-0.02758738862234411,0,-0.03923920493488686,0,0.048492117888965014,0,0.1326250856751201,0
AIOZ-USD,AIOZ,USD,2022-03-08,0,0.298770710849813,0,0.03794762159273124,0,0.01336183858898976,0,0.213254943880278,0,0.32870122928915024,0
AIOZ-USDT,AIOZ,USDT,2022-03-08,1,0.3513513513513513,0,0.03126656067832534,0,0.005299417064122958,0,0.20031796502384736,0,0.31955484896661357,0
HIGH-USD,HIGH,USD,2022-03-08,0,0.0882990249187432,0,-0.0016251354279523955,0,0.031148429035752878,0,0.5815276273022751,0,0.47914409534127844,0
SYN-USD,SYN,USD,2022-03-09,1,-0.10930861336423325,0,-0.01390498261877171,0,-0.10660486674391645,0,-0.1622247972190034,0,0.18501351873310168,0
GLM-USD,GLM,USD,2022-03-09,0,-0.08904649330181258,0,-0.04866036249014982,0,-0.07486209613869199,0,-0.0427501970055163,0,-0.09081954294720262,0
APE-USD,APE,USD,2022-03-17,0,0.5203204830469113,0,0.11878773803994425,0,0.4996516488620528,0,0.4749187180678123,0,0.3546214584300975,0
APE-USDT,APE,USDT,2022-03-17,0,0.5162077378877661,0,0.11874056000929478,0,0.4939003136981528,0,0.47531079354014194,0,0.35622168002788435,0
CRPT-USD,CRPT,USD,2022-03-24,1,-0.1382513661202185,0,-0.2823770491803279,0,-0.08565573770491797,0,-0.26010928961748636,0,-0.44535519125683054,0
MINA-USDT,MINA,USDT,2022-04-06,1,0.07885749767153061,0,0.007451102142191912,0,-0.2176342750698541,0,-0.24122943185346168,0,-0.4303011487115803,0
MINA-USD,MINA,USD,2022-04-06,0,0.06482334869431661,0,-0.005222734254992312,0,-0.224884792626728,0,-0.2562211981566821,0,-0.4377880184331797,0
ROSE-USDT,ROSE,USDT,2022-04-26,1,0.027817067421027852,0,-0.06742102781706749,0,-0.2032060348892032,0,-0.3950966525223951,0,-0.7015558698727016,0
ROSE-USD,ROSE,USD,2022-04-26,0,0.034010392064241834,0,-0.06754841757203589,0,-0.2045347189418989,0,-0.3967879074161549,0,-0.7000472366556447,0
BUSD-USD,BUSD,USD,2022-04-27,1,-0.0019980019980019303,0,-0.0009990009990008542,0,-0.0019980019980019303,0,-0.0009990009990008542,0,-0.0009990009990008542,0
GST-USD,GST,USD,2022-04-28,0,-0.4175491679273827,0,-0.2939989914271307,0,-0.33333333333333337,0,-0.684064548663641,0,-0.7685325264750378,0
GMT-USD,GMT,USD,2022-04-28,0,0.08362091850278741,0,-0.08601008760286699,0,-0.2723652774090788,0,-0.6891425537563047,0,-0.7247146270241571,0
GMT-USDT,GMT,USDT,2022-04-28,1,0.07794626230380408,0,-0.08300079808459693,0,-0.27134876296887467,0,-0.6890130353817505,0,-0.7243947858472998,0
GAL-USDT,GAL,USDT,2022-05-05,1,-0.25193420826408397,0,-0.43074101667717357,0,-0.7190669952432804,0,-0.6406670869390796,0,-0.7482950312338816,0
GAL-USD,GAL,USD,2022-05-05,1,-0.25,0,-0.4291847950538127,0,-0.7219487062056331,0,-0.6428898557362033,0,-0.7489122967712388,0
FLOW-USD,FLOW,USD,2022-05-19,0,-0.059123343527013206,0,-0.021066938498131238,0,-0.1620795107033639,0,-0.13421678559293237,0,-0.5705062861026164,0
FLOW-USDT,FLOW,USDT,2022-05-19,1,-0.07388491658154572,0,-0.006809669731018042,0,-0.1518556350017023,0,-0.13585291113381004,0,-0.5648621041879469,0
SAND-USDT,SAND,USDT,2022-05-26,1,-0.03789004457652312,0,-0.026745913818722156,0,0.014115898959881079,0,-0.03789004457652312,0,-0.059435364041604766,0
SAND-USD,SAND,USD,2022-05-26,0,-0.04395604395604402,0,-0.03956043956043964,0,0.00146520146520146,0,-0.05274725274725278,0,-0.06446886446886457,0
OP-USD,OP,USD,2022-06-01,0,0.25,0,0.12783171521035586,0,-0.4093851132686084,0,-0.5177993527508091,0,-0.5720064724919094,0
KSM-USD,KSM,USD,2022-06-02,0,-0.06719367588932812,0,-0.07523510971786851,0,-0.09118168188632958,0,-0.33051655990186735,0,-0.33419653809458905,0
KSM-USDT,KSM,USDT,2022-06-02,1,-0.05992611848406093,0,-0.03488849363798052,0,-0.10097140511697922,0,-0.32453139964427424,0,-0.3453276782049528,0
C98-USDT,C98,USDT,2022-06-07,1,-0.0038720780152015077,0,-0.06023232468091211,0,-0.2981500071705149,0,-0.256704431378173,0,-0.2532625842535494,0
C98-USD,C98,USD,2022-06-07,0,0.013140604467805517,0,-0.0417579208643597,0,-0.28004088188056653,0,-0.2293765513213607,0,-0.24222514235654835,0
BIT-USD,BIT,USD,2022-06-07,1,-0.03302881236823618,0,-0.04936753338018274,0,-0.19588896697118774,0,-0.2557976106816585,0,-0.20643007730147578,0
BIT-USDT,BIT,USDT,2022-06-07,1,-0.022783908864364433,0,-0.031683873264506834,0,-0.17888928444286223,0,-0.24012103951584185,0,-0.17426130295478814,0
INDEX-USDT,INDEX,USDT,2022-06-09,1,-0.0644567219152854,0,-0.11049723756906071,0,-0.3646408839779005,0,-0.3812154696132597,0,-0.4088397790055248,0
WAMPL-USDT,WAMPL,USDT,2022-06-09,1,-0.07438016528925628,0,-0.12396694214876036,0,-0.3537190082644628,0,-0.4165289256198347,0,-0.3305785123966942,0
INDEX-USD,INDEX,USD,2022-06-09,0,-0.058394160583941646,0,-0.10218978102189791,0,-0.36496350364963503,0,-0.3941605839416059,0,-0.41058394160583944,0
WAMPL-USD,WAMPL,USD,2022-06-09,1,-0.026272577996716007,0,-0.11330049261083741,0,-0.36288998357963875,0,-0.4170771756978654,0,-0.3497536945812808,0
FORT-USD,FORT,USD,2022-06-15,0,-0.2170818505338078,0,-0.5160142348754448,0,-0.5227046263345196,0,-0.5898932384341637,0,-0.6244839857651245,0
FORT-USDT,FORT,USDT,2022-06-15,1,-0.2268406866222158,0,-0.5143992055610724,0,-0.5318484891473967,0,-0.5928500496524329,0,-0.6242020144701376,0
ATA-USD,ATA,USD,2022-06-16,1,-0.0063327576280943765,0,-0.007484168105929778,0,0.18249856073690274,0,-0.04893494530800224,0,-0.04893494530800224,0
POND-USD,POND,USD,2022-06-16,0,0.09591836734693882,0,0.09081632653061233,0,0.12448979591836751,0,-0.05918367346938769,0,0.09183673469387754,0
ATA-USDT,ATA,USDT,2022-06-16,1,-0.07526315789473692,0,-0.0921052631578948,0,0.08473684210526322,0,-0.16210526315789475,0,-0.08947368421052637,0
FIS-USD,FIS,USD,2022-06-16,1,-0.001210653753026647,0,-0.0027239709443099835,0,0.0033292978208232515,0,-0.05024213075060535,0,0.09957627118644052,0
FIS-USDT,FIS,USDT,2022-06-16,1,0.01401432575521655,0,0.02429149797570851,0,0.034880099657427666,0,-0.025225786359389546,0,0.1336032388663968,0
POND-USDT,POND,USDT,2022-06-16,1,0.1404212637913742,0,0.09428284854563684,0,0.12437311935807416,0,-0.07923771313941819,0,0.08625877632898682,0
DAR-USD,DAR,USD,2022-06-16,1,0.03401360544217691,0,-0.003401360544217691,0,0.03741496598639449,0,-0.023809523809523836,0,-0.003401360544217691,0
DYP-USD,DYP,USD,2022-06-22,1,0.0022414134089261406,0,-0.08326191574922537,0,-0.19447557518623504,0,-0.09545784165073501,0,0.022611905860636883,0
MATH-USD,MATH,USD,2022-06-22,0,-0.20962812022414667,0,-0.5147733061640347,0,-0.6232806928171166,0,-0.5402445236882323,0,-0.4814060112073357,0
ALEPH-USD,ALEPH,USD,2022-06-22,0,0.0007627765064837089,0,-0.0015255530129671957,0,0.02135774218154074,0,-0.0038138825324179892,0,-0.0015255530129671957,0
PRQ-USD,PRQ,USD,2022-06-22,1,-0.08938547486033521,0,-0.06145251396648044,0,-0.19413407821229045,0,-0.2039106145251396,0,0.3722067039106147,0
ELA-USD,ELA,USD,2022-06-22,0,0.03934426229508192,0,0.022950819672131306,0,-0.015737704918032835,0,-0.037377049180327804,0,0.09967213114754103,0
DYP-USDT,DYP,USDT,2022-06-22,1,0.016323280581267863,0,-0.08543180385521376,0,-0.18539530871570287,0,-0.09093925218141397,0,0.028499386218108214,0
MATH-USDT,MATH,USDT,2022-06-22,1,-0.19745222929936312,0,-0.5128662420382166,0,-0.6280254777070065,0,-0.5363057324840765,0,-0.48305732484076436,0
PRQ-USDT,PRQ,USDT,2022-06-22,1,-0.09134948096885809,0,-0.07335640138408306,0,-0.18615916955017298,0,-0.2193771626297577,0,0.3702422145328721,0
HOPR-USDT,HOPR,USDT,2022-06-22,1,-0.16612377850162863,0,-0.22410423452768735,0,-0.25798045602605857,0,-0.2814332247557003,0,-0.30944625407166126,0
HOPR-USD,HOPR,USD,2022-06-22,0,-0.09740714786264892,0,-0.16538192011212327,0,-0.21583742116327953,0,-0.21653819201121227,0,-0.2662929222144358,0
ELA-USDT,ELA,USDT,2022-06-22,1,0.06882859033752498,0,0.03242885506287241,0,-0.0033090668431501324,0,-0.028457974851091916,0,0.11250827266710806,0
JUP-USD,JUP,USD,2022-06-23,1,-0.18273858921161823,0,-0.41183955739972344,0,-0.5427385892116183,0,-0.15308437067773173,0,-0.26052558782849244,0
MUSE-USD,MUSE,USD,2022-06-23,1,-0.24038596000559354,0,-0.3774996503985456,0,-0.4274926583694587,0,-0.43266675989372105,0,-0.06558523283456852,0
TIME-USD,TIME,USD,2022-06-23,1,-0.026112185686653744,0,-0.07511283043197936,0,-0.14861379754996773,0,0.44519664732430697,0,1.3172147001934236,0
DEXT-USD,DEXT,USD,2022-06-23,0,-0.17142857142857149,0,-0.2262857142857143,0,-0.22742857142857142,0,-0.01657142857142846,0,-0.07199999999999995,0
DREP-USDT,DREP,USDT,2022-06-23,1,-0.015000000000000124,0,-0.07468750000000013,0,-0.25375000000000003,0,-0.1875,0,-0.1612499999999999,0
TIME-USDT,TIME,USDT,2022-06-23,1,-0.03808,0,-0.07967999999999997,0,-0.13215999999999994,0,0.43232000000000004,0,1.3216,0
DREP-USD,DREP,USD,2022-06-23,1,-0.05505819158460168,0,-0.11951656222023288,0,-0.27350044762757386,0,-0.20680393912265005,0,-0.17681289167412717,0
METIS-USDT,METIS,USDT,2022-06-28,1,-0.09505334626576145,0,-0.07807953443258964,0,-0.06498545101842867,0,-0.027643064985450994,0,0.7512124151309407,0
XCN-USD,XCN,USD,2022-06-28,0,-0.010741745816372772,0,-0.01752600633197654,0,-0.031999095431931246,0,0.06761646313885117,0,0.0662596110357303,0
MONA-USD,MONA,USD,2022-06-28,1,-0.06857142857142862,0,0.13329523809523813,0,0.0285333333333333,0,1.4380000000000002,0,0.9455047619047618,0
XCN-USDT,XCN,USDT,2022-06-28,1,-0.02083333333333337,0,-0.02297297297297296,0,-0.038063063063063174,0,0.06869369369369371,0,0.06024774774774766,0
METIS-USD,METIS,USD,2022-06-28,0,-0.0639423076923078,0,-0.0807692307692307,0,-0.06346153846153846,0,-0.05288461538461542,0,0.7317307692307693,0
MEDIA-USD,MEDIA,USD,2022-06-28,1,-0.10260795211628915,0,-0.0991876870457461,0,-0.11757161179991449,0,-0.18640444634459163,0,-0.5104745617785379,0
MEDIA-USDT,MEDIA,USDT,2022-06-28,1,-0.10650128314798968,0,-0.0915312232677502,0,-0.1544054747647562,0,-0.29512403763900763,0,-0.49358426005132594,0
AST-USD,AST,USD,2022-06-28,0,-0.16769547325102874,0,-0.15843621399176955,0,-0.21707818930041145,0,-0.07921810699588472,0,-0.12345679012345678,0
BOBA-USDT,BOBA,USDT,2022-06-30,1,0.4514576089863598,0,0.4359454399572078,0,0.2725327627707943,0,0.02219844878309707,0,-0.12650441294463766,0
BOBA-USD,BOBA,USD,2022-06-30,0,-0.05684267241379293,0,-0.08459051724137923,0,0.06977370689655182,0,0.048221982758620774,0,0.5393318965517242,0
GUSD-USD,GUSD,USD,2022-06-30,1,0.003012048192771122,0,-0.0010040160642570406,0,0.007028112449799062,0,-0.002008032128514081,0,0.003012048192771122,0
MTL-USD,MTL,USD,2022-07-21,1,-0.047131147540983576,0,-0.060109289617486406,0,-0.06079234972677594,0,-0.0396174863387978,0,-0.16598360655737698,0
SYLO-USD,SYLO,USD,2022-07-21,1,-0.12609303952430928,0,-0.1727876880027982,0,-0.2717733473242392,0,-0.35152151101783846,0,-0.359916054564533,0
ABT-USD,ABT,USD,2022-07-21,0,-0.08326180257510729,0,-0.11759656652360517,0,-0.18626609442060094,0,-0.22403433476394863,0,0.2772532188841199,0
GNO-USDT,GNO,USDT,2022-07-21,1,-0.03576780246270117,0,-0.025734575542380678,0,0.07394618541924558,0,0.04488891784481064,0,0.06690989641018952,0
SYLO-USDT,SYLO,USDT,2022-07-21,1,-0.1271929824561403,0,-0.16754385964912277,0,-0.27157894736842103,0,-0.3492982456140351,0,-0.3594736842105263,0
GNO-USD,GNO,USD,2022-07-21,0,-0.02173347214992194,0,-0.0022123893805310324,0,0.07587194169703282,0,0.002277459656429004,0,0.0654606975533576,0
SWFTC-USD,SWFTC,USD,2022-07-21,0,-0.07810457516339853,0,-0.01437908496732021,0,-0.24640522875816995,0,-0.284640522875817,0,-0.43594771241830055,0
NEST-USD,NEST,USD,2022-07-26,1,0.015078407720144682,0,0.05669481302774426,0,-0.03407720144752713,0,-0.004523522316043582,0,-0.03618817852834744,0
NEST-USDT,NEST,USDT,2022-07-26,1,0.033230769230769175,0,0.08338461538461539,0,-0.016615384615384587,0,0.017538461538461503,0,-0.01723076923076916,0
TONE-USD,TONE,USD,2022-08-02,1,-0.15394050904630485,0,-0.0628641521005826,0,-0.2229377491567004,0,-0.29714811407543695,0,-0.504753143207605,0
RARE-USD,RARE,USD,2022-08-02,0,-0.05033664636101309,0,-0.02885540237255535,0,-0.08720743828150046,0,-0.15068932350112207,0,-0.3469060596344983,0
STG-USD,STG,USD,2022-08-04,0,-0.006526468455402501,0,-0.035532994923857864,0,-0.09209572153734591,0,-0.18926758520667153,0,0.5025380710659899,0
LOKA-USD,LOKA,USD,2022-08-04,1,-0.021832498210450968,0,-0.05380577427821509,0,-0.06704843712717723,0,-0.2283464566929133,0,-0.32152230971128604,0
STG-USDT,STG,USDT,2022-08-04,1,-0.050603528319405844,0,-0.048282265552460624,0,-0.12116991643454045,0,-0.2277158774373259,0,0.42804085422469806,0
ACH-USDT,ACH,USDT,2022-08-09,1,0.05178381256656017,0,0.08246805111821098,0,0.061834398296059634,0,-0.054446219382321526,0,-0.12959265175718848,0
BOND-USDT,BOND,USDT,2022-08-09,1,0.02461013645224175,0,-0.012305068226120985,0,-0.030214424951267138,0,-0.1393762183235867,0,-0.25085282651072127,0
OP-USDT,OP,USDT,2022-08-09,0,-0.07339988256018792,0,-0.04227833235466827,0,-0.14797416324133883,0,-0.21550205519671162,0,-0.30534351145038163,0
JASMY-USDT,JASMY,USDT,2022-08-10,0,-0.029041626331074544,0,0.0009680542110357404,0,0.07550822846079375,0,-0.11616650532429829,0,-0.05905130687318505,0
CELR-USD,CELR,USD,2022-08-16,0,-0.09029435163086708,0,-0.21638822593476537,0,-0.21360381861575184,0,-0.31344470962609383,0,-0.34248210023866343,0
CBETH-USD,CBETH,USD,2022-08-25,0,-0.12248136510485486,0,-0.15047638315493994,0,-0.07280727819891131,0,-0.05647685100302835,0,-0.1967680548267382,0
OOKI-USD,OOKI,USD,2022-08-30,1,-0.062490722873682625,0,-0.02107763099302362,0,-0.13255158082232443,0,-0.17218346445005184,0,-0.26079857503339765,0
MXC-USD,MXC,USD,2022-08-31,1,-0.08991361479498716,0,-0.15464168390315125,0,-0.17629881980776252,0,-0.13164618566735609,0,-0.18201727704100257,0
NEAR-USD,NEAR,USD,2022-09-01,0,-0.038213627992633614,0,-0.023941068139963217,0,0.07918968692449346,0,-0.036602209944751496,0,-0.1816298342541437,0
NEAR-USDT,NEAR,USDT,2022-09-01,0,-0.04119677790563847,0,-0.022554660529344073,0,0.07249712313003465,0,-0.039815880322209396,0,-0.17744533947065588,0
AURORA-USD,AURORA,USD,2022-09-06,0,0.019857029388403502,0,0.08498808578236705,0,0.04924543288324079,0,-0.09769658459094521,0,-0.12787926926131832,0
CVX-USD,CVX,USD,2022-09-08,0,0.037525928719592594,0,0.050914576654723875,0,-0.09447482557043185,0,-0.09711484065623222,0,0.052046011691495364,0
OCEAN-USD,OCEAN,USD,2022-09-08,0,0.04748118123914313,0,0.0486392588303417,0,-0.09612044006948472,0,-0.05790387955993037,0,-0.07701215981470766,0
INJ-USD,INJ,USD,2022-09-20,0,-0.036673215455140684,0,0.035363457760314354,0,0.13883431565160453,0,0.17878192534381143,0,0.21218074656188612,0
PUNDIX-USD,PUNDIX,USD,2022-09-20,0,-0.08213552361396292,0,-0.0522680604816127,0,-0.10546947918611149,0,-0.09464252380063465,0,-0.12899010640283726,0
PNG-USD,PNG,USD,2022-10-06,0,-0.11416740609287201,0,-0.03371783496007108,0,-0.26609484373459524,0,-0.10263235729074238,0,-0.22587005816819483,0
00-USD,00,USD,2022-10-11,0,-0.35126050420168076,0,-0.5854117647058823,0,-0.6860504201680673,0,-0.707563025210084,0,-0.8560672268907563,0
ILV-USD,ILV,USD,2022-10-13,0,-0.03731871241598872,0,-0.04014856738592143,0,-0.07693668199504777,0,0.14998231340643797,0,-0.18730102582242658,0
HBAR-USDT,HBAR,USDT,2022-10-13,0,-0.0637165450121654,0,-0.07983576642335766,0,-0.12165450121654497,0,-0.10857664233576647,0,-0.2837591240875912,0
HBAR-USD,HBAR,USD,2022-10-13,0,-0.05218726016884112,0,-0.05571757482732154,0,-0.1023791250959325,0,-0.09976976208749044,0,-0.2775134305448964,0
APT-USD,APT,USD,2022-10-19,0,-0.0013586956521740579,0,0.22282608695652173,0,0.25135869565217406,0,0.0040760869565217295,0,-0.3586956521739131,0
WAXL-USD,WAXL,USD,2022-10-25,0,0.03843886334158708,0,0.0062492630586017395,0,-0.09833746020516443,0,-0.14326140785284747,0,-0.358566206815234,0
APT-USDT,APT,USDT,2022-10-26,1,-0.04565217391304344,0,-0.1293478260869565,0,-0.19891304347826078,0,-0.5793478260869565,0,-0.5206521739130434,0
MSOL-USD,MSOL,USD,2022-11-03,0,0.10096443640747443,0,0.06238698010849908,0,-0.4665461121157324,0,-0.563592525617842,0,-0.5629897528631707,0
MNDE-USD,MNDE,USD,2022-11-03,0,0.18137847642079818,0,-0.2024183796856106,0,-0.17097944377267227,0,-0.4973397823458283,0,-0.6005642885933091,0
HFT-USD,HFT,USD,2022-11-07,0,-0.38954615981380913,0,-0.35744763382467026,0,-0.41640806826997667,0,-0.5490690457719161,0,-0.5364623739332817,0
HFT-USDT,HFT,USDT,2022-11-07,1,-0.39396849788705335,0,-0.3645793315405301,0,-0.426142912024587,0,-0.5536880522474068,0,-0.5414905877833269,0
LDO-USD,LDO,USD,2022-11-17,0,-0.004885993485342022,0,-0.09934853420195433,0,-0.07003257328990231,0,-0.09853420195439744,0,-0.19055374592833874,0
QI-USD,QI,USD,2022-11-23,0,-0.13001877850308508,0,-0.2155950997049092,0,-0.2581597066976662,0,-0.2957167128677458,0,-0.40150228024680323,0
PYR-USD,PYR,USD,2022-11-29,0,0.04885888781742187,0,0.030536804885888724,0,0.028608164577306416,0,0.04018000642880093,0,-0.12921890067502417,0
LIT-USD,LIT,USD,2022-12-06,1,0.055688691087527165,0,-0.059568640876412116,0,-0.09368937578454861,0,-0.2016432728517631,0,-0.1773365285861006,0
GHST-USD,GHST,USD,2022-12-06,0,-0.025096525096525157,0,-0.016409266409266543,0,-0.010617760617760763,0,-0.00579150579150578,0,-0.05888030888030893,0
EGLD-USD,EGLD,USD,2022-12-07,0,0.029577782795213503,0,0.02844885978776235,0,-0.03115827500564472,0,-0.22036577105441402,0,-0.22284940167080602,0
ANT-USD,ANT,USD,2022-12-08,1,0.04629629629629606,0,0.0972222222222221,0,0.0,0,-0.06944444444444464,0,-0.02777777777777779,0
RPL-USD,RPL,USD,2022-12-08,0,-0.05882352941176472,0,-0.019607843137254832,0,0.0063725490196080425,0,-0.015196078431372495,0,0.23382352941176499,0
MAGIC-USD,MAGIC,USD,2022-12-08,0,-0.10469798657718121,0,-0.10973154362416115,0,-0.01795302013422806,0,0.03187919463087252,0,-0.1854026845637584,0
KAVA-USD,KAVA,USD,2023-01-19,0,0.05439289239881551,0,-0.013326752221125227,0,0.01885488647581446,0,0.0006910167818363622,0,-0.0921026653504442,0
AUDIO-USD,AUDIO,USD,2023-01-26,0,-0.04022988505747127,0,-0.03288633461047241,0,-0.08971902937420162,0,-0.17432950191570873,0,0.120051085568327,0
T-USD,T,USD,2023-01-26,0,-0.10069571585499826,0,-0.12687660197729766,0,-0.11772244599047976,0,-0.3013548150860491,0,-0.29293299157817654,0
AXL-USD,AXL,USD,2023-02-07,0,0.10696357317544081,0,-0.03912987514480626,0,-0.0346247908353714,0,-0.06525936413952904,0,-0.14660831509846828,0
VOXEL-USD,VOXEL,USD,2023-02-09,0,-0.1043908112823495,0,-0.11922070369293392,0,-0.0715324222157604,0,-0.07327711544053506,0,-0.36900261703983717,0
BLUR-USD,BLUR,USD,2023-02-14,0,0.4341945288753799,0,0.4886018237082066,0,0.607598784194529,0,0.17583586626139813,0,-0.08981762917933134,0
ACS-USD,ACS,USD,2023-02-15,0,0.04835509069068267,0,-0.02017560742515445,0,-0.31308693430317824,0,-0.627660492311368,0,-0.4161285398567798,0
PRIME-USD,PRIME,USD,2023-03-01,0,-0.3402116402116402,0,-0.3791887125220459,0,-0.5158730158730158,0,-0.6137566137566137,0,-0.7447971781305114,0
LSETH-USD,LSETH,USD,2023-03-07,0,-0.025240049656709895,0,-0.08707658787464212,0,0.08869169770211038,0,0.1533340933850169,0,0.19071596868587082,0
ARB-USD,ARB,USD,2023-03-23,0,-0.04013528748590767,0,-0.035099586621570755,0,0.03773017662532885,0,-0.08658399098083425,0,0.1010146561443066,0
FLR-USD,FLR,USD,2023-04-14,0,-0.014204545454545414,0,-0.019602272727272774,0,-0.10767045454545454,0,-0.11732954545454555,0,-0.20738636363636365,0
TVK-USD,TVK,USD,2023-04-18,1,-0.11023458584181012,0,-0.20718289391737588,0,-0.17625077849283788,0,-0.19555740087191198,0,-0.30620718289391735,0
DIMO-USD,DIMO,USD,2023-04-18,0,-0.14547997274715818,0,-0.32147595653888905,0,-0.15487503137662717,0,-0.247176103560799,0,-0.40570875318248656,0
SPA-USD,SPA,USD,2023-05-03,0,0.02418195654012001,0,-0.25052845184746764,0,-0.302189904455906,0,-0.36247569121501655,0,-0.33804007778811207,0
MULTI-USD,MULTI,USD,2023-05-04,1,0.004169867222648893,0,-0.028859870514649444,0,-0.1376056183474157,0,-0.11346428179523749,0,-0.5857566114342149,0
SUI-USD,SUI,USD,2023-05-18,0,-0.009110021023125414,0,-0.05851436580238256,0,-0.13980378416257877,0,-0.17072529782761037,0,-0.34267694463910303,0
OSMO-USD,OSMO,USD,2023-05-25,0,-0.02527015793848708,0,-0.0059850374064838174,0,-0.07996674979218621,0,-0.12934330839567743,0,-0.14430590191188697,0
HNT-USD,HNT,USD,2023-07-12,0,-0.10465116279069775,0,-0.10243632336655595,0,-0.13067552602436328,0,-0.12846068660022147,0,0.06589147286821695,0
XRP-USD,XRP,USD,2023-07-13,0,-0.12119359178182698,0,-0.08585055643879169,0,-0.02824996942643998,0,-0.12730830377889202,0,-0.23297052708817412,0
XRP-USDT,XRP,USDT,2023-07-13,0,-0.11715583937123919,0,-0.08338450202628034,0,-0.025297801792951047,0,-0.1234188873879406,0,-0.22829424045192193,0
SEI-USD,SEI,USD,2023-08-15,0,0.1759208356239692,0,-0.07916437603078608,0,-0.15283122594832332,0,-0.19241341396371636,0,-0.3518416712479384,0
PYUSD-USD,PYUSD,USD,2023-08-31,1,-8.000080000802878e-05,0,0.0,0,1.0000100000961964e-05,0,0.0,0,0.0,0
VTHO-USD,VTHO,USD,2023-09-13,0,-0.14182058047493395,0,-0.21899736147757254,0,-0.24340369393139838,0,-0.25065963060686014,0,-0.26055408970976246,0
VET-USD,VET,USD,2023-09-13,0,0.031363088057901,0,0.06815440289505426,0,0.0699638118214716,0,-0.011459589867310216,0,-0.012665862484921742,0
VARA-USD,VARA,USD,2023-09-20,0,-0.3468597595026246,0,-0.4258218234615242,0,-0.49562562823424305,0,-0.5845649826886565,0,-0.7383194966680318,0
BIGTIME-USD,BIGTIME,USD,2023-10-12,0,-0.19543899657924746,0,-0.09600912200684153,0,-0.4347016343595591,0,-0.44937286202964655,0,-0.37118966172557966,0
TIA-USD,TIA,USD,2023-11-01,0,-0.05327545382793997,0,-0.04064719810576156,0,-0.06393054459352798,0,1.3042620363062354,0,1.8038674033149174,0
JTO-USD,JTO,USD,2023-12-07,0,0.49275846237322085,0,0.4404190492090654,0,0.4411703326516132,0,0.17863850745022747,0,-0.2735506490254185,0
SEAM-USD,SEAM,USD,2023-12-11,1,0.0936088657799703,0,-0.23031330133181904,0,-0.2234723121833493,0,-0.30524475834716025,0,-0.5439163110121292,0
BONK-USD,BONK,USD,2023-12-14,0,0.0012706480304955914,0,-0.03430749682337997,0,-0.12282930961457006,0,-0.3697585768742059,0,-0.3528166031342651,0
HONEY-USD,HONEY,USD,2024-01-17,0,-0.1738601823708208,0,-0.32036474164133744,0,-0.3832826747720365,0,-0.46474164133738605,0,-0.40455927051671736,0
ONDO-USD,ONDO,USD,2024-01-22,0,0.035528596187174966,0,-0.07823718742262942,0,0.10270694066188013,0,-0.1217710654452423,0,0.5291738879260544,0
ZETA-USD,ZETA,USD,2024-02-01,0,-0.003273809523809401,0,-0.1795833333333332,0,-0.27815476190476196,0,0.6210714285714285,0,0.40654761904761916,0
VELO-USD,VELO,USD,2024-02-06,0,-0.09710504549214227,0,-0.11513647642679892,0,-0.16013234077750194,0,-0.15384615384615374,0,0.5801488833746897,0
AERO-USD,AERO,USD,2024-02-06,0,-0.12173759178979038,0,-0.25603821994160847,0,-0.26568167743077054,0,-0.23701672122445372,0,2.6564628859594794,0
RENDER-USD,RENDER,USD,2024-02-15,0,-0.004133784291619702,0,0.08981585869973685,0,0.38970311912814726,0,0.41863960916948506,0,0.9372416384817739,0
STRK-USD,STRK,USD,2024-02-21,0,0.017904160084254883,0,0.013164823591363728,0,-0.030542390731964186,0,0.34439178515007884,0,0.07214323328067396,0
MOBILE-USD,MOBILE,USD,2024-02-22,1,-0.053421521241414305,0,-0.08929025693207826,0,-0.13228186212159743,0,-0.028237089799033166,0,0.03841261765454096,0
AKT-USD,AKT,USD,2024-03-19,0,0.02380073800738014,0,-0.03062730627306276,0,-0.019003690036900278,0,-0.16586715867158675,0,-0.2787822878228783,0
RONIN-USD,RONIN,USD,2024-03-21,1,0.009400406504064929,0,0.07520325203252032,0,0.045477642276422925,0,-0.03124999999999989,0,-0.12779471544715448,0
ARKM-USD,ARKM,USD,2024-04-02,0,-0.1299959628582964,0,-0.12030682276947924,0,-0.1877270892208316,0,-0.3609204683084376,0,-0.22930964876867177,0
TNSR-USD,TNSR,USD,2024-04-08,0,0.10551849605821695,0,-0.14918132201334144,0,-0.459066100667071,0,-0.28320194057004244,0,-0.5294117647058824,0
SHDW-USD,SHDW,USD,2024-04-10,0,-0.006683804627249379,0,-0.3187660668380463,0,-0.4493573264781492,0,-0.48740359897172236,0,-0.6087403598971722,0
OMNI-USD,OMNI,USD,2024-04-17,1,-0.08058702368692061,0,0.06326320435486243,0,-0.211674268059438,0,-0.34114315139031925,0,-0.4447550389877887,0
KARRAT-USD,KARRAT,USD,2024-04-22,0,-0.10452071531711649,0,-0.2370321004109741,0,-0.28757080973008997,0,-0.34410751971565035,0,-0.1636121292902366,0
SAFE-USD,SAFE,USD,2024-04-23,0,-0.20274551214361147,0,-0.06133051742344242,0,-0.24815205913410776,0,-0.27442449841605077,0,-0.008405491024287337,0
NEON-USD,NEON,USD,2024-04-30,0,-0.06074342701722568,0,-0.049864007252946485,0,-0.11967361740707161,0,-0.33091568449682685,0,-0.28105167724388025,0
DRIFT-USD,DRIFT,USD,2024-05-17,0,-0.008620689655172376,0,0.2844827586206897,0,0.6522988505747127,0,0.3017241379310347,0,0.3706896551724139,0
PIRATE-USD,PIRATE,USD,2024-06-13,1,0.11733535200605605,0,0.0037850113550341735,0,-0.2691143073429221,0,-0.24375473126419378,0,0.1135503406510221,0
ZRO-USD,ZRO,USD,2024-06-20,0,-0.1362862010221465,0,-0.2038614423622942,0,-0.27683134582623503,0,-0.1235093696763202,0,0.5053946621237932,0
CORECHAIN-USD,CORECHAIN,USD,2024-06-21,0,-0.000717875089734421,0,-0.01005025125628145,0,-0.06030150753768848,0,-0.3704235463029433,0,0.1679827709978463,0
EURC-USD,EURC,USD,2024-06-21,1,-0.0018674136321195078,0,0.0009337068160597539,0,-0.0018674136321195078,0,0.012138188608777023,0,0.017740429505135547,0
BLAST-USD,BLAST,USD,2024-06-26,0,-0.125,0,-0.24786324786324787,0,-0.37321937321937315,0,-0.4241452991452992,0,-0.4476495726495727,0
A8-USD,A8,USD,2024-07-17,0,-0.10578925447730114,0,0.11120366513952518,0,-0.2140774677217826,0,-0.4244064972927948,0,-0.6201582673885881,0
LRDS-USD,LRDS,USD,2024-07-24,0,-0.20339434867602635,0,-0.3399680113737338,0,-0.42384929802736804,0,-0.6422605295894792,0,-0.618180202594633,0
SD-USD,SD,USD,2024-07-30,0,-0.118629623316857,0,-0.18578489858530767,0,-0.06510993693540146,0,-0.11198227373444691,0,-0.12664053178796664,0
G-USD,G,USD,2024-08-13,0,-0.054441260744985565,0,-0.031996179560649485,0,-0.009551098376313183,0,-0.07402101241642789,0,-0.14804202483285567,0
ACX-USD,ACX,USD,2024-08-21,1,-0.05008899059242311,0,-0.11899313501144171,0,-0.21052631578947367,0,-0.2448512585812357,0,-0.35901347571828124,0
POL-USD,POL,USD,2024-09-04,0,-0.03535882661079093,0,-0.03195390256678887,0,-0.020167627029858526,0,0.021215295966474645,0,0.005762179151388214,0
ALEO-USD,ALEO,USD,2024-09-18,0,-0.2694641051567239,0,-0.1959049544994944,0,0.031092012133468128,0,0.15697674418604657,0,-0.47118301314459043,0
ZETACHAIN-USD,ZETACHAIN,USD,2024-09-23,0,0.03797851414737474,0,0.056892116810409954,0,-0.020729308518686707,0,-0.0986533514903919,0,0.0859434105008321,0
COW-USD,COW,USD,2024-09-24,0,-0.11910669975186117,0,-0.11383374689826309,0,-0.18672456575682395,0,-0.16284119106699768,0,-0.12375930521091827,0
ZK-USD,ZK,USD,2024-09-25,0,0.08982354730757525,0,0.11218436264070575,0,-0.0582598113781565,0,-0.08564040158198982,0,-0.037952540310313476,0
WELL-USD,WELL,USD,2024-09-25,0,0.04054129464285716,0,-0.07829241071428561,0,-0.15678013392857126,0,-0.11428571428571421,0,1.0613560267857145,0
EIGEN-USD,EIGEN,USD,2024-10-01,0,-0.19073705179282874,0,-0.10906374501992033,0,-0.0722111553784861,0,-0.1259960159362551,0,-0.3179780876494024,0
IO-USD,IO,USD,2024-10-09,0,-0.028829847371396267,0,0.06670435274166198,0,0.07009609949123807,0,0.035048049745618925,0,0.11871113623516116,0
DEGEN-USD,DEGEN,USD,2024-10-15,0,-0.10292569985266253,0,-0.03336139760050516,0,-0.09271732266891175,0,-0.06198695011576505,0,1.6941696484950537,0
SWELL-USD,SWELL,USD,2024-11-07,0,0.4912563895614743,0,0.33037395749260146,0,-0.02206080172181868,0,-0.06779661016949157,0,0.3134248049502286,0
WIF-USD,WIF,USD,2024-11-13,0,-0.14066985645933006,0,-0.1375598086124401,0,-0.2703349282296651,0,-0.2543062200956937,0,-0.2933014354066985,0
PEPE-USD,PEPE,USD,2024-11-13,0,-0.01101532567049801,0,0.020593869731800885,0,-0.10057471264367812,0,-0.05363984674329503,0,0.18582375478927204,0
FLOKI-USD,FLOKI,USD,2024-11-21,0,-0.04261036468330137,0,-0.08752399232245678,0,-0.1485604606525911,0,-0.11094049904030712,0,-0.36084452975047976,0
MOODENG-USD,MOODENG,USD,2024-12-04,0,0.007096774193548372,0,0.07032258064516128,0,-0.13182795698924732,0,-0.38,0,-0.3260215053763441,0
MOG-USD,MOG,USD,2024-12-05,0,0.2999999999999998,0,0.3137931034482757,0,0.06551724137931036,0,-0.19310344827586212,0,-0.034482758620689724,0
MOVE-USD,MOVE,USD,2024-12-09,1,-0.16872612895978434,0,-0.27083801392945406,0,-0.30128061109862947,0,-0.02729723657605032,0,0.013929454055268353,0
ME-USD,ME,USD,2024-12-10,0,-0.039278131634819635,0,-0.24628450106157118,0,-0.4624911535739562,0,-0.43612880396319886,0,-0.5260084925690022,0
TURBO-USD,TURBO,USD,2024-12-11,0,-0.101610996157257,0,-0.1604345255690216,0,-0.33712681052320426,0,-0.1511971622819983,0,-0.38072716523795447,0
GIGA-USD,GIGA,USD,2024-12-11,0,0.015402669796098056,0,-0.04679477776147867,0,-0.23192019950124687,0,-0.10063077600117343,0,0.143758251430248,0
PRCL-USD,PRCL,USD,2024-12-17,0,-0.18208373904576436,0,-0.23758519961051594,0,-0.17721518987341767,0,-0.38188899707887036,0,-0.436222005842259,0
PNUT-USD,PNUT,USD,2025-01-14,0,0.037677878395860454,0,0.054818887451487885,0,-0.3987710219922379,0,-0.6292043984476067,0,-0.7608344113842174,0
TRUMP-USD,TRUMP,USD,2025-01-21,0,-0.16012773722627738,0,-0.3113594890510949,0,-0.3763686131386862,0,-0.6076642335766425,0,-0.6099452554744526,0
TOSHI-USD,TOSHI,USD,2025-01-23,0,-0.10521126760563382,0,1.0612676056338026,0,0.6991549295774648,0,0.08619718309859148,0,-0.08549295774647891,0
VVV-USD,VVV,USD,2025-01-28,0,0.021715526601520097,0,-0.3843648208469056,0,-0.43865363735070584,0,-0.20955483170466893,0,-0.5678610206297503,0
BERA-USD,BERA,USD,2025-02-06,0,-0.11573382369842555,0,-0.4042064130559706,0,-0.3559360992989312,0,0.012182507757728889,0,-0.2222733019193196,0
ETHFI-USD,ETHFI,USD,2025-02-06,0,0.0027522935779815683,0,0.022935779816513735,0,0.07247706422018352,0,0.06605504587155941,0,-0.2697247706422019,0
B3-USD,B3,USD,2025-02-10,0,1.2230926430517712,0,0.8959468664850139,0,0.4473773841961852,0,0.1127384196185286,0,0.0625,0
IP-USD,IP,USD,2025-02-13,0,-0.07498790517658449,0,-0.15868408321238514,0,1.742138364779874,0,1.75084663763909,0,1.7445573294629897,0
POPCAT-USD,POPCAT,USD,2025-02-13,0,0.09839228295819935,0,-0.056591639871382604,0,-0.1958199356913184,0,-0.1803858520900321,0,-0.3607717041800643,0
PENGU-USD,PENGU,USD,2025-02-13,0,0.0640394088669951,0,-0.04827586206896539,0,-0.1448275862068965,0,-0.20295566502463047,0,-0.33891625615763543,0
TAO-USD,TAO,USD,2025-02-20,0,-0.04548573879476736,0,-0.06911859318035607,0,-0.29283722925155486,0,-0.3823289727643149,0,-0.46705983272571305,0
PYTH-USD,PYTH,USD,2025-02-20,0,-0.03417044051049811,0,0.013997529847673773,0,-0.13750514615067932,0,-0.25524907369287775,0,-0.33470564018114457,0
KAITO-USD,KAITO,USD,2025-02-20,0,-0.13118331716779819,0,-0.04873908826382156,0,0.30128516003879713,0,-0.008244422890397729,0,-0.19574442289039762,0
MORPHO-USD,MORPHO,USD,2025-02-27,0,-0.12810620203277323,0,-0.10093341630367147,0,-0.34341422941298483,0,-0.4721427089815391,0,-0.46811864758348887,0
REZ-USD,REZ,USD,2025-03-06,0,-0.13300165837479272,0,-0.2102819237147595,0,-0.29585406301824213,0,-0.3837479270315092,0,-0.4092868988391376,0
COOKIE-USD,COOKIE,USD,2025-03-11,0,-0.11749012912175871,0,-0.21774623839504859,0,-0.2899903959022516,0,-0.25781666844520335,0,-0.5674421086330168,0
RED-USD,RED,USD,2025-03-12,0,-0.08609834949804318,0,0.3983324825591288,0,0.23430321592649328,0,-0.007486812999829784,0,-0.1876807895184618,0
SYRUP-USD,SYRUP,USD,2025-03-13,0,0.14376770538243644,0,0.03257790368271962,0,-0.07507082152974498,0,-0.022662889518413443,0,-0.18484419263456087,0
ATH-USD,ATH,USD,2025-03-13,0,0.01513483764446888,0,-0.0555861309851402,0,-0.09080902586681339,0,-0.028343423225096198,0,-0.17501375894331306,0
FAI-USD,FAI,USD,2025-03-27,0,-0.12899786780383793,0,-0.2565742714996445,0,-0.3841506751954512,0,-0.507818052594172,0,-0.3191186922530206,0
L3-USD,L3,USD,2025-03-27,0,-0.1570134106560347,0,-0.31772381297571584,0,-0.5272200072490032,0,-0.5055454874954692,0,-0.5174338528452337,0
PENDLE-USD,PENDLE,USD,2025-03-27,0,-0.05673512008353643,0,-0.11869126348764358,0,0.10720501218238776,0,0.10650887573964485,0,0.205012182387748,0
ALT-USD,ALT,USD,2025-03-27,0,-0.08135421930267794,0,-0.15184436584133387,0,-0.2849924204143507,0,-0.3542193026781202,0,-0.17129863567458303,0
KEYCAT-USD,KEYCAT,USD,2025-04-01,0,-0.43648620181167064,0,-0.39140509795660416,0,-0.5397092900779441,0,-0.44406993890878455,0,-0.35011586265009487,0
DOGINME-USD,DOGINME,USD,2025-04-01,0,-0.33831376734258267,0,-0.3388473852721451,0,-0.6022411953041622,0,-0.31472785485592314,0,-0.46254002134471717,0
EDGE-USD,EDGE,USD,2025-04-02,0,0.35223748338502436,0,0.1980505095259193,0,0.17707871806232434,0,-0.09599763698124364,0,-0.08743169398907114,0
PROMPT-USD,PROMPT,USD,2025-04-10,0,0.8776386223613775,0,1.17008382991617,0,0.20846379153620842,0,0.5484294515705483,0,0.7304312695687305,0
KERNEL-USD,KERNEL,USD,2025-04-14,0,-0.3290780141843972,0,-0.3940425531914893,0,-0.45730496453900704,0,-0.49219858156028373,0,-0.5140425531914894,0
RSR-USD,RSR,USD,2025-04-22,0,-0.058752070679182866,0,0.004527885146327959,0,-0.004307012700165758,0,-0.07907233572611827,0,0.07211485367200421,0
CLANKER-USD,CLANKER,USD,2025-04-23,0,-0.06816600973800147,0,0.014143287734755372,0,-0.14977973568281944,0,-0.4178066311152331,0,-0.2830976118710874,0
ZORA-USD,ZORA,USD,2025-04-24,0,-0.17914893617021266,0,-0.2527659574468085,0,-0.4425531914893617,0,-0.5651063829787234,0,-0.5757446808510638,0
WLD-USD,WLD,USD,2025-04-30,0,-0.0714916151809355,0,-0.15622241835834072,0,-0.17828773168578993,0,0.09532215357458074,0,-0.003530450132391838,0
MANTLE-USD,MANTLE,USD,2025-05-01,0,-0.000675401864109082,0,-0.026610833445900206,0,0.024179386735107444,0,0.02012697555045251,0,-0.08158854518438474,0
SXT-USD,SXT,USD,2025-05-08,0,-0.11026878015161967,0,0.0578911095796002,0,-0.10130944176430057,0,-0.08614748449345289,0,-0.3156443831840111,0
PAXG-USD,PAXG,USD,2025-05-08,0,0.0005077855472286341,0,-0.014241891112856786,0,-0.02681406386747398,0,-0.008381448503078093,0,-0.005564732202863354,0
LA-USD,LA,USD,2025-06-04,0,0.3045184759716639,0,0.02814474439977044,0,-0.15651924181504884,0,-0.39326057821175564,0,-0.5250813708596592,0
ENA-USD,ENA,USD,2025-06-05,0,0.04894366197183109,0,0.11619718309859173,0,0.09612676056338043,0,-0.0028169014084505895,0,-0.10140845070422533,0
HOME-USD,HOME,USD,2025-06-10,0,-0.07101449275362326,0,-0.23507246376811597,0,-0.3165217391304348,0,-0.4301449275362319,0,-0.3576811594202899,0
SQD-USD,SQD,USD,2025-06-12,0,-0.08627450980392148,0,-0.13215686274509808,0,-0.283921568627451,0,-0.4015686274509803,0,-0.3580392156862745,0
FARTCOIN-USD,FARTCOIN,USD,2025-06-12,0,0.05171568627450984,0,-0.010947712418300726,0,-0.15375816993464042,0,-0.22638888888888886,0,0.01764705882352957,0
CAKE-USD,CAKE,USD,2025-06-12,0,-0.016548463356973908,0,-0.09141055949566579,0,-0.13120567375886516,0,-0.15799842395587071,0,-0.07683215130023635,0
SPK-USD,SPK,USD,2025-06-17,0,-0.13851177178209306,0,-0.2988485994157071,0,-0.29438047774531706,0,-0.36226155696855133,0,-0.43083003952569177,0
NEWT-USD,NEWT,USD,2025-06-24,0,-0.2005504587155964,0,-0.28825688073394495,0,-0.346605504587156,0,-0.42935779816513764,0,0.058532110091743084,0
S-USD,S,USD,2025-06-24,0,-0.11282022120497015,0,-0.12933951266668575,0,-0.14836086548576954,0,-0.13417304028887433,0,-0.06874982229677873,0
W-USD,W,USD,2025-07-02,0,-0.03499054309646055,0,-0.1032153472034586,0,-0.07970818697649285,0,0.1727911375303972,0,-0.0013509862199405642,0
USDS-USD,USDS,USD,2025-07-10,0,-0.00179640718562879,0,-0.002095808383233533,0,-0.001896207584830334,0,-0.0023952095808382756,0,-0.001696606786427135,0
SKY-USD,SKY,USD,2025-07-10,0,-0.07285546415981192,0,-0.08448883666274976,0,-0.07696827262044659,0,-0.011163337250293726,0,0.03137485311398369,0
PUMP-USD,PUMP,USD,2025-07-15,0,-0.13653789442642283,0,-0.38071365378944266,0,-0.43762901798879383,0,-0.5858153936891772,0,-0.4685933352993217,0
ERA-USD,ERA,USD,2025-07-17,0,-0.21039157502763717,0,-0.2643276895327864,0,-0.14877523709780638,0,-0.37545819514749523,0,-0.44388200384011167,0
JITOSOL-USD,JITOSOL,USD,2025-07-24,0,0.017388966073589307,0,0.034688298301438714,0,-0.05481109667010253,0,-0.04342759826110343,0,0.12517366557612153,0
MPLX-USD,MPLX,USD,2025-07-24,0,0.010129431626336505,0,0.020821609454136247,0,-0.046707934721440636,0,0.032076533483399006,0,0.0658413055711875,0
TREE-USD,TREE,USD,2025-07-29,0,-0.20958883776161497,0,-0.27356390084607385,0,-0.36618672999851565,0,-0.3703428825886893,0,-0.41695116520706543,0
BNKR-USD,BNKR,USD,2025-07-30,0,0.7002571520411442,0,0.22195435551269682,0,0.1549341047894568,0,0.30167148826743806,0,-0.16232722597235627,0
RSC-USD,RSC,USD,2025-07-31,0,-0.028008673653776572,0,0.07209974701843169,0,0.056559450668594025,0,0.07462956270328869,0,-0.10968558005059625,0
BIO-USD,BIO,USD,2025-07-31,0,-0.0547592204863907,0,-0.054114994363021474,0,0.45063617329682715,0,0.650829441133838,0,1.626993074569174,0
TOWNS-USD,TOWNS,USD,2025-08-05,0,-0.18442725230846024,0,-0.21063139505864747,0,-0.1901672073870727,0,-0.32268530072373347,0,-0.4242575492887447,0
PROVE-USD,PROVE,USD,2025-08-05,0,0.09376261606782399,0,0.0577311263625353,0,0.5467299152200242,0,0.15643924101735962,0,-0.12293096487686717,0
MAMO-USD,MAMO,USD,2025-08-06,0,-0.17324009324009326,0,-0.17701631701631704,0,-0.17501165501165494,0,-0.14550116550116543,0,-0.4735664335664336,0
EUL-USD,EUL,USD,2025-08-06,0,0.03390557939914163,0,0.055879828326180325,0,0.04772532188841194,0,-0.12935622317596562,0,-0.18454935622317603,0
COSMOSDYDX-USD,COSMOSDYDX,USD,2025-08-07,0,0.0410936476751802,0,0.07449246889325467,0,0.08497053045186642,0,0.043222003929273,0,-0.022265880812049832,0
WCT-USD,WCT,USD,2025-08-14,0,-0.017764165390505404,0,0.010107197549770186,0,-0.07840735068912719,0,-0.05482388973966312,0,-0.021133231240428874,0
USELESS-USD,USELESS,USD,2025-08-20,0,-0.21370967741935476,0,0.027859237536656867,0,-0.20894428152492672,0,-0.4010263929618768,0,-0.23240469208211134,0
SAPIEN-USD,SAPIEN,USD,2025-08-20,0,-0.10056127221702527,0,0.26426566884939184,0,-0.2895229186155285,0,-0.2778297474275022,0,0.08559401309635173,0
USD1-USD,USD1,USD,2025-08-21,0,0.0001000700490343398,0,0.0004002801961373592,0,0.0013009106374461954,0,-0.0003002101471029084,0,0.0014009806864805352,0
WLFI-USD,WLFI,USD,2025-09-01,0,-0.0273972602739726,0,-0.20034246575342474,0,-0.09589041095890416,0,-0.07234589041095885,0,-0.11772260273972601,0
AWE-USD,AWE,USD,2025-09-04,0,-0.026170009551098383,0,-0.024832855778414542,0,0.05291308500477565,0,0.41795606494746895,0,1.114422158548233,0
FLOCK-USD,FLOCK,USD,2025-09-09,0,-0.10364077669902905,0,-0.06990291262135917,0,-0.07766990291262132,0,-0.25873786407766985,0,-0.35024271844660193,0
SPX-USD,SPX,USD,2025-09-09,0,0.02503923526893992,0,0.04886574404337285,0,-0.06869738907119405,0,-0.2594521329718932,0,0.04608360679126844,0
AVNT-USD,AVNT,USD,2025-09-09,0,0.3044444444444445,0,0.7003703703703703,0,2.773703703703703,0,6.374444444444444,0,2.071851851851852,0
DOLO-USD,DOLO,USD,2025-09-11,0,-0.026062948647156303,0,0.008503589177250026,0,-0.11789066813914972,0,-0.4237437879624517,0,-0.5908890115958034,0
KMNO-USD,KMNO,USD,2025-09-11,0,-0.0758046301524562,0,-0.06789949181253518,0,0.3170525127046866,0,-0.11547148503670257,0,-0.19904009034443815,0
LAYER-USD,LAYER,USD,2025-09-11,0,0.014565725588922884,0,-0.014565725588922884,0,0.00449559431756863,0,-0.2598453515554756,0,-0.4894803092968891,0
ZKC-USD,ZKC,USD,2025-09-15,0,-0.1472457627118643,0,-0.17870762711864407,0,-0.29427966101694913,0,-0.47860169491525417,0,-0.8045550847457628,0
BARD-USD,BARD,USD,2025-09-18,0,-0.11489240686320978,0,0.0007583657218694917,0,0.12095933263816483,0,-0.166745663096028,0,-0.40866432837235755,0
CFG-USD,CFG,USD,2025-09-25,0,0.30891719745222934,0,0.3264331210191085,0,0.2611464968152868,0,0.12579617834394918,0,-0.13694267515923564,0
TROLL-USD,TROLL,USD,2025-09-25,0,0.09819354838709682,0,0.05612903225806454,0,0.054774193548386974,0,-0.1733548387096775,0,-0.45941935483870966,0
XAN-USD,XAN,USD,2025-09-29,0,-0.4944418809513822,0,-0.5580771005495198,0,-0.5787574982172071,0,-0.8279290238684509,0,-0.8402617559461387,0
LINEA-USD,LINEA,USD,2025-10-09,0,-0.2845864661654136,0,-0.2672932330827067,0,-0.3056390977443608,0,-0.4112781954887218,0,-0.5330827067669173,0
SYND-USD,SYND,USD,2025-10-09,0,-0.3294751009421265,0,-0.2449528936742933,0,-0.3041722745625841,0,-0.5071332436069986,0,-0.43283983849259755,0
NOICE-USD,NOICE,USD,2025-10-09,0,-0.40953241472780666,0,-0.2012649649875763,0,-0.28077704992093977,0,-0.26360966794669083,0,-0.29229726677208046,0
RECALL-USD,RECALL,USD,2025-10-15,0,-0.3078059071729957,0,0.13291139240506333,0,-0.20443037974683542,0,-0.1784810126582278,0,-0.6883966244725739,0
YB-USD,YB,USD,2025-10-15,0,-0.15449101796407194,0,-0.29431137724550904,0,-0.3971556886227545,0,0.0029940119760478723,0,-0.35583832335329346,0
2Z-USD,2Z,USD,2025-10-16,0,-0.07374666989585854,0,-0.045571970614353696,0,-0.055057721805118254,0,-0.22402518769677882,0,-0.36376846694114795,0
KTA-USD,KTA,USD,2025-10-22,0,0.10038461538461552,0,-0.025769230769230655,0,-0.16826923076923084,0,-0.2611538461538462,0,-0.5001923076923076,0
BNB-USD,BNB,USD,2025-10-22,0,0.05086546796789815,0,0.0416934649478482,0,0.032512140786518096,0,-0.1064567545650289,0,-0.22589785893384784,0
APR-USD,APR,USD,2025-10-23,0,-0.2557251908396947,0,-0.3786577608142494,0,-0.35623409669211203,0,-0.6211832061068703,0,-0.5922391857506362,0
MET-USD,MET,USD,2025-10-23,0,-0.007057546145494031,0,-0.02623959464350334,0,-0.14096996018820118,0,-0.3599348534201954,0,-0.46272167933405717,0
DBR-USD,DBR,USD,2025-10-29,0,-0.11073651452282152,0,-0.17219917012448138,0,-0.25233402489626544,0,-0.4151970954356846,0,-0.46602697095435675,0
KITE-USD,KITE,USD,2025-11-03,0,-0.1329531051964512,0,-0.12978453738910012,0,0.06058301647655262,0,0.017743979721166037,0,0.22915082382762986,0
TRUST-USD,TRUST,USD,2025-11-05,0,-0.17890109890109895,0,-0.08619780219780226,0,-0.27164835164835177,0,-0.521934065934066,0,-0.3610989010989011,0
ALLO-USD,ALLO,USD,2025-11-12,0,-0.3094285714285714,0,-0.4008571428571428,0,-0.5191428571428571,0,-0.508,0,-0.6459999999999999,0
NOM-USD,NOM,USD,2025-11-13,0,0.0037174721189590088,0,-0.043122676579925745,0,-0.1427509293680297,0,-0.09144981412639408,0,-0.35315985130111527,0
TON-USD,TON,USD,2025-11-18,0,-0.0379464285714286,0,-0.1501116071428572,0,-0.1305803571428571,0,-0.1183035714285714,0,-0.1975446428571429,0
SUP-USD,SUP,USD,2025-11-18,0,-0.2609558711253628,0,-0.5419147961520844,0,-0.4809894640403115,0,-0.6029928233318065,0,-0.632768361581921,0
ASTER-USD,ASTER,USD,2025-11-20,0,0.02099076406381184,0,-0.06297229219143574,0,-0.08312342569269515,0,-0.14021830394626367,0,-0.39462636439966425,0
BOBBOB-USD,BOBBOB,USD,2025-11-21,0,-0.26923076923076916,0,0.04358974358974366,0,-0.24923076923076926,0,0.015897435897435974,0,-0.3523076923076923,0
MON-USD,MON,USD,2025-11-24,0,0.5049180327868854,0,0.3350819672131147,0,0.009180327868852478,0,-0.0783606557377049,0,-0.28885245901639345,0
FLUID-USD,FLUID,USD,2025-11-25,0,0.020827134781314927,0,-0.0657542398095805,0,-0.10264802142219587,0,0.0002975304968759751,0,-0.24576019041951802,0
WMTX-USD,WMTX,USD,2025-11-25,0,-0.0731593226681635,0,-0.15193189259986906,0,-0.03199550940218909,0,-0.1392085321358406,0,-0.5118345963139677,0
IRYS-USD,IRYS,USD,2025-11-25,0,0.48105698822031195,0,0.032792104425342083,0,-0.02929003502069405,0,0.11397644062400514,0,-0.025787965616045905,0
RLS-USD,RLS,USD,2025-12-01,0,0.10904152114862242,0,-0.2227396197128445,0,-0.38494373302289486,0,-0.3783469150174622,0,-0.5781916957702755,0
XPL-USD,XPL,USD,2025-12-02,0,0.0016034206306789756,0,-0.07161945483698551,0,-0.048637092463923004,0,-0.2870122928915019,0,-0.08711918760021364,0
JUPITER-USD,JUPITER,USD,2025-12-09,0,-0.02990175138829565,0,-0.14438274241777016,0,-0.1742844938060658,0,-0.18496369073045704,0,-0.08756941478000846,0
WET-USD,WET,USD,2025-12-09,0,0.6081903707802989,0,0.1333702268954069,0,0.14222468179302705,0,0.2706142778085223,0,-0.04980630879911463,0
HYPER-USD,HYPER,USD,2025-12-10,0,-0.005151320025756578,0,-0.04571796522858984,0,-0.19253058596265282,0,-0.20154539600772692,0,-0.18673535093367677,0
PLUME-USD,PLUME,USD,2025-12-10,0,-0.0339388145315489,0,-0.09082217973231366,0,-0.26290630975143414,0,-0.15487571701720837,0,-0.16969407265774383,0
THQ-USD,THQ,USD,2025-12-16,0,-0.34861896128825853,0,-0.5707582382425083,0,-0.30030926735629737,0,-0.5447371227471474,0,-0.555828090007465,0
BEAM-USD,BEAM,USD,2025-12-16,0,-0.07145187601957581,0,-0.0786296900489396,0,-0.11647634584013056,0,-0.09004893964110938,0,-0.016639477977161476,0
ZKP-USD,ZKP,USD,2025-12-19,0,-0.18257334747260512,0,0.41808059384941676,0,0.345528455284553,0,0.11046306115235072,0,0.13829975256274318,0
BREV-USD,BREV,USD,2026-01-06,0,0.21394700139470002,0,0.0998605299860531,0,-0.03682008368200829,0,-0.3107391910739191,0,-0.6502092050209205,0
RAY-USD,RAY,USD,2026-01-14,0,-0.07232244433609625,0,-0.08402405330732976,0,-0.15610271412319188,0,-0.1774744027303754,0,-0.49463676255485123,0
FUN1-USD,FUN1,USD,2026-01-15,0,-0.10951308265465254,0,-0.2215387281233755,0,-0.329145728643216,0,-0.5487783746317796,0,-0.6782186796049212,0
LIGHTER-USD,LIGHTER,USD,2026-01-15,0,-0.014293276866066629,0,-0.05134992059290633,0,-0.06881948120698789,0,-0.14716781365802012,0,-0.1281101111699312,0
ELSA-USD,ELSA,USD,2026-01-20,0,-0.06693711967545635,0,0.13793103448275867,0,-0.19066937119675453,0,-0.4300202839756593,0,-0.506423258958756,0
SKR-USD,SKR,USD,2026-01-21,0,0.9508196721311477,0,0.4102914389799637,0,-0.04007285974499086,0,-0.19672131147540983,0,-0.07604735883424418,0
SENT-USD,SENT,USD,2026-01-22,0,-0.0840026773761714,0,-0.12048192771084332,0,0.09270414993306564,0,0.04016064257028118,0,-0.25870147255689424,0
IMU-USD,IMU,USD,2026-01-22,0,-0.21250000000000002,0,-0.44499999999999995,0,-0.4916666666666667,0,-0.6741666666666666,0,-0.7008333333333334,0
FIGHT-USD,FIGHT,USD,2026-01-22,0,-0.14869888475836424,0,-0.015695993391160568,0,-0.33581164807930597,0,-0.7414291615035109,0,-0.7154068566707972,0
BIRB-USD,BIRB,USD,2026-01-28,0,-0.25530660377358494,0,-0.31928066037735847,0,-0.17128537735849048,0,-0.36497641509433965,0,-0.5129716981132075,0
INX-USD,INX,USD,2026-01-30,0,-0.27170220796376676,0,-0.38266654085676544,0,-0.4577750518965843,0,-0.322796754104548,0,-0.46093602566521985,0
ZAMA-USD,ZAMA,USD,2026-02-02,0,-0.21699716713881012,0,-0.20424929178470252,0,-0.2028328611898017,0,-0.3538243626062323,0,-0.45212464589235124,0
TRIA-USD,TRIA,USD,2026-02-03,0,0.012737875997544501,0,0.21260487006343354,0,-0.2508696541845713,0,-0.11070186208307753,0,-0.08850010231225691,0
HYPE-USD,HYPE,USD,2026-02-05,0,-0.02052520374283129,0,-0.021430727437367958,0,-0.06217929369151831,0,-0.12435858738303651,0,-0.08542106851795961,0
DOOD-USD,DOOD,USD,2026-02-05,0,0.12109264995775848,0,0.06674176288369482,0,0.08983384961982543,0,-0.019994367783722877,0,-0.15685722331737528,0
RNBW-USD,RNBW,USD,2026-02-05,0,-0.056444573756182614,0,0.042769857433808456,0,-0.3069537387256327,0,-0.39743962758219376,0,-0.45301134710503344,0
UP-USD,UP,USD,2026-02-10,0,-0.19321428571428578,0,-0.3717857142857143,0,-0.49142857142857144,0,-0.16428571428571426,0,-0.2578571428571429,0
DEEP-USD,DEEP,USD,2026-02-11,0,0.043277310924369816,0,0.21302521008403352,0,0.1789915966386555,0,0.1390756302521008,0,0.47016806722689064,0
RAVE-USD,RAVE,USD,2026-02-11,0,-0.0271978021978021,0,0.03653846153846163,0,0.04478021978021984,0,-0.20659340659340653,0,-0.3348901098901098,0
WAL-USD,WAL,USD,2026-02-11,0,0.03573699605748426,0,0.1271779219127558,0,0.020094111662215308,0,0.007503497392852498,0,0.023400737631946944,0
AZTEC-USD,AZTEC,USD,2026-02-12,0,0.32788461538461533,0,0.04326923076923084,0,-0.08173076923076927,0,0.12307692307692308,0,0.11874999999999991,0
ESP-USD,ESP,USD,2026-02-13,0,-0.03013698630136996,0,-0.015310233682514052,0,0.12651087832393237,0,1.0302981466559227,0,0.5929089443996776,0
GWEI-USD,GWEI,USD,2026-02-24,0,-0.14873834098418182,0,0.34332329464050737,0,0.22095845150726579,0,0.49399140376012385,0,0.2525072366305079,0
ROBO-USD,ROBO,USD,2026-02-27,0,-0.10222116073561016,0,0.3503701934559351,0,-0.041318366372104065,0,-0.041318366372104065,0,-0.44829233341294483,0
OPN-USD,OPN,USD,2026-03-05,0,-0.13133514986376027,0,-0.16103542234332424,0,-0.13569482288828338,0,-0.21171662125340596,0,-0.4817438692098093,0
LMTS-USD,LMTS,USD,2026-03-06,0,-0.10028708133971287,0,-0.17703349282296654,0,-0.25363636363636366,0,-0.3716746411483254,0,-0.4512918660287081,0
KAT-USD,KAT,USD,2026-03-18,0,-0.1250000000000001,0,-0.13811188811188813,0,-0.009615384615384692,0,-0.11713286713286719,0,-0.15122377622377625,0
PRL-USD,PRL,USD,2026-03-25,0,0.2170570788693178,0,0.059015798075177095,0,-0.09151988378427456,0,0.05762363053083952,0,0.25416137037709574,0
ICNT-USD,ICNT,USD,2026-03-25,0,-0.027742428098752936,0,0.154492237210486,0,0.020106897429371218,0,-0.31534741664545685,0,-0.07610078900483597,0
BASED1-USD,BASED1,USD,2026-03-30,0,-0.24351464435146442,0,-0.2594142259414226,0,-0.5355648535564853,0,-0.4569037656903766,0,0.08451882845188274,0
EDGEX-USD,EDGEX,USD,2026-03-31,0,0.05619684082624543,0,0.718408262454435,0,0.6221142162818956,0,0.4702308626974483,0,0.7428614823815309,0
MEZO-USD,MEZO,USD,2026-04-01,0,-0.21921881335315585,0,-0.34504662792269225,0,-0.5466954993918097,0,0.0416272469252601,0,-0.4599270171644817,0
CHECK-USD,CHECK,USD,2026-04-02,0,-0.14545148814528341,0,-0.20497729947872878,0,-0.442239784765428,0,-0.3524466117370102,0,-0.6093828821254414,0
OPG-USD,OPG,USD,2026-04-21,0,-0.02510245901639352,0,-0.2909836065573771,0,-0.2248975409836067,0,-0.31070696721311475,0,-0.3632172131147542,0
SIGN-USD,SIGN,USD,2026-04-21,0,-0.00830105146651916,0,-0.015495296070835551,0,-0.11676812396236858,0,-0.11289429994465972,0,-0.2512451577199778,0
CHIP-USD,CHIP,USD,2026-04-21,0,0.8463678010471205,0,0.38678010471204183,0,0.12598167539267013,0,-0.07378926701570676,0,-0.21384162303664922,0
DIEM-USD,DIEM,USD,2026-04-22,0,-0.03143398771440553,0,0.004356464519421843,0,0.02453473323490285,0,0.30528061828985975,0,0.46706221177156815,0
BLEND-USD,BLEND,USD,2026-04-24,0,-0.16720779220779225,0,-0.275974025974026,0,-0.03327922077922085,0,-0.0024350649350649567,0,-0.1517857142857143,0
PROS-USD,PROS,USD,2026-04-28,0,-0.15787767451912682,0,-0.30084287875513294,0,-0.3160795331748433,0,-0.1712772854981629,0,-0.32375189107413005,0
AI-USD,AI,USD,2026-04-29,0,-0.2769344687152907,0,-0.4211403184005924,0,-0.4215105516475379,0,-0.4577934098482044,0,-0.40318400592373194,0
VIRTUAL-USD,VIRTUAL,USD,2026-04-29,0,-0.003042155584528472,0,0.08793278284803696,0,0.2619151093727363,0,0.12791539910183958,0,0.03042155584528472,0
MEGA-USD,MEGA,USD,2026-04-30,0,-0.04480200980978588,0,-0.2549348008134944,0,-0.2779040555090322,0,-0.3696614427563105,0,-0.6226223232444072,0
BILL-USD,BILL,USD,2026-05-04,0,-0.10756722951844899,0,0.5044819678966019,0,1.8924327704815513,0,2.172816343548051,0,0.8063372941421723,0
KAIO-USD,KAIO,USD,2026-05-06,0,-0.2859598853868196,0,-0.39364417817139885,0,-0.5675957280541808,0,-0.720187548840844,0,-0.8531909351393592,0
WRON-USD,WRON,USD,2026-05-18,0,-0.15993740219092334,0,-0.20148669796557117,0,-0.3190140845070423,0,-0.32926447574334894,0,-0.5003912363067292,0
NEX-USD,NEX,USD,2026-05-20,0,0.054844606946983454,0,-0.17184643510054853,0,-0.356489945155393,0,-0.4405850091407678,0,-0.526508226691042,0
CTR-USD,CTR,USD,2026-05-26,0,-0.20483787956767885,0,-0.11219763252701997,0,-0.09984559958826567,0,-0.2218219248584663,0,-0.46423057128152334,0
META-USD,META,USD,2026-05-28,0,-0.12024539877300622,0,-0.1757055214723927,0,-0.270920245398773,0,-0.3042944785276074,0,-0.2674846625766871,0
DRV-USD,DRV,USD,2026-05-28,0,-0.010385756676557834,0,-0.001360039564787363,0,0.23367952522255186,0,0.2873392680514344,0,0.07950049455984187,0
O-USD,O,USD,2026-06-17,0,-0.12678603725809368,0,0.09751612708747825,0,0.2374148429492977,0,-0.16048712847410607,0,-0.15031349852293963,0
RE-USD,RE,USD,2026-06-18,0,1.0383203304268012,0,1.0819183111519046,0,0.3416704910509407,0,0.5784763653051856,0,-0.09453877925653975,0
ARX-USD,ARX,USD,2026-06-22,0,0.08234519104084326,0,-0.1333992094861659,0,-0.0905797101449275,0,-0.28096179183135706,0,-0.44729907773386024,0
GEOD-USD,GEOD,USD,2026-06-23,0,-0.14420196833547272,0,-0.1613179289687633,0,-0.11467693624304665,0,-0.11681643132220787,0,-0.17971758664955062,0
CAP-USD,CAP,USD,2026-06-26,0,-0.07137978142076506,0,-0.12431693989071047,0,-0.30464480874316946,0,-0.32991803278688525,0,-0.2332650273224044,0
GROVE-USD,GROVE,USD,2026-07-06,0,-0.11276144286147316,0,-0.3219157320400121,0,-0.4443770839648379,0,-0.6471658078205517,0,-0.712943316156411,0
GRVT-USD,GRVT,USD,2026-07-30,0,0.1349009900990099,0,0.07714521452145218,0,0.18275577557755773,0,0.33415841584158423,0,-0.29496699669966997,0
ALIGN-USD,ALIGN,USD,2026-08-20,0,-0.15999999999999992,0,-0.2983908045977012,0,-0.40183908045977,0,-0.6216091954022989,0,-0.6432183908045976,1
BASECAT-USD,BASECAT,USD,2026-08-24,0,-0.07689530685920576,0,-0.16498194945848366,0,-0.010830324909747224,0,0.5451263537906137,0,-0.26281588447653426,1
DRB-USD,DRB,USD,2026-08-24,0,-0.27712765957446805,0,0.1404255319148937,0,-0.057446808510638214,0,0.31117021276595747,0,-0.057446808510638214,1
GRASS-USD,GRASS,USD,2026-08-26,0,-0.00247456695078363,0,0.005224085784987453,0,-0.08056090184217779,0,-0.057464943634863985,0,-0.14215012372834757,1
CP-USD,CP,USD,2026-09-02,0,-0.09714707329070349,0,-0.20511559272011803,0,-0.6278898180029513,0,-0.7019183472700443,1,-0.7019183472700443,1
