symbol,ret_min1,ret_open_h1,ret_open_day,tb_share_5m,tb_share_15m,tb_share_60m,count_h1,cpm_h1,cpm_5,cpm_rest,frenzy_ratio,n_bars
TWTUSDT,0.5400471142520613,0.7008244994110717,1.5382803297997643,0.4953245884578219,0.5601455026017165,0.5242162034604536,51330,855.5,2225.4,304.97486910994763,7.296994688430255,960
FIROUSDT,0.2618083670715252,0.13472784525416115,-0.029014844804318374,0.5682012838933912,0.5409194261154688,0.5402342420687213,6905,115.08333333333333,563.0,13.329277566539924,42.237848014605206,1320
CELOUSDT,0.9207178841309822,0.8005667506297229,0.6224811083123423,0.5888774590731984,0.5545351085772229,0.4898358828155262,44582,743.0333333333333,1950.8,135.0172972972973,14.448519108662754,930
CKBUSDT,0.20318659658344296,0.20729303547963207,-0.050427069645203715,0.6160804684628448,0.5565367901939888,0.5784922353942414,15722,262.03333333333336,1044.8,48.6,21.497942386831273,720
TRUUSDT,0.3990267639902674,0.3832116788321167,0.11557177615571779,0.6487240041583566,0.5887771230397219,0.5437284869434876,26014,433.56666666666666,1205.4,57.758620689655174,20.86961194029851,1020
BTCSTUSDT,4.657875,7.347250000000001,6.84375,0.609588508557899,0.5514325745089047,0.5140268021375186,97973,1632.8833333333334,2834.8,286.16837209302327,9.906056281714132,1080
RIFUSDT,0.8987603305785123,0.20609504132231415,0.03564049586776874,0.5535130546736334,0.5137851552635398,0.495752945120103,19179,319.65,1482.8,45.03206106870229,32.92765120694331,660
DODOUSDT,1.6287661406025826,1.38558106169297,1.2327833572453373,0.5574432056308599,0.5662688589903053,0.5485549319029542,258706,4311.766666666666,19107.4,678.1377245508982,28.176282351279045,840
CAKEUSDT,0.9780104712041884,0.7799999999999998,0.9826178010471205,0.5544070683113078,0.5420056455848767,0.5295373619986918,50035,833.9166666666666,2314.6,369.1776744186046,6.269609893515696,1080
SFPUSDT,7.5009999999999994,13.91,11.9,0.5488671274204392,0.4837844909097644,0.5217218924446901,175627,2927.116666666667,4902.0,792.6885496183206,6.184017672969178,660
LITUSDT,29.0004,18.9172,11.242,0.47124699558208866,0.4907465813351326,0.5107655428290796,238276,3971.266666666667,9182.4,521.4148837209302,17.610544475586106,1080
ACMUSDT,1.6923076923076925,2.757230769230769,1.7418461538461538,0.5762325860773605,0.5278130872979242,0.5337506061799034,144881,2414.6833333333334,7065.0,351.73290322580647,20.08626413737697,780
PERPUSDT,0.2793176972281448,0.11044776119402977,0.024840085287846314,0.48109162226075725,0.4905903665525339,0.4840272769410469,85126,1418.7666666666667,7364.4,157.6,46.72842639593909,960
SUPERUSDT,-0.10996309963099637,-0.1601476014760148,0.006642066420664339,0.5068857570353696,0.5129733652233137,0.5155600551468696,61932,1032.2,5419.4,206.5736526946108,26.23471061922789,840
RAMPUSDT,0.20205882352941162,0.05852941176470572,-0.13573529411764718,0.4676166114118181,0.4728645039379359,0.45580167099640345,90405,1506.75,8719.8,155.4994413407821,56.076085706895064,900
DEGOUSDT,0.9528275862068964,0.5035862068965518,0.46882758620689646,0.5523535973988701,0.5528494637354273,0.5169021348915487,117047,1950.7833333333333,8947.0,258.0516129032258,34.671358567928394,780
OMUSDT,0.63236337828247,0.3914123491838184,0.5383250532292405,0.5277478369779021,0.504846002763516,0.5121615011752184,56239,937.3166666666667,3802.4,238.18212290502794,15.96425438493618,900
ALICEUSDT,342.363,184.925,206.403,0.5792056953589341,0.5430778284250879,0.5483452587497077,425689,7094.816666666667,32776.6,2269.7097674418605,14.440877186223583,1080
BADGERUSDT,0.13061776061776076,0.10835907335907335,0.029633204633204624,0.5886634187205088,0.5237396945862239,0.5109304070756744,23758,395.96666666666664,2169.4,60.78848167539267,35.687681945808144,960
LINAUSDT,3.235294117647058,2.2176470588235295,1.4164705882352941,0.5541629016936563,0.5186379873427822,0.5014428412511581,499595,8326.583333333334,49339.2,929.841958041958,53.06192044064936,720
FISUSDT,0.1792876384316071,0.08201137384016755,-0.02125112241843763,0.5814558955039957,0.5688947144953012,0.499186731309007,22098,368.3,1601.8,53.416753926701574,29.986846490110363,960
CFXUSDT,0.2490302560124129,0.06206361520558579,0.06982156710628407,0.48736763447379694,0.4801414082706213,0.4719317497975791,72401,1206.6833333333334,7375.0,172.79354838709676,42.68099167382295,780
PONDUSDT,0.12703379224030042,0.013767209011264159,0.03379224030037564,0.5995756929450509,0.5503133750372244,0.5223972702944842,40563,676.05,3386.4,102.92460732984293,32.901752922385114,960
TLMUSDT,14.652999999999999,7.698,6.268999999999999,0.4971153823738439,0.5077878667254632,0.5017660401209184,449365,7489.416666666667,29916.8,1158.4818604651164,25.824141940374247,1080
MIRUSDT,0.1780735107731306,0.23878326996197718,0.2382762991128009,0.4938865288005144,0.5701924556077524,0.5655194275988538,56322,938.7,4336.8,211.0774193548387,20.546015832747504,780
BURGERUSDT,0.34777517564402816,0.49297423887587843,0.17915690866510547,0.5058130973609882,0.5054117870412526,0.48099898966696397,42155,702.5833333333334,1837.8,172.04335664335665,10.682191023566997,720
TKOUSDT,27.555999999999997,28.86,28.857,0.5554286650577906,0.5517240086002824,0.521418118439037,758208,12636.8,41380.4,2322.7618320610686,17.815171331311962,660
BAKEUSDT,0.10725960378227772,0.067111296373489,-0.056054057611724106,0.5799848392196433,0.5477821894552176,0.5119686642748245,17577,292.95,1436.8,102.81958041958042,13.973992056151042,720
EPSUSDT,0.7623278542869836,1.0859617947578855,0.539537983118614,0.5627802776832753,0.5121281624863568,0.5169941390605322,142879,2381.3166666666666,5135.4,459.1329608938548,11.184995278932355,900
FORTHUSDT,0.12635877217685154,-0.019938045620951805,0.2713320191495354,0.6131610057335191,0.5405188153337342,0.512921985384633,17789,296.48333333333335,1808.8,220.6972067039106,8.195844555598306,900
PUNDIXUSDT,0.009672830725462322,-0.13015647226173543,-0.21351351351351355,0.5959373279177658,0.5379630764948421,0.5244581775516685,183059,3050.983333333333,16301.0,402.052719665272,40.5444341069782,1200
SLPUSDT,0.4663120567375887,0.5984042553191489,0.9202127659574468,0.5108966761715433,0.5153220016161326,0.4917910270438801,46337,772.2833333333333,2394.2,1043.3132867132867,2.294804475789208,720
AUTOUSDT,0.18889343302190564,0.004901707755776252,-0.08774037029831139,0.48906639683925396,0.47507455017773725,0.4576756294189196,37162,619.3666666666667,2655.2,84.20558659217878,31.532349662969054,900
BARUSDT,0.681225451688924,0.3654359780047134,0.22775595705682128,0.5642168151620152,0.5242935676975857,0.5165602578617149,158097,2634.95,14199.6,499.3174193548387,28.438022487473223,780
BTGUSDT,-0.04099578059071729,-0.06170464135021092,-0.03135864978902947,0.5385731711295199,0.5171457809380957,0.5700884389376566,7161,119.35,973.0,20.069950738916255,48.480437877374705,1020
MDXUSDT,0.32207081077717614,0.2241926451372036,0.2736606309501586,0.48297344486313415,0.5142113507946744,0.5151346021610225,34591,576.5166666666667,2867.4,79.2268156424581,36.192291419868,900
LPTUSDT,-0.05587668593448947,-0.14418754014129742,-0.12877328195247273,0.602983661564429,0.5879069103050533,0.5054204651004316,10011,166.85,1039.0,15.05726872246696,69.00321825629022,1140
SHIBUSDT,1.3371104815864023,1.1041076487252122,1.4546742209631724,0.5998741459328589,0.5723543362892625,0.5247639383341246,730457,12174.283333333333,26654.2,5734.655483870968,4.6479165269764495,780
ICPUSDT,1.2136152118100125,0.5444480102695763,0.46024550706033374,0.5727417885234264,0.47487980775481003,0.4172561477539124,125409,2090.15,7513.2,621.1483636363637,12.095660940030136,1380
MASKUSDT,0.22382360187238248,0.16038433111603845,-0.012934220251293427,0.5719114744351735,0.559594549354374,0.555934586237423,21301,355.01666666666665,1905.8,43.20837209302326,44.10719283515253,1080
POLSUSDT,-0.04288377874456184,-0.11466749533871967,-0.3250466128029832,0.5233800146927932,0.5001314154312217,0.509160682147234,23481,391.35,2113.2,60.53497536945813,34.90874469020067,1020
ARUSDT,0.46081677704194246,0.32233259749816057,0.07476085356880069,0.6333327300354855,0.5706206230832818,0.5411441859937549,96835,1613.9166666666667,7390.2,195.3048951048951,37.83929735110245,720
TORNUSDT,0.08359994435943818,0.06287383502573363,-0.14452635971623318,0.567034855285546,0.5426176882208926,0.5462126521875558,19443,324.05,2123.2,53.987906976744185,39.32732567155435,1080
GTCUSDT,0.36344537815126055,0.2815126050420167,0.3928571428571428,0.5955486964942018,0.5823826755624375,0.5300243906865428,55880,931.3333333333334,4450.4,283.762874251497,15.683517485291757,840
XVGUSDT,0.4612504679895171,0.32759266192437275,0.24073380756271057,0.5060865289896981,0.4918729927842301,0.476390531230504,52312,871.8666666666667,4718.6,118.75568862275449,39.733675537761826,840
ERNUSDT,0.1061193843073458,0.06094356150669511,-0.20523088474533846,0.6314561594820055,0.5788878208925842,0.5605746738284783,19916,331.93333333333334,1797.8,47.478139534883724,37.865847685103546,1080
PHAUSDT,0.12050330698499767,0.13050492014841097,0.04210356509114366,0.7180404534466904,0.6576854023966204,0.6181435710419044,5355,89.25,425.4,11.385628742514971,37.362890501735556,840
NUUSDT,0.11171897494961125,0.15606104232651896,0.3089547941261157,0.5748257745299458,0.5274737403880321,0.5155557766942068,14259,237.65,1031.6,308.9529411764706,3.3390198393054336,1110
KLAYUSDT,0.3014263427679964,0.13717405839090713,0.13182527301092062,0.4965491667418017,0.5042226324411516,0.4899275824854285,30536,508.93333333333334,2649.4,115.76020942408377,22.886966196597047,960
ATAUSDT,58.92075380526696,35.79995167914955,35.53273737617781,0.45872570879881114,0.47729011947852884,0.4967509586064309,280188,4669.8,20606.8,1352.933953488372,15.23119435865138,1080
KEEPUSDT,0.1819532120311922,0.17545488303007795,0.16412922391385076,0.5533654677371623,0.5425235350756676,0.5431226073486617,73087,1218.1166666666666,6440.0,293.8855813953488,21.913290095496745,1080
QNTUSDT,0.3525896414342631,0.15039840637450186,0.3356573705179282,0.6035595124748389,0.5598918891662973,0.5293390577013865,21782,363.03333333333336,1567.8,181.39069767441862,8.643221621067205,1080
BONDUSDT,0.02187833511205972,-0.031750266808964756,-0.08537886872998923,0.5832471179367185,0.5606348572116232,0.5353187811117517,18427,307.1166666666667,1414.0,28.932093023255813,48.873062825541766,1080
FLOWUSDT,0.7853631895139268,0.29273620972146386,0.30529765155652644,0.5186767859181999,0.5092381348613159,0.49437200631697964,121516,2025.2666666666667,10980.2,266.1083969465649,41.2621327473738,660
DEXEUSDT,1.4098815225611294,1.2185530627678345,0.8061507436349886,0.4324774760033601,0.443891810070308,0.4576724518663346,32757,545.95,2885.0,88.6934131736527,32.52778190361738,840
CLVUSDT,0.2729528535980148,0.3291976840363937,0.06038047973531846,0.5504209186528279,0.5408728062961605,0.47216268706172426,87476,1457.9333333333334,3094.0,197.15627906976744,15.693134474835215,1080
MLNUSDT,0.058547162992410584,0.125888447175039,0.2227442476810022,0.6797386613496471,0.5265096749248325,0.521126375178088,30208,503.46666666666664,1209.8,183.34418604651162,6.5985184809355895,1080
C98USDT,8.504840206869114,11.925341466648986,8.883437209919109,0.5015771056005818,0.5073751733204073,0.5023940599157468,231097,3851.616666666667,10898.8,702.5734265734266,15.512684635903968,720
QUICKUSDT,0.19849600501331666,0.21102929656901148,0.20319598934670235,0.5697928059826408,0.5296443899979124,0.5087483884372803,16772,279.53333333333336,1313.0,45.75524475524475,28.696163839217487,720
WAXPUSDT,2.192224622030237,1.1749460043196542,1.1306695464362853,0.5449205877637507,0.5290226691637914,0.5262946473544894,141239,2353.983333333333,12645.8,362.9502392344498,34.84169076916181,1050
TVKUSDT,1.0044903457566234,0.6906151773686573,0.4984283789851818,0.5473514693895304,0.5362631623906267,0.5067025648803977,94831,1580.5166666666667,6716.0,217.14131736526946,30.929166689647186,840
FORUSDT,1.2196957030596889,0.8627319846179566,0.6134425681324194,0.48761546094487646,0.4758405052660243,0.4813290070783894,56993,949.8833333333333,4080.4,155.43353293413173,26.25173553591654,840
GHSTUSDT,0.14228052472250252,0.09889001009081744,0.0847628657921291,0.6184597830737859,0.5971482897244887,0.5536233363730331,15570,259.5,1639.2,25.38562874251497,64.57196773128273,840
TRIBEUSDT,0.364555848724714,0.2569627675168573,0.27059513339196717,0.5965160567376715,0.5738947893171785,0.560576850664665,87768,1462.8,8322.4,231.29953488372092,35.98104943956694,1080
GNOUSDT,0.25635808748728395,0.2438114615123772,0.047812817904374416,0.5684189494322303,0.5674230888706291,0.5719517399242744,43028,717.1333333333333,3209.2,81.29302325581395,39.476942441926994,1080
ALPACAUSDT,0.560711684528145,0.3733222349391323,0.30142545000520227,0.5097017636746964,0.4867354595268588,0.4776208864101015,46917,781.95,3782.4,124.57905759162304,30.361443352693467,960
RAYUSDT,0.19083376488865866,0.11600207146556185,0.08777835318487814,0.57884644575059,0.5701877258475717,0.5729104945157675,20798,346.6333333333333,1826.4,48.68372093023256,37.51562052163944,1080
REQUSDT,0.7715992647058825,0.4880514705882353,0.31801470588235303,0.5774116887886058,0.5569247096901859,0.5095459732028615,39576,659.6,3187.8,81.59281437125749,39.069616908850726,840
MINAUSDT,0.30673115679161644,0.21241434905280143,0.3047158403869408,0.5454134845943034,0.5401185515463679,0.5293129615177503,65267,1087.7833333333333,4869.0,226.2260465116279,21.52272063751835,1080
MBOXUSDT,0.803453529710513,0.6541391569324531,1.373793803961402,0.5789213627855868,0.5269015021667698,0.5206371687322588,94980,1583.0,6520.8,890.6837696335078,7.3211169017743885,960
FARMUSDT,0.7456676860346587,0.9984709480122327,0.48216106014271176,0.5808538305361005,0.48436467243931136,0.4772935427507479,107502,1791.7,4170.2,316.1162303664921,13.191983199234162,960
USDPUSDT,0.006399999999999961,-9.999999999998899e-05,0.0,0.6746793391353998,0.6037600200650907,0.6039324100716584,6067,101.11666666666666,785.6,27.588284518828452,28.475855374909003,1200
VIDTUSDT,0.054990196993744744,0.01148352161329469,-0.13266735132107166,0.5584936862104778,0.5047986391321692,0.4961496937006654,5909,98.48333333333333,399.2,31.54240837696335,12.655977160309398,960
ILVUSDT,0.33558504221954166,0.325934861278649,0.317490952955368,0.5961610993964734,0.5852134146359211,0.5509656792955276,41731,695.5166666666667,2950.4,101.69302325581396,29.012806439809733,1080
POLYUSDT,0.05018664454583166,0.041061800082953015,0.0248859394442138,0.5408117395097398,0.6283895650253728,0.63813485726568,5763,96.05,361.0,14.848167539267015,24.312764456981665,960
SYSUSDT,0.07439748515543121,0.04785190359762481,0.09290953545232283,0.4756962295766039,0.45421300858455815,0.4380132095027458,5005,83.41666666666667,460.0,24.37245508982036,18.87376541693283,840
IDEXUSDT,0.3378042533816472,0.1770598167365447,-0.05397355390715408,0.4878564148032252,0.49849081419710595,0.46927518245821964,21173,352.8833333333333,1927.4,73.92879581151833,26.071031982096823,960
DFUSDT,0.10315040650406493,0.14329268292682928,0.4110772357723578,0.585985040391116,0.548241212703366,0.4896977216738703,10949,182.48333333333332,551.0,134.59640718562875,4.093719970103569,840
YGGUSDT,0.27656787293270013,0.23464876371377108,0.15424922220402815,0.6258928046237159,0.5799319001344143,0.5388431253501167,53913,898.55,3873.6,197.74325581395348,19.589037229388353,1080
DYDXUSDT,2.7756666666666665,3.7586666666666666,3.323666666666667,0.49382609347680356,0.5232257882902109,0.5548132070510408,91008,1516.8,3438.8,606.4547528517111,5.6703323435587745,1320
GALAUSDT,2.2192106514503087,2.127436994769377,1.2448882548739895,0.5354289061364047,0.5268796784319725,0.5363828298026171,145982,2433.0333333333333,8791.6,559.6055813953488,15.710350811867494,1080
ELFUSDT,0.02361199744735165,0.0550095724313977,0.04148053605615831,0.6778768915477511,0.6454190579321238,0.6231646410599302,19040,317.3333333333333,1541.0,35.07120418848167,43.93918132147016,960
FIDAUSDT,0.21927497789566752,0.12838196286472137,0.06719717064544639,0.5276227864750245,0.5283867773712216,0.5309260549945211,60486,1008.1,6737.2,96.03776223776224,70.15157207974718,720
XECUSDT,0.19489569269631124,0.1072252950655459,0.40246504943164507,0.5649656088535335,0.5459264678032026,0.4950480024958868,35336,588.9333333333333,2679.6,741.2946107784431,3.6147571573279307,840
RADUSDT,0.6093186269456756,1.3451190598907328,0.8536233378002267,0.5605601250483434,0.5619676086394738,0.5072148632995286,191687,3194.7833333333333,5304.8,565.1990147783251,9.3857205361205,1020
LAZIOUSDT,35.2437,19.8153,22.25,0.5648218403563803,0.537425103893905,0.5185170074989417,490797,8179.95,34219.6,1893.4979020979022,18.072161559876232,720
CVPUSDT,0.20776538620404805,0.16480793060718724,0.01693515076414731,0.5603898535016838,0.5213051697317431,0.5039963178869518,13277,221.28333333333333,978.6,39.874251497005986,24.542153476497976,840
RAREUSDT,1.661715057393653,1.2045914922349765,0.7278865631330182,0.5203671229976639,0.5021114557336354,0.48358614875471095,188778,3146.3,13060.0,444.4074418604651,29.387446675793008,1080
BETAUSDT,48.46708881853024,48.060656557240456,52.82436260623229,0.5405510045200964,0.512002654894917,0.49798211313613466,445129,7418.816666666667,31351.8,2467.6349650349653,12.70520171915126,720
ADXUSDT,0.15706806282722496,0.7713163799551233,1.1752056843679877,0.5485057533982595,0.5028799964728631,0.50146760288176,152434,2540.5666666666666,2646.2,1322.2023952095808,2.0013577418913644,840
AGLDUSDT,0.27854964418841077,0.2829549305320229,0.6028464927143342,0.6124830503390957,0.5824525593450139,0.5546282780237911,45228,753.8,2993.4,345.5536945812808,8.662618999421218,1020
CHESSUSDT,1.1124586549062845,1.0848952590959207,0.6968026460859977,0.4879650547881864,0.46872617550491025,0.502200918520948,92825,1547.0833333333333,6508.4,386.86418604651163,16.82347509732398,1080
AUCTIONUSDT,0.13262062987575862,0.12250794568043921,0.1048829817971686,0.6548834850342417,0.6361151368304856,0.5495327705826822,12647,210.78333333333333,464.4,33.786826347305386,13.745002126754573,840
FRONTUSDT,0.11408296943231444,0.08304741110417968,0.024017467248908186,0.5059858949886225,0.5011627733264639,0.4835094942552031,8861,147.68333333333334,784.4,19.589221556886226,40.04242831815125,840
KP3RUSDT,0.03965311859722709,-0.004336017534664283,0.4204698146471626,0.5924896384703795,0.5599777140018902,0.576912819636127,5393,89.88333333333334,614.6,73.40359281437125,8.37288716308817,840
ENSUSDT,0.4860284012826386,0.3206596426935411,0.690792487402657,0.48812988324945616,0.48739492164896553,0.4462635368383309,98714,1645.2333333333333,7084.2,705.0630541871922,10.047611994315568,1020
RNDRUSDT,0.07754098360655748,0.06131147540983606,0.22459016393442632,0.6001176168417578,0.5751543423923605,0.5505906578858774,24458,407.6333333333333,2642.0,71.42634730538923,36.98915175801881,840
MOVRUSDT,0.18617296737441746,0.061108234075608614,0.02045572242361482,0.5158704706322983,0.5229115828519362,0.48619839613776344,33627,560.45,3273.0,94.42697674418605,34.66170487345949,1080
RGTUSDT,0.1357159013797784,0.005654829224157387,-0.08979868807961999,0.43107447345768785,0.4275558550743495,0.43820661308439374,31079,517.9833333333333,3512.8,41.13395348837209,85.39903661322056,1080
PLAUSDT,0.07622950819672125,0.09795081967213104,0.12254098360655741,0.5467668031151923,0.5400505999766445,0.5536540430868363,27904,465.06666666666666,2678.8,59.967441860465115,44.67090669355465,1080
PYRUSDT,0.16716025008226376,0.07272128989799276,0.1846001974333662,0.5486380877227487,0.5106155315352869,0.4387165732185434,36643,610.7166666666667,3306.0,271.69005235602094,12.168277680140598,960
QIUSDT,0.34732604945370915,0.29729729729729737,0.2185163887291548,0.5508015788690607,0.5407075802501453,0.5320671742005006,103029,1717.15,6586.2,373.18219895287956,17.648751785268345,960
JASMYUSDT,1.4107512060647829,0.7436250861474845,0.6305995864920744,0.5054162362555338,0.5077440835139273,0.4972268179372751,180946,3015.766666666667,11982.0,687.8993006993007,17.418247100730305,720
BNXUSDT,0.6590701914311758,0.28623518687329064,0.19781221513217861,0.4939734562085832,0.46282637023520234,0.46725045693327244,98931,1648.85,8638.6,170.9341935483871,50.53757718495705,780
VGXUSDT,0.4414176143877282,0.2525786828881247,0.36974345411266873,0.5158239003656815,0.5045095118983407,0.5126449995593096,30283,504.71666666666664,2522.6,165.6206896551724,15.23118884030814,1020
CITYUSDT,0.664819944598338,0.2541551246537397,0.13296398891966765,0.4847488321190962,0.48530529155398994,0.48204057161847796,71769,1196.15,6175.4,126.96858638743456,48.63722733083171,960
ALCXUSDT,0.06797385620915031,0.02849673202614378,0.0031372549019608176,0.48874842812896147,0.5150588326764624,0.5370205497951994,12760,212.66666666666666,1301.8,25.586046511627906,50.87929467369569,1080
POWRUSDT,0.40856105484425753,0.33193197018918386,0.3623160710873303,0.5780990669315023,0.57747696809745,0.5240941071809803,21256,354.26666666666665,1561.0,244.31906976744187,6.389186081487037,1080
PORTOUSDT,9.0,10.3465,7.303000000000001,0.43102169226131526,0.4622743056926142,0.4810881107914607,420211,7003.516666666666,24950.6,917.3328671328671,27.199069055470936,720
AMPUSDT,0.3616080402010049,0.3668341708542713,0.418291457286432,0.5916637896214746,0.5814244210412411,0.5686500914600708,36293,604.8833333333333,3190.4,285.3758139534884,11.179643978238406,1080
DARUSDT,259.8695652173913,149.52173913043478,142.66391304347826,0.5055452878122741,0.483337905307853,0.4499083199922243,452207,7536.783333333334,26296.6,1764.9057591623036,14.899719071958517,960
FLUXUSDT,1.3721311475409839,1.931967213114754,0.4967213114754099,0.44240478341831424,0.4289900471058085,0.48196976862509955,110792,1846.5333333333333,4032.2,444.27627906976744,9.07588406124829,1080
VOXELUSDT,11.364999999999998,12.583499999999999,13.174999999999999,0.4370781427956602,0.4635783745256598,0.48089690547802183,218636,3643.9333333333334,16840.8,1076.6531468531468,15.641806322883527,720
BICOUSDT,0.22997691351447336,0.153613922926656,0.0772509323388384,0.6174683695888393,0.577900032386158,0.5352897465871287,30995,516.5833333333334,2530.4,92.0586046511628,27.486838515404745,1080
HIGHUSDT,0.37827868852459035,0.10983606557377046,-0.20122950819672136,0.5396810633492903,0.5310318716640906,0.5069285204590157,54982,916.3666666666667,3704.8,139.75960591133006,26.508374689826304,1020
USTUSDT,0.0015000000000000568,0.0009999999999998899,0.0019000000000000128,0.6140622631355659,0.4456470570935238,0.4600943934339938,2010,33.5,236.0,6.273298429319372,37.619762977800036,960
PEOPLEUSDT,0.26376811594202887,0.19202898550724634,0.21811594202898532,0.5197429523847213,0.5104537725306959,0.5149908279517668,53397,889.95,3592.6,188.66697674418606,19.042018174018942,1080
MCUSDT,0.1640926640926641,0.01930501930501949,-0.09942084942084939,0.6022905318989559,0.5604607416094686,0.5416118533915175,40895,681.5833333333334,4575.6,81.95392670157068,55.83136994352593,960
ANYUSDT,0.24434087882822908,0.12183754993342233,0.28362183754993353,0.5609460991103973,0.5283192336544228,0.48146003915269936,61038,1017.3,3842.4,265.5981395348837,14.466968807570801,1080
JOEUSDT,0.18416289592760182,0.09819004524886887,0.06968325791855201,0.5410250695781532,0.5595457306876713,0.5209645259085112,58202,970.0333333333333,4852.0,120.66451612903226,40.210661391220654,780
OOKIUSDT,45.3821892393321,0.22448979591836737,1.027365491651206,0.5071756176287074,0.5104304723995466,0.5075784613458547,49136,818.9333333333333,3002.6,744.0041841004185,4.035729992070499,1200
SPELLUSDT,0.09418752651675866,0.04369961815867618,-0.07551972846839206,0.620107309987523,0.6327941607721683,0.6084875284385183,24937,415.6166666666667,2639.6,52.987434554973824,49.815584056281246,960
CVXUSDT,0.29498831472344844,0.05842638275772516,0.15528434172942096,0.6025870379026269,0.5536664597499396,0.5290825105871335,39127,652.1166666666667,3623.0,117.54621848739495,30.821918787532173,600
FXSUSDT,0.0324850857568979,-0.031972408650260964,-0.08762117822520499,0.47317321156662817,0.4712720417435852,0.4818718081135102,12579,209.65,1792.2,8.705027932960894,205.88101655756643,900
SANTOSUSDT,8.9704,5.6903999999999995,3.1639999999999997,0.485532727003262,0.516171828336462,0.4944260562494701,307704,5128.4,14569.6,713.021935483871,20.43359295827663,780
IMXUSDT,0.06611570247933884,0.025059984004265567,0.008797653958944274,0.4783934692474232,0.5283572883967135,0.506431014309643,8336,138.93333333333334,807.4,18.038323353293414,44.760257601912095,840
BTTCUSDT,-0.015384615384615441,-0.11794871794871786,0.06666666666666665,0.4148650858828541,0.4140836559952076,0.391699971167317,8258,137.63333333333333,718.2,55.4652719665272,12.948642899171709,1200
SCRTUSDT,0.01793537787513677,-0.07050930996714133,-0.14444140197152255,0.5056146069762021,0.5182697944353896,0.5404040441717232,14069,234.48333333333332,1654.8,31.511888111888112,52.513514713062,720
ACAUSDT,0.11699999999999999,-0.01649999999999996,0.00550000000000006,0.46419745656239225,0.44259778626453833,0.4476299538219753,53169,886.15,4363.6,143.5216783216783,30.403769319222754,720
API3USDT,0.3128878281622911,0.2837708830548924,0.11455847255369922,0.564091709590151,0.5300018454272793,0.5301514108737807,74737,1245.6166666666666,3097.0,150.82608695652175,20.533583165177284,810
ANCUSDT,0.1709677419354838,0.021935483870967776,0.04451612903225799,0.4983419363491795,0.5066725315146853,0.49228659570927313,30180,503.0,2749.0,44.223225806451616,62.16190587342806,780
GLMRUSDT,89.9592,55.69,46.9964,0.49004056418541625,0.4427496266537817,0.48622613788862934,116058,1934.3,6132.2,582.0252631578948,10.53596877690243,480
ACHUSDT,0.29223391089108897,0.20590965346534662,0.2557240099009901,0.535842148591681,0.513774153336316,0.5342241658509406,51993,866.55,3553.4,356.5329341317365,9.966540703044961,840
XNOUSDT,0.061600719424460326,0.10206834532374098,0.026978417266186883,0.5207379568985033,0.5069661673739688,0.48606601783255254,14719,245.31666666666666,1142.8,27.60523560209424,41.39794408830558,960
LOKAUSDT,14.83,15.658750000000001,13.906249999999998,0.48226792389893536,0.44427873963347464,0.4620942032434108,246468,4107.8,18253.4,653.5594405594405,27.92921173990734,720
TUSDT,-0.0898972602739726,-0.06506849315068486,0.0702054794520548,0.4161238039497793,0.41447365930304964,0.39904730894386925,7285,121.41666666666667,700.6,28.28284518828452,24.771199479259128,1200
ASTRUSDT,0.06609195402298851,0.053160919540230056,-0.053160919540229834,0.560797550849401,0.5379559188042246,0.5300076415357788,34632,577.2,3354.4,76.84429530201342,43.65190658352111,750
ALPINEUSDT,4.6608,3.9785000000000004,4.4437,0.47681378354504594,0.49584620876079616,0.5022199504939184,153996,2566.6,14339.2,1377.0601398601398,10.412907602899866,720
WOOUSDT,0.1825859056493886,0.17807221898660464,0.11036691904484575,0.5516078475257834,0.5652221046277974,0.5550886429833133,29507,491.78333333333336,2599.6,72.89090909090909,35.66425542529309,1050
BSWUSDT,1.533106960950764,1.801358234295416,1.429541595925297,0.5757836252592187,0.5745972040050974,0.5100992504809301,410097,6834.95,11559.2,1567.9456,7.3721945455250495,630
APEUSDT,7.2958,7.648899999999999,7.5192,0.5899549141600855,0.5108329052890553,0.48535171171174113,389583,6493.05,17363.0,2051.6690265486727,8.462865976588885,570
GMTUSDT,12.641,14.25,12.261999999999999,0.5226593037095594,0.4979224809686973,0.49979404512128156,250702,4178.366666666667,16606.6,765.5006993006994,21.69377508756095,720
KDAUSDT,0.42167122846562544,0.1653517952020609,0.050233456770246265,0.5075386183287812,0.503703385316906,0.46912135853284476,76235,1270.5833333333333,4711.8,171.75570469798657,27.433149939824006,750
NBTUSDT,0.0,0.6120000000000001,0.32399999999999984,0.6670659827077198,0.7250665053561002,0.600029787365923,1140,19.0,7.4,7.465116279069767,0.9912772585669782,1080
MOBUSDT,0.583380281690141,0.6335211267605636,0.24957746478873255,0.5520589582935064,0.5469004411263088,0.5077709406096942,172044,2867.4,5628.0,480.5329341317365,11.711996411170233,840
MULTIUSDT,0.05323193916349811,0.3277566539923955,0.39087452471482886,0.634514204052338,0.6217011714507114,0.5606116109481983,73126,1218.7666666666667,1837.2,618.6175732217573,2.969847737159925,1200
NEXOUSDT,0.9159090909090908,0.04318181818181799,0.06545454545454521,0.5241801776037236,0.48997502808200505,0.44738727027560155,163955,2732.5833333333335,9811.4,363.8638655462185,26.96448020545129,600
STEEMUSDT,-0.05327321309285249,-0.04241816967267864,-0.1377755511022044,0.495406913466483,0.45866395060946047,0.46448954410449655,34223,570.3833333333333,1329.4,99.58203592814371,13.349797356616278,840
BIFIUSDT,0.09600000000000009,-0.02276470588235302,-0.0518235294117646,0.5696232125715772,0.5634033835954159,0.5305458925624537,9749,162.48333333333332,898.0,22.507262569832402,39.89823272438443,900
EPXUSDT,0.06094464195022864,-0.14068054850177747,-0.159471813103098,0.49074875199967694,0.4840433439854944,0.4542843127916638,29972,499.53333333333336,2317.2,68.0376569037657,34.05761023307299,1200
REIUSDT,-0.07237715803452871,-0.14409030544488732,-0.1978751660026561,0.5721274386298237,0.5655184442059682,0.5529877932951789,20201,336.68333333333334,1575.4,66.92970711297072,23.53812780535377,1200
GALUSDT,25.272666666666666,9.028666666666666,10.586666666666666,0.4541945782397437,0.4205317340068882,0.43257808672238,421527,7025.45,22323.4,1833.6209790209791,12.174489851179104,720
LDOUSDT,-0.04590747330960854,-0.2149466192170819,-0.2882562277580071,0.49685352566311725,0.4939371747304389,0.4882355573370602,40508,675.1333333333333,4036.4,86.93548387096774,46.429833024118736,780
OPUSDT,0.18055555555555558,0.10972222222222228,-0.14444444444444438,0.5621820485341764,0.5411583446078171,0.4889909435900831,106176,1769.6,7556.6,519.6020942408377,14.543051469106446,960
LEVERUSDT,-0.1897506925207756,-0.049168975069252,-0.06855955678670356,0.40731872646342476,0.4685155129791487,0.5168905613322553,7676,127.93333333333334,672.8,24.10376569037657,27.91265102069157,1200
STGUSDT,0.34720570749108215,0.8638525564803807,1.5056480380499409,0.5557221293017972,0.5371527165886881,0.51108193841737,137690,2294.8333333333335,2328.8,814.758659217877,2.858269714169738,900
LUNCUSDT,0.017964071856287456,-0.02959242804713147,-0.16990535058914413,0.4949637043261709,0.4955435298890621,0.48654151981808386,24442,407.3666666666667,1490.0,359.082722513089,4.149461688304115,960
APTUSDT,16.0,7.4946,6.3207,0.43222170649331076,0.42657107086822704,0.432051805604077,292993,4883.216666666666,15590.0,786.1752727272727,19.830183600048475,1380
POLYXUSDT,0.042553191489361764,0.39299123904881084,0.3875677930746768,0.6110934368434301,0.6505647683865944,0.5103654153677926,90400,1506.6666666666667,981.8,445.92251308900524,2.2017278140967838,960
GMXUSDT,0.4881447078953802,0.3471033977022733,0.24492789049132258,0.5440614970945019,0.5050574818781827,0.4866426654240773,86311,1438.5166666666667,6020.0,198.58922155688623,30.31383049293821,840
NEBLUSDT,0.12145328719723181,0.08235294117647052,0.0657439446366781,0.48572117706320234,0.47362095632772155,0.44977343263867997,2961,49.35,261.0,8.154973821989529,32.00500770416025,960
OSMOUSDT,0.5971153846153845,0.5769230769230769,0.5826923076923076,0.5825125024874974,0.5718308318715681,0.5255867970322888,71210,1186.8333333333333,4211.4,169.4119760479042,24.85892732169745,840
PHBUSDT,0.039444850255661024,-0.0034088142196250226,0.0021913805697588717,0.6130104613952492,0.5504771415808752,0.5501712990820707,3014,50.233333333333334,352.0,5.983240223463687,58.83099906629319,900
HFTUSDT,22.744,7.856,5.871333333333333,0.5009481974258748,0.46961070737769567,0.4445195520814304,276012,4600.2,8895.4,904.7709923664122,9.831659143640582,660
HOOKUSDT,17.473,21.264,24.466,0.4375050637514294,0.4642316689639778,0.4756894314400557,252433,4207.216666666666,15037.2,852.7982300884955,17.632775807285128,570
MAGICUSDT,1.0112535985344149,1.3522638052865745,1.0018319811567653,0.5908208965565609,0.5769863895981605,0.5410007005692279,66680,1111.3333333333333,2798.6,232.0083769633508,12.062495486712882,960
PROSUSDT,-0.03807265010610417,-0.1390587941580328,-0.1218324803395332,0.3169603943544087,0.43925677804767677,0.43584633680765617,6150,102.5,470.0,23.22408376963351,20.237612155642722,960
HIFIUSDT,0.15702322040350203,0.009516558812333376,-0.03254663113818046,0.578447711557873,0.5562450653812602,0.47915448422540013,50689,844.8166666666667,1783.8,74.86596858638744,23.82658013622949,960
RPLUSDT,0.44193296960249406,0.43998441153546386,0.2268121590023382,0.6059334983979368,0.5894020450486345,0.5620180287041294,26958,449.3,2154.2,67.98848167539268,31.684778758336023,960
AGIXUSDT,0.07452339688041598,0.07850953206239164,0.08157959891062161,0.7226348683795976,0.6751212935926573,0.6166938804948667,13399,223.31666666666666,668.6,69.7193717277487,9.589874140158,960
GNSUSDT,0.8471485411140582,0.7824933687002653,0.70407824933687,0.5818015632592681,0.5537489288010455,0.5187824299783106,121377,2022.95,7028.6,411.6429530201342,17.074505827034574,750
LQTYUSDT,0.931,1.5419999999999998,1.166,0.5578848733073176,0.5213603790991094,0.5059623853248053,201302,3355.0333333333333,6100.4,681.0193548387097,8.957748346880388,780
SYNUSDT,0.5523373983739839,0.6866869918699188,0.6667682926829268,0.5774455704651521,0.5651047530259705,0.5207242342195683,137446,2290.766666666667,5244.8,358.6770186335404,14.622626283616464,810
SSVUSDT,0.05238617663192535,0.06692265496434446,0.03812397147558966,0.5340187081021771,0.42704267032159876,0.38422243590946986,3683,61.38333333333333,200.8,46.81675392670157,4.289062849474391,960
VIBUSDT,0.23918525703200788,0.17662463627546066,0.1357904946653734,0.4609147481339021,0.480460406453798,0.49752069165957513,8021,133.68333333333334,448.2,22.316230366492146,20.08403716216216,960
UFTUSDT,-0.01856248650982084,-0.037556658752428196,-0.009928771854090246,0.6673314825933956,0.5987837446898712,0.5552296180033381,1561,26.016666666666666,203.8,4.679581151832461,43.55090624300738,960
USTCUSDT,0.055207970682547014,0.039832798900595545,0.0115254237288136,0.4909478715474212,0.4596288186980233,0.49038172311530853,5852,97.53333333333333,309.4,21.14450261780105,14.632644975981774,960
QKCUSDT,0.04888316151202754,0.020103092783505083,0.01666666666666683,0.3193826595880047,0.3277460451263411,0.3543819644618058,1146,19.1,122.6,3.2460732984293195,37.76870967741935,960
BETHUSDT,-0.0003483870967742053,0.0017290322580645334,-0.005722580645161179,0.8701822559517737,0.8164589128764675,0.799289188449889,1696,28.266666666666666,214.6,2.0575916230366493,104.29669211195927,960
GLMUSDT,0.035031847133758065,0.005971337579617764,0.034633757961783695,0.39352602278519383,0.41876618540859284,0.4579574259063566,1708,28.466666666666665,153.4,3.5235602094240837,43.535512630014864,960
RDNTUSDT,0.5373406193078323,0.38287795992714013,0.41857923497267757,0.5681250546913235,0.5452642700981377,0.5286757948987407,59365,989.4166666666666,2730.2,206.61624365482234,13.21386911167126,990
LOOMUSDT,0.08920260626745247,0.06856965560037231,0.043748060812907275,0.6053743980063555,0.5450000158602931,0.47479370676994703,1996,33.266666666666666,106.8,6.0045714285714284,17.786448420251237,880
OAXUSDT,0.6766467065868262,1.3935764833968425,1.4289602612955905,0.4814092281448957,0.45721100425960315,0.486039566551739,86655,1444.25,1141.6,341.9417142857143,3.338580677074455,880
IDUSDT,18.124799999999997,16.6392,15.259999999999998,0.48883693358375013,0.509802559556264,0.4925393841075646,367245,6120.75,22931.4,1067.2713286713288,21.486007713284906,720
PROMUSDT,-0.06137724550898205,-0.10479041916167653,-0.12874251497005984,0.3983496371562706,0.30771912724105005,0.36912972820435425,1396,23.266666666666666,69.2,8.432460732984293,8.20638271451633,960
ARBUSDT,1.6421999999999999,1.65,1.6434000000000002,0.49003753555012125,0.4954015995421159,0.4820847517326842,474837,7913.95,20021.6,2718.6897196261684,7.364429951481575,540
GASUSDT,0.06833333333333336,0.04166666666666674,0.04416666666666669,0.4753075405707453,0.5111808069802197,0.5027967395890872,1192,19.866666666666667,102.4,2.445026178010471,41.88094218415418,960
AMBUSDT,0.025925925925925908,-0.03539094650205765,-0.10781893004115217,0.6368824050346775,0.5702341992855534,0.5019246989467727,7853,130.88333333333333,572.4,15.212565445026177,37.62678964757709,960
EDUUSDT,18.389,23.6406,26.447799999999997,0.5036997398896541,0.5022228624205786,0.5197855262961492,353413,5890.216666666666,17509.6,1865.0615384615385,9.388215690965032,720
WBTCUSDT,-0.004866648598015222,0.0010049838231227515,-0.0012046899697926161,0.6263563441832393,0.6253335941766199,0.6935855037188893,958,15.966666666666667,83.4,2.0838323353293413,40.02241379310345,840
PEPEUSDT,0.66497461928934,0.5583756345177662,0.8934010152284262,0.5117801412578902,0.508317285375564,0.5201703894049268,182243,3037.383333333333,10082.0,1203.969014084507,8.37396966371789,360
ASTUSDT,0.7050428163653664,1.0913415794481445,0.8363463368220743,0.5029482097301032,0.5042674339495866,0.5199180069363245,41414,690.2333333333333,1020.2,234.78115183246072,4.345323259713847,960
SNTUSDT,0.008012820512820484,0.026842948717948678,-0.004407051282051211,0.5409260294838448,0.4672383645804242,0.34799278027225866,1757,29.283333333333335,134.0,6.849214659685864,19.564286806298732,960
FLOKIUSDT,0.504953560371517,0.31238390092879254,0.48142414860681115,0.4850802802966537,0.4852993884416258,0.4947380909488026,68605,1143.4166666666667,4443.2,517.8901408450704,8.579425730618816,360
AERGOUSDT,0.10722795869737878,0.07704527402700534,0.037331215250198335,0.5805774247368133,0.5476132527079954,0.4756959987645465,13104,218.4,761.6,19.671204188481674,38.716491003939105,960
SUIUSDT,16.7,11.828999999999999,13.015999999999998,0.47325483931236945,0.46608680733054664,0.4841508370063047,628199,10469.983333333334,29086.8,1717.7566433566433,16.93301557731828,720
MAVUSDT,14.989999999999998,10.439999999999998,9.456,0.482599651559311,0.5078914286440859,0.5281509354220421,121874,2031.2333333333333,7569.2,337.09738219895286,22.45404562510872,960
COMBOUSDT,-0.051445086705202314,-0.032369942196531776,0.046242774566473965,0.5596915854123277,0.5258424243298743,0.528002746716302,29706,495.1,1865.8,223.57486910994766,8.34530288412001,960
FDUSDUSDT,0.0,0.0,0.0007999999999999119,1.0,1.0,1.0,1,0.016666666666666666,0.2,13.502857142857144,0.014811680067710538,705
ARKMUSDT,9.0,14.149999999999999,12.158,0.4405012369675595,0.46164403055897746,0.483022782926185,236566,3942.766666666667,1424.6,593.4027972027972,2.400730173021309,720
WBETHUSDT,0.014149439406214936,0.007662755142043176,-0.003559574523691378,0.2811172775495802,0.28940732524789864,0.27858498172830215,2027,33.78333333333333,357.0,0.8027906976744186,444.6987253765933,1080
WLDUSDT,21.0,15.080000000000002,13.406666666666668,0.49515446309325695,0.6030321750807289,0.5032542275582416,154494,2574.9,4961.0,666.4469273743017,7.443953593642597,900
PENDLEUSDT,0.4057208825038483,0.2804002052334531,0.09543355566957423,0.6199682750928419,0.5831619778305525,0.5411608229809907,54541,909.0166666666667,3010.0,146.15329341317366,20.594814729838248,840
CYBERUSDT,4.208333333333334,3.3500000000000005,2.2548611111111114,0.4771740633629154,0.5148894956640644,0.4918055273685323,113382,1889.7,6636.0,318.3706293706294,20.843631251784654,720
SEIUSDT,1.821875,1.709375,1.7953125,0.4757854281084968,0.4888361139358359,0.49304055669755525,191153,3185.883333333333,11529.8,491.6811188811189,23.449751388130345,720
IQUSDT,0.015296367112810572,0.007648183556405286,0.015296367112810572,0.7999358279830856,0.7509814282659911,0.7288153846139023,581,9.683333333333334,48.4,1.6502617801047121,29.328680203045682,960
CREAMUSDT,0.114012184508268,0.04960835509138373,-0.0017406440382941035,0.2915791948755766,0.33594149864544115,0.34867159914756723,2018,33.63333333333333,60.2,5.494240837696335,10.956927768248523,960
ARKUSDT,0.26009727215056033,0.27764855149080137,0.2945654472404313,0.43237262787008507,0.446926698717673,0.45623755087036283,26662,444.3666666666667,1169.8,72.34973821989529,16.16868324311807,960
GFTUSDT,-0.03880597014925369,-0.026119402985074647,0.04253731343283573,0.36957248284849736,0.4291330690178015,0.44250247158610223,2770,46.166666666666664,102.0,22.43874345549738,4.545709085818284,960
TIAUSDT,-0.3376781369482099,-0.2203336809176224,-0.208202989224887,0.46622816977085213,0.4841771362415136,0.479114046516009,205580,3426.3333333333335,16057.8,847.8926315789473,18.93848277711428,480
NTRNUSDT,0.6212438853948288,0.4231306778476589,0.3357791754018167,0.5307824670820834,0.5122396733853385,0.5100330581996196,63152,1052.5333333333333,3478.2,187.57482517482518,18.54300008947478,720
BEAMXUSDT,0.3083727628060071,0.7191935815675787,0.5256120139888911,0.49096490415851396,0.5479425491445188,0.5317870704368954,119946,1999.1,1655.0,461.32565445026177,3.587487459313701,960
PIVXUSDT,0.30490355565884264,0.32698117592377396,0.3116430397397165,0.5256991841989472,0.48975169627646203,0.4730983882971186,45949,765.8166666666667,2342.8,186.52460732984292,12.560273057468944,960
MEMEUSDT,22.697,19.096,25.208,0.5098681297849714,0.5022960063122837,0.49406961354946743,256487,4274.783333333334,16539.8,1448.6261780104712,11.417576356873239,960
VICUSDT,-0.029433406916850702,-0.08682855040470927,-0.07947019867549676,0.4864712308287674,0.4971513268690991,0.5000565381949968,22332,372.2,1403.2,68.54869109947644,20.470120982524747,960
BLURUSDT,0.5613474305384805,0.5266781411359724,0.5942955495451192,0.5101534618439076,0.5016159131112797,0.5239335942995546,70183,1169.7166666666667,5835.2,373.2268156424581,15.634460749974552,900
ORDIUSDT,0.8628281117696865,0.7891617273497036,1.303471634208298,0.5521686931553146,0.5031337827641944,0.5126868689720436,110371,1839.5166666666667,7336.2,985.3006993006993,7.445645786313503,720
NFPUSDT,63.41,55.7655,56.6805,0.5260334584561938,0.5291204841724054,0.4755379324732736,416738,6945.633333333333,28535.2,1307.3964071856287,21.825974006939788,840
JTOUSDT,23.635333333333335,11.862,14.957333333333334,0.4500598526096669,0.43849526509807774,0.43782057543678615,333488,5558.133333333333,18377.0,1802.6426966292136,10.194477271820647,450
ACEUSDT,31.27331279753571,34.45393447213666,37.857462895547464,0.5304747724865998,0.49824315121257234,0.49228345921800976,295354,4922.566666666667,18103.0,1477.4018604651162,12.253267363763037,1080
BONKUSDT,0.7863729508196724,0.5189549180327868,0.21567622950819687,0.5397240188294159,0.5275442588162008,0.5136622380834764,236333,3938.883333333333,14315.4,1495.159162303665,9.574499063995008,960
VANRYUSDT,-0.1004625346901018,-0.07863089731729889,0.2543940795559667,0.5965661421201955,0.5692946258823328,0.5041622395151966,11388,189.8,859.0,247.9109947643979,3.464953221684864,960
1000SATSUSDT,1.4202302631578947,1.2068256578947367,1.2689144736842102,0.6474690776639849,0.5793475471145512,0.5397728087283863,370089,6168.15,17649.2,1268.9174825174825,13.908863455001566,720
AEURUSDT,0.0,-0.0006436781609194808,-0.003862068965517218,1.0,0.4339622641509434,0.4134039194351857,12401,206.68333333333334,0.2,27.68238557558946,0.007224810862267649,726
ALTUSDT,41.56666666666667,51.06166666666666,52.778333333333336,0.4950356686043259,0.5007111329159581,0.5011456495909802,518840,8647.333333333334,32360.4,1602.5221556886227,20.193418159697366,840
AIUSDT,49.36666666666667,37.239666666666665,40.33133333333333,0.4377767176802618,0.4516362726642927,0.4691971582287802,397043,6617.383333333333,28852.8,973.2347305389221,29.646290966232737,840
JUPUSDT,23.51666666666667,22.03,21.056666666666665,0.6346899873865146,0.5678137741305479,0.5449788648643631,346844,5780.733333333334,26796.6,1396.522105263158,19.188095841096978,480
XAIUSDT,37.26,36.955,29.049999999999997,0.46331379064829625,0.48131805997701277,0.5003181142672548,351942,5865.7,25714.6,866.0982035928143,29.69016665007356,840
MANTAUSDT,36.977599999999995,45.09219999999999,42.417,0.5232870843628099,0.5103292652276898,0.5130797742619867,479388,7989.8,29637.8,1926.3053892215569,15.385826238059268,840
STRKUSDT,17.345,14.035,8.825,0.5023046888720025,0.466234897454644,0.45080352214721003,601737,10028.95,35173.6,1934.993893129771,18.177628428122933,660
PYTHUSDT,0.38301886792452833,0.33396226415094343,0.2964959568733154,0.5190035675906314,0.5073357575384125,0.4985687888582819,91274,1521.2333333333333,8003.0,306.83356643356643,26.082544009189284,720
PORTALUSDT,67.58,51.15,46.96,0.4963364812804072,0.49042681021929924,0.4719456841510007,508028,8467.133333333333,31033.0,1218.2275449101796,25.473894536088554,840
RONINUSDT,0.2721145745577085,0.23504633529907326,0.14321819713563588,0.6008365809427659,0.5846553273033988,0.5672006755105236,74277,1237.95,6679.4,157.8736,42.308530368598674,630
PIXELUSDT,12.48,11.745000000000001,12.6875,0.5214025651800684,0.5248867481821425,0.5178784979276888,495911,8265.183333333332,38712.2,2437.0718562874254,15.884718335294881,840
DYMUSDT,21.005,23.275000000000002,23.62,0.4784637669363647,0.4977432483573776,0.4905435492686629,275666,4594.433333333333,17603.2,1322.756626506024,13.30796583986709,420
WIFUSDT,0.44929364278506556,0.19870501177262012,0.30087453750420434,0.5161741329562345,0.49060000762032097,0.5028427581709173,173775,2896.25,13448.2,971.6605042016806,13.840430831393197,600
BOMEUSDT,1.9224255667850314,2.244468724392242,1.8393881453154872,0.5196735178404212,0.513830171005578,0.5018942158568025,425484,7091.4,14284.8,3338.802919708029,4.278419644262553,690
METISUSDT,0.5664303681683056,0.4381431511548137,0.5296135376171967,0.5267091482881426,0.5259034022214525,0.5041488727450307,50568,842.8,4273.0,339.52027972027975,12.585404334375527,720
ETHFIUSDT,15.882608695652173,14.73913043478261,12.565217391304348,0.5089647661960172,0.48835071918923945,0.4790232295683058,372158,6202.633333333333,29808.0,941.137062937063,31.67232614022912,720
AEVOUSDT,1.7000000000000002,2.27,2.25,0.5055548655877373,0.5013710074805257,0.518762057339753,429153,7152.55,32118.0,973.311377245509,32.99868957752718,840
AXLUSDT,0.9291690829260209,0.8590009112749566,0.6351586446856101,0.4992253718558072,0.5314437331917435,0.5207439352853999,154156,2569.266666666667,9500.2,363.90604026845637,26.106189369628567,750
PDAUSDT,0.29228802726885394,0.5159778440562421,0.3429910524073285,0.5382562618153498,0.54230604146032,0.5385135755188483,88452,1474.2,3073.8,183.84502617801047,16.719516779440916,960
ENAUSDT,0.6900000000000002,1.1,1.5833333333333335,0.5251718237685707,0.5063253183486969,0.517262375076362,455448,7590.8,29203.6,1798.6356020942408,16.236529492687012,960
REZUSDT,18.0,18.259999999999998,15.0,0.45362531374727905,0.4863310709372367,0.48071445204206176,300134,5002.233333333334,22921.2,880.4587412587413,26.033247131183998,720
TAOUSDT,1.0932241928149158,0.5709413369713505,0.4174624829467939,0.5555475966420599,0.5031003068138203,0.5126482447567656,278576,4642.933333333333,18404.2,628.9944055944056,29.259719699109024,720
WUSDT,29.779999999999998,25.019999999999996,25.2,0.4853552837139445,0.49783940062788506,0.46813756581807603,299610,4993.5,17236.6,1425.6,12.090768799102133,720
SAGAUSDT,108.9875,141.08499999999998,162.90499999999997,0.585314481532995,0.5514015800836601,0.5341824873598755,724700,12078.333333333334,38999.6,2761.243979057592,14.123923961732096,960
TNSRUSDT,77.79333333333334,60.67333333333334,54.193333333333335,0.4839463103464899,0.4681760255144677,0.48292659041878483,259774,4329.566666666667,15160.0,1069.6653465346535,14.17265694276548,510
OMNIUSDT,50.05,32.11,26.14,0.5204616876334209,0.500806784868054,0.48231517675368746,456904,7615.066666666667,32712.8,1179.3566433566434,27.73783501731417,720
NOTUSDT,13.74839537869063,13.64826700898588,8.78048780487805,0.46689311775928755,0.4855942406362564,0.497899952740743,927189,15453.15,50225.6,2835.1776223776224,17.71515110855032,720
BBUSDT,11.45378151260504,18.869747899159663,17.886554621848738,0.4778890286932352,0.5134315378664049,0.5148009993472203,385371,6422.85,18611.6,1255.488622754491,14.824188497357232,840
ZKUSDT,1.593684210526316,1.5326315789473686,1.2421052631578946,0.5086383790582675,0.4756062641935933,0.4581721047950031,256903,4281.716666666666,17159.0,1028.831137724551,16.67814996147014,840
ZROUSDT,3.792,2.694,2.432,0.49871743254548506,0.49091932762911566,0.46577875756514237,291138,4852.3,20066.8,741.3053435114504,27.069547219161578,660
LISTAUSDT,28.81,32.375,32.645,0.475112817526609,0.4987769240114538,0.48154465959429277,545794,9096.566666666668,28494.8,1246.5892215568863,22.858211435850826,840
IOUSDT,59.166666666666664,59.916666666666664,68.48333333333333,0.5163135187201189,0.5164329813325959,0.5182526890538167,407449,6790.816666666667,26208.0,2100.979020979021,12.474184529356945,720
BANANAUSDT,0.7969999999999999,0.7100000000000002,0.60425,0.4353307581659833,0.4703889057282411,0.47554999899913175,153681,2561.35,9588.6,491.8793296089385,19.493805538897675,900
GUSDT,0.5048383290063725,0.40689166863346715,0.5138069388718434,0.5127587085062801,0.5600967774379193,0.5877182108914829,42273,704.55,1696.0,330.0785340314136,5.138171147592989,960
RENDERUSDT,-0.08392603129445231,-0.07937411095305824,-0.035988620199146504,0.45263704854835124,0.5300336149194076,0.4942247513094774,9901,165.01666666666668,627.0,115.91204188481676,5.40927404784274,960
DOGSUSDT,0.9233590025669234,1.2370737073707367,1.239090575724239,0.4364778555391613,0.4447784432173531,0.4780705538510739,1776168,29602.8,99770.2,4870.427972027972,20.484893847728376,720
TONUSDT,0.44347426470588225,0.4232536764705881,0.4287683823529411,0.6222051322405917,0.5830644912066001,0.5725109912879323,51015,850.25,3329.6,187.97724550898204,17.712782156076987,840
EURIUSDT,0.009017857142857189,-0.0074107142857144925,-0.008303571428571521,0.25494470111763534,0.3326327778313085,0.35558557329993207,22200,370.0,3027.6,30.209580838323355,100.21986124876115,840
SLFUSDT,-0.20443181818181821,-0.2843181818181818,-0.19852272727272724,0.546937897966577,0.5066385565762493,0.4884369832565852,24971,416.18333333333334,923.6,158.3089005235602,5.834163442140425,960
CATIUSDT,10.34125,10.8875,10.39,0.4786062937650501,0.5002392064257017,0.49804803828215594,839366,13989.433333333332,61446.0,2459.783225806452,24.98025002990035,780
1MBABYDOGEUSDT,0.7881433823529413,0.8631663602941175,1.1478630514705883,0.529422998353597,0.567913019374034,0.5079936137509181,46585,776.4166666666666,843.8,540.140119760479,1.5621872346275196,840
HMSTRUSDT,12.483,7.59,5.49,0.5574589775779799,0.5280328826509261,0.5240177589382111,1737254,28954.233333333334,25229.8,5001.033566433566,5.044917148595018,720
TURBOUSDT,0.41707556427870474,0.45273143604841337,0.5119398102715083,0.5792571385426151,0.5445192986481094,0.5205570304793004,25565,426.0833333333333,900.8,140.40479041916169,6.415735512376532,840
POLUSDT,0.07854507116499732,0.08039008961518168,0.08276225619399047,0.5018719367019396,0.5071444218755002,0.5400736167770324,51165,852.75,3471.0,203.4131736526946,17.063791580806594,840
NEIROUSDT,9.885182809493264,9.628287363694675,10.542334830019243,0.5640182711989224,0.5577514828074912,0.5088395111764488,100836,1680.6,3661.4,965.1461077844311,3.7936225100726273,840
KAIAUSDT,0.07490039840637452,0.03984063745019917,0.1362549800796813,0.6970779842930013,0.6824198226655751,0.6222863158939308,27691,461.51666666666665,1768.0,311.47958115183246,5.676134510846727,960
LUMIAUSDT,0.49477682811016166,0.5660018993352327,0.40930674264007605,0.5927937013637545,0.5518823633098583,0.5531127556444454,87956,1465.9333333333334,4090.2,391.10391061452515,10.45809026448557,900
SCRUSDT,2.05,1.9749999999999996,1.8249999999999997,0.5607505622731779,0.6017913120748715,0.582126950490276,126406,2106.766666666667,5805.4,285.58203592814374,20.328309451021337,840
BNSOLUSDT,-0.007736943907156624,-0.005802707930367523,-0.023855577047066312,0.40829121448486316,0.3995924791088317,0.4642228892658244,4961,82.68333333333334,782.0,8.5434554973822,91.53205049638436,960
EIGENUSDT,12.32,12.273333333333335,12.376666666666667,0.5064906003743357,0.4900479876610194,0.45815834546313794,182105,3035.0833333333335,9136.0,822.4440528634361,11.108354383732166,1140
USUALUSDT,30.848,27.319999999999997,21.816,0.5449846643674975,0.5419050084335131,0.5347440213272036,246911,4115.183333333333,21663.6,590.0538922155689,36.71461248845634,840
COWUSDT,0.5313253012048191,0.9220883534136548,1.0963855421686746,0.601832662901089,0.5493714346927467,0.5321251527482886,86267,1437.7833333333333,2181.0,1343.1832167832167,1.623754654427016,720
ACTUSDT,15.602040816326532,19.428571428571427,21.790816326530614,0.48444535904919717,0.4958806283183971,0.5171170409578902,291770,4862.833333333333,6618.8,1863.902994011976,3.551043171915991,840
CETUSUSDT,0.564304461942257,0.47034120734908136,0.5706036745406826,0.5952185672154663,0.5488405187243205,0.5177226322026117,45490,758.1666666666666,2364.0,526.8335664335665,4.487185613481786,720
PNUTUSDT,3.0305635148042027,3.051575931232092,2.732569245463228,0.5226985531974628,0.4439842329570588,0.4881253558212069,159747,2662.45,4970.2,892.2191616766468,5.570604413673501,840
THEUSDT,7.382282996432819,13.2217598097503,17.191438763376933,0.5054505550629492,0.5200691247067917,0.5387111356600497,448740,7479.0,10772.8,4290.894610778443,2.510618641842062,840
PENGUUSDT,15.20474074074074,11.785481481481483,7.488888888888889,0.5293430015110899,0.48986369257424134,0.4406531164611247,571565,9526.083333333334,39139.8,2579.793277310924,15.171680748310889,600
VELODROMEUSDT,1.3376010781671157,1.0977088948787062,0.8429919137466308,0.5057113177049826,0.5090260796275764,0.4925741517984255,217188,3619.8,15661.4,869.5058823529412,18.011839043134707,600
ORCAUSDT,1.073389651531151,1.146515311510032,0.8466209081309399,0.6011220660282168,0.5504690389786848,0.5282883340607514,203178,3386.3,14000.6,759.1480916030534,18.442514912256005,660
ACXUSDT,1.4126595558664103,1.2266130442385035,0.8950865535932859,0.6161368745820963,0.6288868992891999,0.5618252190718218,393040,6550.666666666667,10569.8,1496.2015267175573,7.0644226805386054,660
1000CATUSDT,0.5906074527820317,0.4964267483409903,0.16590096988259306,0.5883719253295115,0.5369466713046329,0.5340875948837603,256192,4269.866666666667,17136.2,1058.2525139664804,16.19292160787891,900
VANAUSDT,19.951,28.716,33.401,0.5328880913318355,0.5158697089447585,0.5203919385438958,586420,9773.666666666666,32991.0,2643.763758389262,12.4788003070668,750
MOVEUSDT,34.825,33.03,35.74,0.47878711068034013,0.54099847161029,0.5055936544947731,353599,5893.316666666667,12267.8,2451.518881118881,5.004162967898879,720
MEUSDT,18.113333333333333,13.493333333333334,17.903333333333336,0.5253431346451337,0.499440858182238,0.4964290935570029,477555,7959.25,35727.4,1961.6205607476636,18.213206322828636,540
COOKIEUSDT,0.4211563731931669,0.2260183968462548,0.27222952255803756,0.6018927304886378,0.5416022724756607,0.5076290983855133,50518,841.9666666666667,2623.6,241.6,10.859271523178808,660
ANIMEUSDT,0.5,0.5250000000000001,0.4783333333333335,0.521486018817565,0.5014805464751154,0.483644837012121,266659,4444.316666666667,21530.4,1115.6467289719626,19.298582105681128,540
BIOUSDT,28.333333333333336,24.953333333333333,26.14666666666667,0.5279916451867341,0.5135966213490063,0.5036074341821819,456702,7611.7,27587.6,1926.3604790419163,14.321099451604619,840
CGPTUSDT,0.6294034758102394,0.7054955378111789,0.7679661813057774,0.5370741605431615,0.510392394308096,0.5006460025442279,150023,2500.383333333333,3839.2,785.8503816793893,4.885408328994505,660
SOLVUSDT,3.603225806451613,3.854838709677419,3.1870967741935488,0.5125279087861228,0.49357440450256734,0.5147064910928819,505363,8422.716666666667,37513.0,1169.1712574850299,32.085119917071104,840
SUSDT,0.15341721475550463,0.12439233628824709,0.11781527023162708,0.5611527839826438,0.5532362821803866,0.5239965532542201,52887,881.45,2465.2,269.8157068062827,9.13660672011922,960
AIXBTUSDT,0.4551004833375729,0.3057746120580005,0.28694988552531164,0.545002220435809,0.4732518340360954,0.4938711276247718,58364,972.7333333333333,2109.8,255.98931297709925,8.241750311618448,660
TRUMPUSDT,0.9034862385321101,1.3288073394495412,0.7064220183486238,0.6384100688920477,0.6088540598062764,0.5708776508951935,1416715,23611.916666666668,26726.4,13845.135135135135,1.9303820251039492,930
DUSDT,-0.24839913391993373,-0.1729396047357996,-0.16386419127470409,0.5266607712345396,0.5339853530056489,0.5465182283455813,49336,822.2666666666667,2513.8,272.8732984293194,9.212334128951548,960
KAITOUSDT,13.026,10.261000000000001,15.445999999999998,0.5165981363829211,0.5164659586363003,0.5164279257093333,391184,6519.733333333334,18751.6,3059.022900763359,6.129931225856682,660
LAYERUSDT,5.302499999999999,4.09,4.271999999999999,0.4826805267741502,0.4722257812157449,0.48150792667426473,509426,8490.433333333332,31534.2,1766.5411764705882,17.85081515224167,600
1000CHEEMSUSDT,0.808139534883721,0.22093023255813948,-0.1348837209302326,0.4969552194323079,0.4177758756527239,0.40859297685960116,82361,1372.6833333333334,5215.0,320.5367741935484,16.269584084761046,780
REDUSDT,1.0,1.0,1.0,3.310856880099098e-05,2.92940837738436e-05,2.476978165585496e-05,2452,40.86666666666667,289.0,3.8131736526946107,75.78988693467336,840
BERAUSDT,6.377,11.696,7.7170000000000005,0.528026803359842,0.5132209803367171,0.5048260357295223,872671,14544.516666666666,23477.6,4050.1847328244276,5.796673867670157,660
TSTUSDT,2.237410071942446,1.8776978417266186,0.6151079136690647,0.5327843959034981,0.5199875672192511,0.5208937418213964,292600,4876.666666666667,9104.6,1631.6967741935484,5.57983575379676,780
HEIUSDT,0.4255720053835801,0.39650067294751024,0.06231493943472399,0.536542730556506,0.5330869903618826,0.49903608900917856,209561,3492.6833333333334,9462.4,875.0795811518325,10.813187970338673,960
SHELLUSDT,0.5089641434262948,0.45841633466135456,0.4887948207171313,0.5429619039055492,0.5361462017452556,0.5162337508030304,317992,5299.866666666667,15090.2,1305.581679389313,11.558219786799134,660
MUBARAKUSDT,0.2570093457943927,0.21214953271028048,-0.00747663551401867,0.5835173939863002,0.5427536960840034,0.5005066370302907,19518,325.3,998.6,260.80571428571426,3.82890383646283,180
XUSDUSDT,-0.00039999999999995595,-0.00029999999999996696,-0.00029999999999996696,0.4030365497136816,0.40702650546510527,0.33256852825350286,662,11.033333333333333,65.0,6.2460732984293195,10.406538139145013,960
EPICUSDT,-0.2308749427393494,-0.31516262024736585,-0.2652313330279431,0.4500887907200266,0.48309352206628864,0.4808284288150663,42978,716.3,1295.4,166.26910994764398,7.7909841485763955,960
GPSUSDT,0.23187022900763354,-0.16984732824427495,-0.35114503816793896,0.47496033888125627,0.4941039695646634,0.5171227364270173,155461,2591.016666666667,9883.2,560.5312977099237,17.631843289354702,660
FORMUSDT,0.13581009035299396,0.02497334306077792,-0.02188675009820984,0.4820646859443546,0.4973782678069787,0.47922160311054474,36377,606.2833333333333,1294.8,256.54031413612563,5.047159953631897,960
BMTUSDT,0.8480492813141685,0.867898699520876,0.8275154004106777,0.4905513300004341,0.5407377251562608,0.4987101009674574,195691,3261.516666666667,7533.0,1103.6,6.825842696629214,540
TUTUSDT,2.4892942109436955,2.4306106264869154,2.7882632831086442,0.5123256049220823,0.48353445307113807,0.4835714782898321,31427,523.7833333333333,1211.6,586.2857142857143,2.066569200779727,180
GUNUSDT,2.3810000000000002,2.6073333333333335,1.584,0.49051709736129967,0.506059566253455,0.5120044214302778,260187,4336.45,13515.0,1487.6977099236642,9.084506825444716,660
BANANAS31USDT,0.4728096676737159,0.31155589123867067,0.2399924471299093,0.4702482880720119,0.4496883860988607,0.47084679829312787,21619,360.31666666666666,1077.4,201.68571428571428,5.341974783963734,180
NILUSDT,1.2475,0.8374999999999999,0.8174999999999999,0.5365540366555487,0.5184665773701373,0.508118993123209,249066,4151.1,14188.8,1022.8488549618321,13.871844242842172,660
PARTIUSDT,12.384,15.431999999999999,12.12,0.5185681971812321,0.5015156641793398,0.5227112651814128,270931,4515.516666666666,12370.0,879.867175572519,14.058940193957104,660
BROCCOLI714USDT,1.1221374045801524,0.9427480916030533,0.756234096692112,0.5984559050243408,0.5508871775809762,0.529771463896522,15532,258.8666666666667,224.0,202.57142857142858,1.1057827926657262,180
INITUSDT,2.086,2.2975,2.774,0.4964086012155395,0.47212482475926,0.4805092941222287,416916,6948.6,9187.6,1368.9070967741936,6.711631506367689,780
HYPERUSDT,1.8722222222222222,1.802222222222222,2.013333333333333,0.5549813450417848,0.5256289905928853,0.5038635623582555,167912,2798.5333333333333,7704.6,619.1923664122137,12.44298285626931,660
WCTUSDT,0.927,0.7444999999999999,0.4255,0.4684625214018196,0.4936025572507294,0.4863766752414835,150365,2506.0833333333335,11578.4,562.4374193548387,20.5861125194717,780
SIGNUSDT,1.6506666666666665,1.581666666666667,1.6943333333333332,0.5064281400179793,0.5117209399530008,0.5166984023962707,164519,2741.983333333333,10179.6,691.8851612903226,14.712846248957966,780
KERNELUSDT,2.4999999999999996,2.654,2.259,0.4643148147294114,0.4708321671701403,0.49134848590444946,652686,10878.1,51604.6,1361.2083916083916,37.91087413076,720
BABYUSDT,2.0303333333333335,2.191666666666667,1.8336666666666668,0.43533984907478757,0.4622046554579154,0.5118755176460174,141603,2360.05,7531.6,956.2180645161291,7.876446052931644,780
BIGTIMEUSDT,0.20999685633448628,0.12338887142408073,0.16897202137692569,0.7150030044582765,0.6529355680549728,0.5890107831267004,14730,245.5,864.6,88.41680672268907,9.778683850364963,600
ONDOUSDT,0.2857142857142858,0.2468820861678005,0.26672335600907027,0.4901782653582778,0.5211678123684442,0.5089510344139029,21574,359.56666666666666,1744.4,132.9126050420168,13.124413590784368,600
VIRTUALUSDT,0.31864729697547034,0.26387235055965697,0.2574422481543226,0.4100499382211312,0.4875393369234389,0.4930759594359471,14704,245.06666666666666,843.2,69.25378151260504,12.175508421103723,600
USD1USDT,0.00019999999999997797,-0.00019999999999997797,-9.999999999998899e-05,0.7332425168247813,0.7264845476906614,0.6872273639191588,16905,281.75,1975.4,27.661538461538463,71.41323692992214,720
AUSDT,-0.04090267983074758,-0.026413642774714807,-0.026541864341582344,0.7577980869990567,0.7051548139711853,0.6667251385658483,23016,383.6,1357.8,119.80942408376963,11.332998304462585,960
KMNOUSDT,0.3834586466165415,0.18327067669172936,0.274592731829574,0.5474628625013878,0.5103881596871551,0.5004869605091667,29381,489.68333333333334,1581.2,148.36635514018693,10.657402741382786,540
HAEDALUSDT,0.8913676042677015,0.8419010669253153,0.7235693501454898,0.5690275856582726,0.5215065777158608,0.5066584264561541,137147,2285.7833333333333,8299.2,481.2915887850467,17.243600747210586,540
AWEUSDT,-0.050979835274069796,-0.04955978415222939,-0.036495313831298004,0.7151051874847699,0.6406781941761173,0.5886885735987363,30231,503.85,1580.0,80.24607329842932,19.68943694134534,960
NXPCUSDT,28.363,29.788,25.25,0.5044737156773247,0.5151414478158062,0.49706608222087695,276110,4601.833333333333,13686.4,1433.8233502538071,9.545387859374248,990
SYRUPUSDT,1.4148044692737431,0.5893854748603353,0.5328212290502794,0.45216956021139365,0.4558642166892771,0.45401947411804616,119110,1985.1666666666667,6113.8,336.32897196261683,18.178035523741777,540
HUMAUSDT,7.8870000000000005,6.355,5.6930000000000005,0.4875574026468665,0.4603850670940181,0.47233578177916224,244557,4075.95,12326.4,872.7099236641221,14.124280778482396,660
STOUSDT,0.9560669456066944,1.0418410041841004,1.0502092050209204,0.5774558115220132,0.5552246273723993,0.5217912317604402,157984,2633.0666666666666,9250.8,560.3726315789473,16.508300867467888,480
SXTUSDT,1.7650000000000001,1.3416666666666668,1.4233333333333333,0.515613660041961,0.5166987664445056,0.49632213006023673,201264,3354.4,14276.4,669.175572519084,21.33431133216217,660
SOPHUSDT,1.592,1.4976666666666665,1.217,0.4235169315736129,0.49310574447344896,0.5014255594334617,156663,2611.05,7099.2,1213.3236641221374,5.851035638653273,660
NEWTUSDT,0.8703333333333336,1.545666666666667,0.7836666666666667,0.49754856908746364,0.4961490521783018,0.4910819176993682,503873,8397.883333333333,7264.4,2438.4285714285716,2.979131759329779,600
HOMEUSDT,0.31723380900109754,0.21185510428100973,0.06952067325283573,0.5361712905572229,0.5343996430098276,0.5124937994797589,74134,1235.5666666666666,4901.0,279.15140186915886,17.556780898048828,540
RESOLVUSDT,0.2883211678832116,0.2644326476443264,0.1383543463835435,0.5304277046658146,0.5116128386478385,0.4974477254172975,80178,1336.3,5773.6,406.96814159292035,14.186859879010338,570
SAHARAUSDT,6.045999999999999,5.525,3.7504999999999997,0.5014393678412721,0.4779911887627755,0.47182547333926483,498725,8312.083333333334,13820.0,1688.0783216783216,8.186823930218994,720
SPKUSDT,5.203,4.531599999999999,4.7645,0.5021806852799079,0.50625877598801,0.49872380007051653,148555,2475.9166666666665,6847.8,641.0391061452514,10.68234361110627,900
A2ZUSDT,-0.06596604688763141,-0.1620048504446241,-0.22376717865804374,0.5928037410330407,0.5444325034443257,0.5162631634571072,67477,1124.6166666666666,4176.6,235.19685863874346,17.757890237875813,960
LAUSDT,0.698,0.401,0.28725,0.5155322168370354,0.49695556127463636,0.4996357481368138,106064,1767.7333333333333,8364.6,369.98105263157896,22.60818477190866,480
ERAUSDT,5.662,7.327499999999999,7.5275,0.4737092480936312,0.5055194744986319,0.4934264049473083,1160983,19349.716666666667,26147.0,3585.0,7.293444909344491,510
TREEUSDT,3.5666666666666673,1.641,1.239666666666667,0.4633263790617588,0.4690530560328887,0.4767950249864552,523694,8728.233333333334,16556.0,1578.4773109243697,10.488589151974992,600
CUSDT,2.645098039215686,1.7470588235294118,1.026797385620915,0.5267455294590395,0.5153459974879383,0.5036134840043338,271813,4530.216666666666,15807.4,1058.4857142857143,14.93397576052042,600
TOWNSUSDT,0.8333333333333333,0.5439024390243903,0.6365853658536584,0.48836199718783796,0.47478894088364443,0.4760262771802996,351890,5864.833333333333,38758.6,1112.5663716814158,34.83711263124404,570
PROVEUSDT,1.2226666666666666,1.2240000000000002,2.3083333333333336,0.4825444720772415,0.4822706858931311,0.47831096848751714,238714,3978.5666666666666,25150.0,1356.2602409638555,18.543638779919267,420
PLUMEUSDT,0.3729166666666668,0.29000000000000026,0.2775000000000001,0.4894001001602644,0.5048273304883849,0.4866439437028636,106310,1771.8333333333333,7822.8,465.82803738317756,16.793321509682286,540
DOLOUSDT,0.3619999999999999,0.1955,0.10200000000000009,0.4808268336658002,0.45220389251736387,0.4584367458224529,138314,2305.233333333333,7289.8,459.4757894736842,15.86547140677477,480
MITOUSDT,0.42976190476190457,0.4380952380952381,0.31666666666666665,0.5293758279955268,0.5507075738603997,0.5318585066667091,85243,1420.7166666666667,5650.8,318.7821782178218,17.72621051650775,510
BFUSDUSDT,0.0,-0.0006000000000000449,-0.0008000000000000229,0.30294750277300153,0.4419555005019869,0.3990553190610942,2690,44.833333333333336,200.4,14.640336134453781,13.68821030880496,600
XPLUSDT,5.986999999999999,6.407,11.773,0.5794973217331717,0.5778913012541745,0.5693716838636022,1020205,17003.416666666668,41222.6,5444.996946564886,7.570729681677108,660
USDEUSDT,0.0008999999999999009,0.0006999999999999229,0.0007999999999999119,0.6357134578873183,0.6135780857651049,0.5368452925342215,19182,319.7,2362.4,20.916083916083917,112.9465730524908,720
WLFIUSDT,0.3859999999999999,0.3989999999999998,0.16749999999999998,0.5759970591843641,0.5729775810196646,0.5515155411910617,441105,7351.75,20579.0,2227.1969465648854,9.23986539750784,660
ZKCUSDT,4.193448275862069,3.344827586206897,2.2393103448275866,0.47478343025097497,0.5017273975400213,0.4975083495590449,798938,13315.633333333333,51453.2,2280.475630252101,22.56248622762611,600
OPENUSDT,2.995,6.6209999999999996,6.1735,0.4915894411759325,0.496659174099853,0.49628127021041124,969869,16164.483333333334,35315.8,2961.624427480916,11.924469447342702,660
PUMPUSDT,0.248778320746335,0.20790759662372293,0.30897378942692133,0.5958778446088353,0.5518739725597612,0.5284029685287508,77294,1288.2333333333333,5615.0,256.77956204379564,21.867005128088508,690
BARDUSDT,1.5692499999999998,1.6942500000000003,1.6472499999999997,0.5031710377138316,0.49847060764707124,0.4918713748378727,846821,14113.683333333332,41197.6,1479.3548387096773,27.84835586567815,780
AVNTUSDT,0.2934567901234568,0.7261728395061728,0.53679012345679,0.5403847940606106,0.5375107717967835,0.5183280742239799,181545,3025.75,6709.0,1034.164757709251,6.487360887119104,1140
MIRAUSDT,5.2392,5.3412,4.7924,0.502712099117228,0.5195033235084903,0.5141014522356074,1134579,18909.65,36145.2,3299.2545454545457,10.955565720080017,720
HEMIUSDT,-0.8010057471264367,-0.7663793103448275,-0.8014367816091954,0.5058416410747715,0.4902759713482447,0.48704773369709026,251790,4196.5,15754.2,874.8265734265734,18.008369291176194,720
HOLOUSDT,6.122727272727273,4.767045454545454,4.286363636363637,0.5082351881014671,0.5145897027530038,0.5018428056463395,637732,10628.866666666667,47735.4,1211.2769230769231,39.40915499218879,720
FFUSDT,7.7278,6.8602,4.634599999999999,0.5259812981028544,0.5099965541783705,0.5046384654036025,1192810,19880.166666666668,43294.6,3627.728,11.934356710315656,630
LINEAUSDT,5.526,4.382,3.638,0.5110827812375374,0.4997446438199009,0.5089428507246986,928673,15477.883333333333,52604.8,2219.5747368421053,23.700395903245575,480
EDENUSDT,4.966666666666667,3.3533333333333335,1.6700000000000004,0.5258435942127117,0.5187022497600076,0.5011147841203584,778215,12970.25,25782.8,2124.04,12.138566128698141,780
SKYUSDT,0.045117756020111255,-0.023286583752315404,0.01720031754432405,0.6340096767736075,0.5792876989651842,0.5364274246309294,84547,1409.1166666666666,6092.0,214.30261780104712,28.42709091708647,960
SOMIUSDT,1.061666666666667,0.5016666666666667,0.6390000000000002,0.5067200406084715,0.5049286058464847,0.5048287566688335,490704,8178.4,38175.6,1125.5982300884955,33.91583158139703,570
0GUSDT,3.154,2.494,3.8390000000000004,0.5048906515657344,0.4805380541609382,0.4770521977948512,104427,1740.45,5886.8,1407.0335329341317,4.183837742462377,840
MORPHOUSDT,0.27548387096774185,0.24,0.20838709677419343,0.4996761904674563,0.5042276945182893,0.5037584594463328,109418,1823.6333333333334,8442.4,238.69719626168225,35.36866009412464,540
WALUSDT,0.2849999999999999,0.19928571428571407,-0.14821428571428585,0.4486186929771456,0.4637023091314815,0.4545983339426438,105408,1756.8,6966.4,1389.7736040609136,5.01261498969631,990
ASTERUSDT,0.3780000000000001,0.42866666666666653,0.3753333333333335,0.5549342191767193,0.5844137559903334,0.5458390037551587,167122,2785.366666666667,7178.8,533.6489510489511,13.452289161047178,720
NOMUSDT,-0.2137611132586007,-0.16350985697719367,-0.22709702357943573,0.5419317697622374,0.4929804209660311,0.4828370291602516,64724,1078.7333333333333,2652.6,338.5413612565445,7.835379376258478,960
FUSDT,0.1690476190476189,0.2699999999999998,0.04714285714285693,0.5517604822529546,0.5782108874357542,0.533717020956241,41967,699.45,1412.8,169.3227906976744,8.343826570414565,1080
TURTLEUSDT,0.7266666666666668,0.40733333333333355,0.14266666666666672,0.5076801268048622,0.5064395405168479,0.49945801612476587,385314,6421.9,43425.8,846.4915887850467,51.30092321688421,540
ENSOUSDT,0.17799999999999994,-0.21899999999999997,0.04499999999999993,0.5142342498602775,0.49730895953341975,0.4884506304157458,158187,2636.45,7537.6,1359.822346368715,5.543077020412625,900
2ZUSDT,15.497999999999998,9.057,10.959999999999999,0.4911207048462895,0.48726303213173006,0.5012549536085913,573202,9553.366666666667,48016.8,1807.7129770992367,26.562181390682166,660
EULUSDT,0.4135526315789475,0.29210526315789487,0.2444736842105264,0.5174925902263582,0.4925762000251779,0.5041042759090286,142957,2382.616666666667,8168.4,465.76814159292036,17.5374811425792,570
GIGGLEUSDT,2.612445730824892,2.2059334298118674,2.381331403762663,0.4062457533437084,0.4504040200469014,0.495711538907497,150799,2513.3166666666666,6002.6,719.4623255813954,8.343174877363198,1080
ZBTUSDT,1.0506666666666669,1.0790000000000002,0.399,0.5052016039270979,0.5096510505769197,0.5133286562573194,243180,4053.0,8091.4,910.987786259542,8.882007115839363,660
YBUSDT,1.491,1.3880000000000003,1.234,0.5160562401994591,0.5255725628473115,0.49861320402080395,259654,4327.566666666667,11907.2,956.2283870967742,12.452255298707152,780
BANKUSDT,0.05714285714285716,-0.2545454545454545,-0.29480519480519474,0.4947052974679495,0.4637781712469028,0.4523737611486242,100351,1672.5166666666667,6985.0,308.54957983193276,22.63817699510314,600
KITEUSDT,2.033333333333333,1.9733333333333336,1.58,0.499909033099814,0.49467603098295954,0.5004577225838248,766722,12778.7,27021.4,2118.483969465649,12.755064654473493,660
ATUSDT,0.5579999999999998,0.5304999999999997,0.09999999999999987,0.49781213613773423,0.4902137869594709,0.48841780397286677,147018,2450.3,9824.4,461.9949579831933,21.265167141407197,600
SAPIENUSDT,1.497272727272727,2.0809090909090906,2.1463636363636365,0.5105721662584637,0.5035095806121977,0.4935804025398716,405239,6753.983333333334,14930.2,2126.9017964071854,7.019694103987527,840
METUSDT,0.0903640256959315,-0.032762312633833,-0.09914346895074944,0.5022216817639951,0.4833665889566787,0.4614985953560665,36742,612.3666666666667,3302.8,182.8050420168067,18.06733536209766,600
ALLOUSDT,2.9995454545454545,2.1004545454545456,1.1377272727272727,0.5061363204027715,0.511320658247166,0.5020320918978012,236421,3940.35,12951.8,1098.9512605042016,11.785600022022525,600
MMTUSDT,2.9439999999999995,3.335,25.4,0.4938190746509713,0.4932109248001519,0.5043335538727255,912011,15200.183333333332,38284.0,6316.2,6.061239352775403,720
KGSTUSDT,0.042727272727272725,0.10000000000000009,0.037272727272727346,0.8283008866921473,0.6303627122899353,0.5281271357376852,9913,165.21666666666667,564.4,21.260732984293195,26.546591804570525,960
BREVUSDT,4.588,4.017333333333334,3.6880000000000006,0.5363702095512104,0.5199213481488556,0.5052923094550961,354079,5901.316666666667,15847.8,1564.4773109243697,10.129772985097716,600
FRAXUSDT,0.26539408866995085,0.47635467980295565,0.15874384236453198,0.6807847362579247,0.5168907191166664,0.5298277269358512,66859,1114.3166666666666,1197.4,372.8680628272251,3.211323573600982,960
FOGOUSDT,1.4302857142857142,0.7028571428571426,0.3928571428571428,0.5136843989806578,0.5117978387832561,0.49629252679538316,990140,16502.333333333332,23398.8,4330.468907563025,5.403294770027039,600
ZKPUSDT,0.623062015503876,0.9186046511627908,1.0678294573643412,0.5283970997472798,0.5050668230063738,0.5017874137120634,151745,2529.0833333333335,6180.6,550.3176470588236,11.230968210872865,600
币安人生USDT,0.4653204565408251,0.3257243195785777,0.266900790166813,0.5991738119690009,0.5779405118014365,0.5734932123282369,81444,1357.4,3170.8,336.31596638655463,9.428038859016132,600
UUSDT,0.00019999999999997797,0.0007999999999999119,0.0,0.7034921829865163,0.6187235676759107,0.666638883385189,5473,91.21666666666667,598.4,10.409424083769634,57.48636958052509,960
SENTUSDT,1.4081818181818182,1.038181818181818,1.7145454545454548,0.5308150344987619,0.5246812447338095,0.5178403902039743,170618,2843.633333333333,8413.6,1552.508396946565,5.419358772260209,660
RLUSDUSDT,0.0006999999999999229,0.0007999999999999119,0.0007999999999999119,0.3388250887916741,0.3530010581523515,0.311301585632486,3046,50.766666666666666,322.2,8.573821989528795,37.5795065950171,960
ESPUSDT,1.5539568345323742,1.7881294964028775,1.6017985611510794,0.5566696536159443,0.5622127493820378,0.551890122506987,86718,1445.3,5157.4,657.7511450381679,7.840959364199551,660
ZAMAUSDT,0.46799999999999997,0.2791999999999999,0.41559999999999975,0.5020345638713598,0.5265773555658577,0.5143276135570815,154297,2571.616666666667,8191.6,687.5312977099237,11.914512149897964,660
CFGUSDT,1.129,1.1019999999999999,0.8599999999999999,0.5336103125308538,0.5303559218251324,0.524574897809373,191653,3194.2166666666667,14041.2,419.587786259542,33.4642724593385,660
NIGHTUSDT,0.18490566037735845,0.09009433962264146,0.1365566037735848,0.52488779993403,0.495993783414944,0.48902639633891803,93265,1554.4166666666667,8705.8,322.08910891089107,27.029166026251882,510
OPNUSDT,3.641,3.1899999999999995,2.675,0.5198217279642997,0.5251561110952373,0.5078428256907472,837553,13959.216666666667,25568.8,2706.9419847328245,9.445640188895162,660
ROBOUSDT,0.3620689655172413,0.27701149425287364,0.20028735632183925,0.5442849707446997,0.521485593840402,0.5054020629702253,75992,1266.5333333333333,5289.2,289.1707865168539,18.290920959582223,450
MANTRAUSDT,-0.11476389719067537,0.005379557680813107,0.4369396294082488,0.6193932243224982,0.5943668867892969,0.5440843337568715,54876,914.6,4661.0,608.3664921465969,7.661500197938002,960
XAUTUSDT,0.009966024915062377,0.011610419026047536,-0.0019501698754246233,0.535760637265495,0.5501463073838747,0.5734576982407605,17430,290.5,1657.8,55.62016806722689,29.805735178582218,600
KATUSDT,2.2899999999999996,1.654,1.274,0.556417033996917,0.5405174516190305,0.5225805927483012,135891,2264.85,7297.6,421.4091603053435,17.317136615426975,660
MEGAUSDT,2.7664150943396226,2.319056603773585,2.1433962264150943,0.5568853328259705,0.4978363919027637,0.5042822971885065,282138,4702.3,4428.6,1182.9922580645161,3.74355788874358,780
CHIPUSDT,3.2608333333333333,3.958333333333333,4.109999999999999,0.556579193011655,0.5647192478708558,0.5450639356917244,140706,2345.1,6397.8,632.592,10.11362774110327,630
AIGENSYNUSDT,0.9281723862729452,0.8152434158020752,0.5933758978451718,0.5861537605149981,0.5547157750415805,0.5299815201982158,110132,1835.5333333333333,7912.2,432.5253012048193,18.293033905670256,420
OPGUSDT,0.18565217391304345,0.12521739130434772,-0.05217391304347829,0.5572399208977102,0.5256287227536706,0.501813905673076,38466,641.1,2909.4,100.44755244755245,28.96436925647452,720
GENIUSUSDT,0.370986370986371,0.34857934857934847,0.443982443982444,0.594788328235527,0.583784484511605,0.5027197267107094,87635,1460.5833333333333,4236.2,496.35664335664336,8.534589103819439,720
SPCXBUSDT,0.1943125000000001,0.08431250000000001,0.05018750000000005,0.6182053292472384,0.5755659605225905,0.5674193787354319,31500,525.0,2116.6,133.3301204819277,15.874882527289813,420
MUBUSDT,0.0200111111111112,0.050011111111111006,0.1094666666666666,0.782032583996997,0.8351852416074751,0.9199728774929978,3430,57.166666666666664,214.6,10.0,21.46,420
TSLABUSDT,0.04589473684210521,0.036815789473684246,0.05081578947368426,0.750703643245479,0.6909630621722618,0.6534025684135385,1364,22.733333333333334,96.0,5.076056338028169,18.912319644839066,360
MSFTBUSDT,0.007976775103779365,0.011124074124318373,0.022709390346474123,0.3334714227090573,0.3395820066944306,0.5737400016561357,667,11.116666666666667,45.0,1.3824,32.55208333333333,630
MSTRBUSDT,-0.004777965148960006,0.002342139778902075,-0.018362375866591618,0.503470135191675,0.5845937868045514,0.5176886502892166,3722,62.03333333333333,278.4,5.7984,48.01324503311258,630
INTCBUSDT,-0.006928406466512715,0.052040030792917635,0.02140107775211697,0.6885728748538136,0.7628998485134437,0.6697730046347056,2829,47.15,134.4,8.4192,15.963511972633981,630
SNDKBUSDT,0.07808823529411768,0.07818823529411767,0.12735882352941186,0.19889006798365066,0.6757918839795721,0.5964134150920346,487,8.116666666666667,21.0,2.4619718309859153,8.52974828375286,360
QQQBUSDT,0.00027621257319632164,0.014777372666003652,0.015219312783117944,0.84228417795492,0.822439150949397,0.921193979117328,537,8.95,20.8,1.4864,13.993541442411196,630
NVDABUSDT,0.01364999999999994,0.012699999999999934,0.02805000000000013,0.7354130566153505,0.6307318910371599,0.6430958907995488,2081,34.68333333333333,164.6,8.304225352112676,19.82123473541384,360
LITEBUSDT,0.009983556495184454,0.01572703782006113,0.008069062720225562,0.7815971178273722,0.6874926342910332,0.8219856854051789,2227,37.11666666666667,63.2,4.8432,13.049223653782622,630
CRCLBUSDT,0.05162500000000003,0.026375000000000037,0.047250000000000014,0.7256164922712414,0.731879501962364,0.6684374461108804,1571,26.183333333333334,63.0,5.194366197183099,12.128524945770065,360
AMDBUSDT,-0.020086248203162516,0.003584091998083405,0.003373263057019571,0.6406358356660417,0.6237990250710599,0.7276654753621096,2486,41.43333333333333,191.0,5.6096,34.04877353108956,630
EWYBUSDT,-0.013050570962479635,0.011419249592169667,0.0032626427406199365,0.5581179166529959,0.5276672286782927,0.7515452312972614,1327,22.116666666666667,55.4,3.7568,14.746592844974446,630
REUSDT,7.257999999999999,10.284,7.718,0.5720668351152871,0.5434873953264351,0.5259917161208789,185933,3098.883333333333,7371.2,820.6151260504201,8.982530014377408,600
METABUSDT,0.0026839672947032156,-0.01139353003910415,0.004941343761108996,0.8524934907791645,0.8598643193247206,0.8543938685473332,1052,17.533333333333335,70.4,3.0032,23.441662226957913,630
PLTRBUSDT,0.010630942091616191,0.004667242869490051,0.019706136560069254,0.6956531494594246,0.6937361528495267,0.7552902887783763,670,11.166666666666666,42.6,1.5632,27.251791197543504,630
GRAMUSDT,-0.006249999999999978,0.0068749999999999645,0.04249999999999998,0.513481311943984,0.5181241008278614,0.5161339990656523,17271,287.85,2289.0,54.49633507853403,42.002824533087384,960
DRAMBUSDT,0.002654280026542777,-0.017418712674187153,-0.020238885202388812,0.7622417579709876,0.5488195962741077,0.7464485148591342,516,8.6,25.4,2.4816,10.235332043842682,630
TQQQBUSDT,-0.017094017094017033,-0.008967353229648367,-0.022418383074120918,0.8346746970057953,0.0354145750229814,0.30593688858478063,120,2.0,2.2,0.6048,3.6375661375661377,630
AAPLBUSDT,0.00402846389084921,-0.001176193836744277,0.0025288167490002955,0.9174318787681559,0.8714971756941761,0.4440496987699712,232,3.8666666666666667,15.2,1.4615384615384615,10.4,720
AAOIBUSDT,0.006935033878038954,-0.09190912714228772,-0.1362295735352731,0.6972356304535163,0.6655398997077296,0.5284914800969822,1931,32.18333333333333,160.8,4.6688,34.441398217957506,630
TSMBUSDT,0.005019148885558655,0.0024025309831345876,0.007968790884654853,0.8599704080442921,0.7294789201360787,0.4433357965467846,172,2.8666666666666667,10.0,0.9808,10.195758564437194,630
GLWBUSDT,-0.02304928131416839,-0.06617043121149901,-0.05605749486652989,0.6455962246650866,0.6214422392910051,0.7111735872024804,166,2.7666666666666666,7.0,1.3936,5.022962112514351,630
GOOGLBUSDT,0.007231348578289776,0.014981171205588728,2.728810784269342e-05,0.5859964390293295,0.5920429991104242,0.7918879097224932,929,15.483333333333333,61.0,2.3664,25.77755240027045,630
AEROUSDT,0.06308213378492811,0.03471634208298058,-0.006350550381033049,0.7223755018992698,0.6906096518901084,0.631296612886311,30311,505.18333333333334,3654.2,56.19157894736842,65.0310966243303,480
SPYBUSDT,0.0015839633691834276,-0.004073048663614021,-0.004565541475881063,0.9156225271330818,0.9653429483955501,0.896292890211574,73,1.2166666666666666,6.2,0.5344,11.60179640718563,630
AVGOBUSDT,0.023309603968029613,0.002544267687800472,0.01513710775873145,0.9880276399476419,0.9687211534579961,0.9203798159203328,92,1.5333333333333334,6.8,0.3488,19.495412844036696,630
AMZNBUSDT,0.0033353547604608735,8.663259118080191e-05,-0.001949233301568154,0.9702483447551226,0.9701831705163834,0.6498513980915569,87,1.45,2.4,0.6251748251748251,3.8389261744966445,720
PYPLBUSDT,-0.003429355281207136,-0.008401920438957489,0.0003429355281208135,1.0,0.6214602119622479,0.5468921523399792,204,3.4,1.2,0.6237762237762238,1.9237668161434978,720
BEBUSDT,0.006611111111111123,0.024277777777777843,-0.07511111111111113,0.9820056149576974,0.619267895120827,0.7319643700778409,149,2.4833333333333334,2.8,1.6853146853146854,1.6614107883817426,720
ORCLBUSDT,0.0170011806375443,0.0033057851239670644,-0.006060606060605989,0.8420819522783488,0.7321688303835576,0.5334464628790511,266,4.433333333333334,11.6,0.8288,13.996138996138995,630
NOKBUSDT,0.022222222222222365,-0.03504273504273503,-0.04017094017094003,0.9413001949556961,0.9039089897170346,0.7895417403419054,438,7.3,14.8,1.5056,9.829968119022316,630
CBRSBUSDT,-0.007968334982553005,-0.04478933388885997,-0.08187073589917193,0.32024376835186624,0.4891413309365331,0.5296086038274296,1922,32.03333333333333,197.2,5.7312,34.40815187046343,630
QCOMBUSDT,-0.0061132561132560825,-0.023755898755898675,-0.017052767052766926,0.9847125741167215,0.583612294903586,0.5733151072551693,65,1.0833333333333333,4.0,0.7104,5.63063063063063,630
COINBUSDT,0.007283709362231328,-0.03529342097471433,-0.03286551785397063,0.8137576744619257,0.721104847437864,0.6979677887832855,761,12.683333333333334,40.2,2.4016,16.738840772818122,630
WDCBUSDT,0.06022140221402217,-0.04226937269372688,-0.032158671586715815,0.779760944472321,0.7394144353540025,0.9381753429972093,367,6.116666666666666,16.0,1.136,14.084507042253522,630
DELLBUSDT,-0.002091303238969777,-0.004896710022953332,-0.054475899005355766,1.0,1.0,0.8973471148821158,34,0.5666666666666667,0.6,0.46013986013986014,1.303951367781155,720
MRVLBUSDT,-0.007103039021758573,-0.053767308038122685,-0.07678475094407478,0.26224371425653387,0.3429063435413346,0.614836929381134,248,4.133333333333334,9.6,1.4432,6.651884700665188,630
NBISBUSDT,-0.03131161393296411,-0.07074453102995037,-0.10393390291991367,0.8577829605045302,0.7751509768847679,0.5327522064838323,127,2.1166666666666667,6.8,1.072,6.343283582089552,630
MVLLBUSDT,0.07708333333333339,0.11291666666666678,0.16166666666666663,0.6135327047032468,0.5899746779555733,0.5553696680847074,523,8.716666666666667,14.2,1.728,8.217592592592592,630
MUUBUSDT,0.00242424242424244,0.07181818181818178,0.08848484848484861,0.27741556844683035,0.18307304733721028,0.5865584929020511,1000,16.666666666666668,11.4,5.5904,2.03921007441328,630
CRWVBUSDT,-0.011183714501130981,0.059562704197034355,0.06685096757979392,0.814891470972992,0.68680710742782,0.691733019855437,405,6.75,25.0,1.4,17.857142857142858,630
AMATBUSDT,-0.02415732695294459,-0.02839692733912602,-0.058263023128909075,0.5937284079178036,0.5441945697665094,0.7428207049467908,92,1.5333333333333334,3.6,0.5342657342657343,6.7382198952879575,720
QNTBUSDT,0.03533629224991475,-0.010583817002389861,-0.0643564356435643,0.7498490025075583,0.630565537531434,0.6964283309904403,77,1.2833333333333334,6.4,0.5424,11.799410029498526,630
BABABUSDT,0.06027421652421672,0.062410968660968624,0.05493233618233617,0.8680555534553722,0.5205076240027938,0.5324147464409063,590,9.833333333333334,23.6,1.4192,16.629086809470124,630
ARMBUSDT,0.002454031368922749,-0.00963829711562414,-0.02628303161788259,0.8969262006253956,0.7274330002794231,0.7208927474570784,447,7.45,26.8,1.152,23.263888888888893,630
SOXSBUSDT,0.008748210593287897,0.02449498966120567,0.15524097343725152,0.9871381600564741,0.8713399894780243,0.8572592874644236,224,3.7333333333333334,2.6,5.032167832167832,0.5166759310728183,720
SOXLBUSDT,-0.019474585950885137,-0.11079383209594518,-0.0897772701313535,0.5598501608181286,0.8331523204020217,0.5792982699087407,642,10.7,15.2,2.544,5.9748427672955975,630
GSBUSDT,0.012232179147231514,0.008419300520641881,-0.048551299669034376,1.0,1.0,0.6641386049620606,18,0.3,0.8,0.2881118881118881,2.776699029126214,720
SNXXBUSDT,-0.07800224466891137,0.005050505050504972,0.038159371492704874,0.7542370223420378,0.8234966784688945,0.8179729138695265,930,15.5,18.4,4.1152,4.471228615863142,630
SMHBUSDT,0.0007552870090634656,-0.003398791540785595,-0.04560045317220551,1.0,0.16613482434994367,0.6694285371174611,35,0.5833333333333334,0.6,0.8769230769230769,0.6842105263157895,720
RKLBBUSDT,0.02943788859281815,-0.005963710189062277,-0.04199974622509839,0.7077818753975531,0.8573477160828662,0.16339532483621366,277,4.616666666666666,5.4,1.1488,4.700557103064067,630
SKHYBUSDT,0.013006535947712505,0.045163398692810386,0.0,0.47824868072557647,0.5779411895375746,0.45937783215741446,2681,44.68333333333333,156.0,9.3312,16.71810699588477,630
IBMBUSDT,0.03372184088082175,0.0025337448749251923,-0.0216980697470861,0.8934775666724141,0.6662607709735007,0.4565178064292695,348,5.8,15.8,1.4656,10.78056768558952,630
INTWBUSDT,0.050000000000000044,0.09760000000000013,0.049599999999999866,0.43091431347487474,0.43477307520801656,0.6941539630477254,348,5.8,10.4,1.3328,7.8031212484994,630
FLNCBUSDT,0.030110935023771823,0.01030110935023787,-0.04278922345483349,0.7490495590411492,0.8504733441121873,0.681080445933821,81,1.35,3.2,0.8615384615384616,3.7142857142857144,720
KORUBUSDT,0.06052631578947354,0.11526315789473696,0.1378947368421053,0.5596859560215894,0.47542890016331735,0.5062452213799402,1278,21.3,20.0,8.4064,2.379139703083365,630
AXTIBUSDT,-0.027959653158732944,-0.017695983011856264,-0.057511944788533054,0.3388525471697486,0.43319323683964045,0.5941589945310387,1486,24.766666666666666,81.6,3.5904,22.727272727272727,630
HOODBUSDT,0.03393565447333624,0.006258263552225696,0.019744380784486593,0.3080852576506835,0.37885839565878027,0.41498325402500214,275,4.583333333333333,13.0,1.0224,12.715179968701095,630
