symbol,day0_date,usd_turnover
TWTUSDT,2021-01-27,102717884.338586
FIROUSDT,2021-01-29,4651490.983316
CELOUSDT,2021-01-05,48608189.948299
CKBUSDT,2021-01-26,15021651.376882
TRUUSDT,2021-01-19,22439925.686912
BTCSTUSDT,2021-01-13,120157872.395883
RIFUSDT,2021-01-07,10720827.139219
DODOUSDT,2021-02-19,308295923.84615
CAKEUSDT,2021-02-19,191711395.690598
SFPUSDT,2021-02-08,263188150.418806
LITUSDT,2021-02-04,239099041.801121
ACMUSDT,2021-02-24,158898824.117164
PERPUSDT,2021-03-19,105253813.703182
SUPERUSDT,2021-03-25,67077362.634784
RAMPUSDT,2021-03-22,66073282.31205
DEGOUSDT,2021-03-10,102290995.460246
OMUSDT,2021-03-08,78490854.388535
ALICEUSDT,2021-03-15,1835349273.154366
BADGERUSDT,2021-03-02,26289563.047402
LINAUSDT,2021-03-18,442968134.930932
FISUSDT,2021-03-03,21555252.71537
CFXUSDT,2021-03-29,50290080.097278
PONDUSDT,2021-03-09,34367931.712166
TLMUSDT,2021-04-13,709821870.045125
MIRUSDT,2021-04-19,72442932.203387
BURGERUSDT,2021-04-30,56192712.63
TKOUSDT,2021-04-07,1035884465.483116
BAKEUSDT,2021-04-30,33249215.72146
EPSUSDT,2021-04-02,151972492.330276
FORTHUSDT,2021-04-23,85067894.622718
1INCHUPUSDT,2021-04-15,3467025.8271
PUNDIXUSDT,2021-04-09,205580260.386314
SLPUSDT,2021-04-30,426410826.9703
AUTOUSDT,2021-04-02,34348822.8624471
1INCHDOWNUSDT,2021-04-15,448619.165
BARUSDT,2021-04-21,209738150.722326
BTGUSDT,2021-04-16,10050518.988932
MDXUSDT,2021-05-24,39040283.464798
LPTUSDT,2021-05-28,8799496.3619
SHIBUSDT,2021-05-10,3030141753.8025646
ICPUSDT,2021-05-11,764591899.9366
MASKUSDT,2021-05-25,18024825.23273
POLSUSDT,2021-05-19,25018368.21323
ARUSDT,2021-05-14,74619557.60753
TORNUSDT,2021-06-11,30369941.313
GTCUSDT,2021-06-10,86654546.1747
XVGUSDT,2021-06-06,31872582.16852
ERNUSDT,2021-06-22,16353513.9798
PHAUSDT,2021-06-25,2505436.8183
NUUSDT,2021-06-04,158994368.4768
KLAYUSDT,2021-06-24,36869465.8617
ATAUSDT,2021-06-07,671977004.03092
KEEPUSDT,2021-06-17,121992566.6307
QNTUSDT,2021-07-29,73793613.9491
BONDUSDT,2021-07-05,9817036.2061
FLOWUSDT,2021-07-30,111672903.4979
DEXEUSDT,2021-07-23,25159247.7468
CLVUSDT,2021-07-29,102451404.9543
MLNUSDT,2021-07-05,58592502.1573
C98USDT,2021-07-23,259438704.01606
QUICKUSDT,2021-08-13,15085314.887
WAXPUSDT,2021-08-23,211169564.2873
TVKUSDT,2021-08-06,76590420.2672
FORUSDT,2021-08-20,47493858.78847
GHSTUSDT,2021-08-20,9139210.0466
TRIBEUSDT,2021-08-24,120352771.1212
GNOUSDT,2021-08-30,42770848.5437
ALPACAUSDT,2021-08-11,56761142.15709
RAYUSDT,2021-08-10,22970009.5955
REQUSDT,2021-08-20,26176629.1997
MINAUSDT,2021-08-10,100144285.6989
MBOXUSDT,2021-08-19,452287512.4676
FARMUSDT,2021-08-11,126649823.274
USDPUSDT,2021-09-10,26885254.853901
VIDTUSDT,2021-09-09,9186518.5914
ILVUSDT,2021-09-22,64028246.3624
POLYUSDT,2021-09-09,4938252.66023
SYSUSDT,2021-09-24,6402585.1806
IDEXUSDT,2021-09-09,31920581.980739
DFUSDT,2021-09-24,37276553.7376
YGGUSDT,2021-09-24,108057803.7404
DYDXUSDT,2021-09-09,523640261.55289
GALAUSDT,2021-09-13,333987929.17604
ELFUSDT,2021-09-08,13703595.52751
FIDAUSDT,2021-09-30,46172821.8392
XECUSDT,2021-09-03,310130069.2650521
RADUSDT,2021-10-07,343227019.4525
LAZIOUSDT,2021-10-21,742507434.517817
CVPUSDT,2021-10-04,11983583.7835
RAREUSDT,2021-10-11,263242630.4151
BETAUSDT,2021-10-08,1180746732.4733
ADXUSDT,2021-10-29,544589814.3397
AGLDUSDT,2021-10-05,181681202.1091
CHESSUSDT,2021-10-22,188554861.0143
AUCTIONUSDT,2021-10-29,11144121.4742
FRONTUSDT,2021-10-04,6127449.1646
KP3RUSDT,2021-11-12,29787882.5753
ENSUSDT,2021-11-10,424098906.417
RNDRUSDT,2021-11-27,38388799.3379
MOVRUSDT,2021-11-08,52636091.3547
RGTUSDT,2021-11-05,25723061.0329
PLAUSDT,2021-11-23,34992456.59208
PYRUSDT,2021-11-26,131841767.93004
QIUSDT,2021-11-15,144325287.0407
JASMYUSDT,2021-11-22,222029894.54801
BNXUSDT,2021-11-04,67462116.3251
VGXUSDT,2021-11-22,56049363.0378
CITYUSDT,2021-11-10,64164071.2223
ALCXUSDT,2021-11-30,14834076.64624
POWRUSDT,2021-11-17,93295302.0008
PORTOUSDT,2021-11-16,329682538.814016
AMPUSDT,2021-11-23,106529086.57287
DARUSDT,2021-11-04,920595093.55773
FLUXUSDT,2021-12-10,173457473.34041
VOXELUSDT,2021-12-14,415412290.48497
BICOUSDT,2021-12-09,41961855.06692
HIGHUSDT,2021-12-17,70731969.66637
USTUSDT,2021-12-24,10096603.6241
PEOPLEUSDT,2021-12-23,93061999.54509
MCUSDT,2021-12-02,55774842.7234
ANYUSDT,2021-12-04,108497197.1362
JOEUSDT,2021-12-28,42448262.89725
OOKIUSDT,2021-12-24,372176539.76432
SPELLUSDT,2021-12-24,21853908.64785
CVXUSDT,2021-12-23,34187016.79799
FXSUSDT,2021-12-10,5291575.6391
SANTOSUSDT,2021-12-01,264676358.47407
IMXUSDT,2022-01-10,9670673.03038
BTTCUSDT,2022-01-25,22175562.75178455
SCRTUSDT,2022-01-21,7811663.4467
ACAUSDT,2022-01-25,40903638.54657
API3USDT,2022-01-21,40830128.94609
ANCUSDT,2022-01-25,14153481.31318
GLMRUSDT,2022-01-11,123390582.9415
ACHUSDT,2022-01-10,112775066.67225
XNOUSDT,2022-01-28,6524500.30681
LOKAUSDT,2022-01-20,243745545.89446
TUSDT,2022-02-25,15722236.35412
ASTRUSDT,2022-02-28,27538503.76523
ALPINEUSDT,2022-02-21,342446201.737143
WOOUSDT,2022-02-08,29040826.34369
BSWUSDT,2022-03-21,367180355.98034
APEUSDT,2022-03-17,505832213.230446
GMTUSDT,2022-03-09,247030696.650497
KDAUSDT,2022-03-11,45918759.93769
NBTUSDT,2022-03-11,971502.99423
MOBUSDT,2022-04-29,157761256.43252
MULTIUSDT,2022-04-06,328989766.66526
NEXOUSDT,2022-04-29,89332118.52127
STEEMUSDT,2022-04-22,19326724.56116
BIFIUSDT,2022-04-01,5828790.5637
EPXUSDT,2022-05-23,16736861.020531
REIUSDT,2022-05-04,32254791.07107
GALUSDT,2022-05-05,726234163.563288
LDOUSDT,2022-05-09,34899581.2735
OPUSDT,2022-06-01,184377773.99224
LEVERUSDT,2022-07-13,6036856.515529
STGUSDT,2022-08-19,246692249.42513
LUNCUSDT,2022-09-09,112901814.59850055
APTUSDT,2022-10-19,560881616.024708
POLYXUSDT,2022-10-17,111089096.1849
GMXUSDT,2022-10-05,80886578.64774
NEBLUSDT,2022-10-14,1026807.6542
OSMOUSDT,2022-10-28,47215463.84597
PHBUSDT,2022-11-18,970252.5295
HFTUSDT,2022-11-07,278433166.78377
HOOKUSDT,2022-12-01,213331638.4847
MAGICUSDT,2022-12-12,65226523.38881
PROSUSDT,2023-01-27,4187085.2065
HIFIUSDT,2023-01-12,23408220.23563
RPLUSDT,2023-01-18,23270749.589
AGIXUSDT,2023-02-17,13312936.18441
GNSUSDT,2023-02-17,107124699.68308
LQTYUSDT,2023-02-28,150041963.0355
SYNUSDT,2023-02-22,82220910.8194
SSVUSDT,2023-02-24,9621831.63711
VIBUSDT,2023-02-24,5095676.22742
UFTUSDT,2023-03-17,960033.436
USTCUSDT,2023-03-10,4848996.7921137
QKCUSDT,2023-03-17,567018.204504
BETHUSDT,2023-03-03,427541.015276
GLMUSDT,2023-03-17,538218.47109
RDNTUSDT,2023-03-30,76026584.5996
LOOMUSDT,2023-03-24,1264163.93675
OAXUSDT,2023-03-24,76262260.2329
IDUSDT,2023-03-22,254033449.21801
PROMUSDT,2023-03-17,1439642.6988
ARBUSDT,2023-03-23,669932083.21377
GASUSDT,2023-03-17,425931.2294
AMBUSDT,2023-03-03,3589218.53208
EDUUSDT,2023-04-28,448582391.03943
WBTCUSDT,2023-04-28,390234.2938447
PEPEUSDT,2023-05-05,154291982.66948947
ASTUSDT,2023-05-19,50315745.3348
SNTUSDT,2023-05-19,1069378.53817
FLOKIUSDT,2023-05-05,41589308.40122465
AERGOUSDT,2023-05-05,4899685.0916
SUIUSDT,2023-05-03,612058253.94762
MAVUSDT,2023-06-28,110128321.5946
COMBOUSDT,2023-06-02,47941702.2274
FDUSDUSDT,2023-07-26,4350126.1257
ARKMUSDT,2023-07-18,127190907.3677
WBETHUSDT,2023-07-19,329744.089788
WLDUSDT,2023-07-24,226724641.2047
PENDLEUSDT,2023-07-03,30436740.16701
CYBERUSDT,2023-08-15,71258511.38344
SEIUSDT,2023-08-15,116233132.15686
IQUSDT,2023-09-22,338589.6299
CREAMUSDT,2023-09-22,954134.93517
ARKUSDT,2023-09-22,13109039.6258
GFTUSDT,2023-09-22,4332039.73515
TIAUSDT,2023-10-31,136711996.4488
NTRNUSDT,2023-10-10,35592920.58369
BEAMXUSDT,2023-11-14,99314168.914717
PIVXUSDT,2023-11-16,45137287.4009
MEMEUSDT,2023-11-03,364531502.838422
VICUSDT,2023-11-24,14736872.59673
BLURUSDT,2023-11-24,94649511.36109
ORDIUSDT,2023-11-07,154421755.1806
NFPUSDT,2023-12-27,342734697.58933
JTOUSDT,2023-12-07,283120328.39651
ACEUSDT,2023-12-18,639622638.05408
BONKUSDT,2023-12-15,406750234.49052596
VANRYUSDT,2023-12-01,60436598.95166
1000SATSUSDT,2023-12-12,340399289.8764536
AEURUSDT,2023-12-04,4229823.00107
ALTUSDT,2024-01-25,429580892.67827
AIUSDT,2024-01-04,274243270.33173
JUPUSDT,2024-01-31,235878210.88436
XAIUSDT,2024-01-09,226580522.12701
MANTAUSDT,2024-01-18,496832448.660924
STRKUSDT,2024-02-20,519391694.65927
PYTHUSDT,2024-02-02,58813860.49798
PORTALUSDT,2024-02-29,378706634.56696
RONINUSDT,2024-02-05,34319808.60033
PIXELUSDT,2024-02-19,797906751.55963
DYMUSDT,2024-02-06,202501412.818
WIFUSDT,2024-03-05,195812129.587943
BOMEUSDT,2024-03-16,989628184.158339
METISUSDT,2024-03-11,84432078.42908
ETHFIUSDT,2024-03-18,241523110.1918
AEVOUSDT,2024-03-13,433095206.3625
AXLUSDT,2024-03-01,70325219.514768
PDAUSDT,2024-03-01,53538581.6312
ENAUSDT,2024-04-02,1071118927.27685
REZUSDT,2024-04-30,190813002.57482
TAOUSDT,2024-04-11,174282874.82509
WUSDT,2024-04-03,545705759.2435
SAGAUSDT,2024-04-09,1105627020.47586
TNSRUSDT,2024-04-08,249463650.24776
OMNIUSDT,2024-04-17,310709169.1547
NOTUSDT,2024-05-16,452262356.359091
BBUSDT,2024-05-13,325318822.22909
ZKUSDT,2024-06-17,377910005.96276
ZROUSDT,2024-06-20,151388906.37085
LISTAUSDT,2024-06-20,253446950.21751
IOUSDT,2024-06-11,440644923.49059
BANANAUSDT,2024-07-20,106527539.35622
GUSDT,2024-07-19,63275546.21858
RENDERUSDT,2024-07-26,27965733.1509
DOGSUSDT,2024-08-26,453570505.0438698
TONUSDT,2024-08-08,44731989.4385
EURIUSDT,2024-08-28,5651678.36715
SLFUSDT,2024-08-30,18858955.13177
CATIUSDT,2024-09-20,461757187.31368
1MBABYDOGEUSDT,2024-09-16,89999611.5321175
HMSTRUSDT,2024-09-26,371317580.127317
TURBOUSDT,2024-09-16,27029079.563524
POLUSDT,2024-09-13,50127181.19635
NEIROUSDT,2024-09-16,214231360.0028607
KAIAUSDT,2024-10-31,57115586.48893
LUMIAUSDT,2024-10-18,88025549.62476
SCRUSDT,2024-10-11,41874463.9196
BNSOLUSDT,2024-10-17,2817049.0924
EIGENUSDT,2024-10-01,430883902.30792
USUALUSDT,2024-11-19,138827104.1078
COWUSDT,2024-11-06,211097320.0369
ACTUSDT,2024-11-11,478782327.92678
CETUSUSDT,2024-11-06,97230777.48446
PNUTUSDT,2024-11-11,230867530.47784
THEUSDT,2024-11-27,1329253175.16725
PENGUUSDT,2024-12-17,510559404.405589
VELODROMEUSDT,2024-12-13,181749999.32017
ORCAUSDT,2024-12-06,136689086.19353
ACXUSDT,2024-12-06,365200001.5445
1000CATUSDT,2024-12-17,231879411.335976
VANAUSDT,2024-12-16,808011072.7374
MOVEUSDT,2024-12-09,625600472.32423
MEUSDT,2024-12-10,454300952.7594
COOKIEUSDT,2025-01-10,40428736.81553
ANIMEUSDT,2025-01-23,245299323.77582
BIOUSDT,2025-01-03,591607008.27191
CGPTUSDT,2025-01-10,123224067.98658
SOLVUSDT,2025-01-17,308225426.9796
SUSDT,2025-01-16,74880130.19998
AIXBTUSDT,2025-01-10,53429407.2353
TRUMPUSDT,2025-01-19,8849748911.88167
DUSDT,2025-01-09,41658554.57696
KAITOUSDT,2025-02-20,477506294.35513
LAYERUSDT,2025-02-11,341266345.504035
1000CHEEMSUSDT,2025-02-09,53397604.985304
REDUSDT,2025-02-28,332911.42
BERAUSDT,2025-02-06,886182293.589224
TSTUSDT,2025-02-09,520991778.20203
HEIUSDT,2025-02-13,133404396.74425
SHELLUSDT,2025-02-27,214319995.76396
MUBARAKUSDT,2025-03-27,15796753.14648
XUSDUSDT,2025-03-19,4440190.7893
EPICUSDT,2025-03-13,34395481.762
GPSUSDT,2025-03-04,100160116.43884
FORMUSDT,2025-03-19,30447120.35848
BMTUSDT,2025-03-18,101536509.2665
TUTUSDT,2025-03-27,24696770.55506
GUNUSDT,2025-03-31,198052043.46839
BANANAS31USDT,2025-03-27,5331743.294486
NILUSDT,2025-03-24,168357581.3959
PARTIUSDT,2025-03-25,170643336.16788
BROCCOLI714USDT,2025-03-27,6369562.48042
INITUSDT,2025-04-24,250152111.38075
HYPERUSDT,2025-04-22,77003161.41303
WCTUSDT,2025-04-15,80095289.62211
SIGNUSDT,2025-04-28,108395484.92363
KERNELUSDT,2025-04-14,121930661.38871
BABYUSDT,2025-04-10,122443123.29069
BIGTIMEUSDT,2025-04-11,6462649.99514
ONDOUSDT,2025-04-11,17965044.48501
VIRTUALUSDT,2025-04-11,9446644.05937
USD1USDT,2025-05-22,21067202.9488
AUSDT,2025-05-28,18865161.05188
KMNOUSDT,2025-05-06,10579950.20007
HAEDALUSDT,2025-05-21,70608537.52003
AWEUSDT,2025-05-21,8201680.546
NXPCUSDT,2025-05-15,466187464.31783
SYRUPUSDT,2025-05-06,41687783.3485
HUMAUSDT,2025-05-26,113149865.88865
STOUSDT,2025-05-02,70714385.08449
SXTUSDT,2025-05-08,79036692.25194
SOPHUSDT,2025-05-28,123755085.58662
NEWTUSDT,2025-06-24,202858292.84213
HOMEUSDT,2025-06-12,31945596.4137
RESOLVUSDT,2025-06-11,51681601.14211
SAHARAUSDT,2025-06-26,181993141.73373
SPKUSDT,2025-06-17,128676700.214787
A2ZUSDT,2025-07-30,33622402.997217
LAUSDT,2025-07-09,40928498.1216
ERAUSDT,2025-07-17,393179207.93945
TREEUSDT,2025-07-29,131544228.11126
CUSDT,2025-07-18,122603590.69893
TOWNSUSDT,2025-08-05,130450887.71333
PROVEUSDT,2025-08-05,128833009.75099
PLUMEUSDT,2025-08-18,50382122.13844
DOLOUSDT,2025-08-27,39565930.2335
MITOUSDT,2025-08-29,36075257.4787
BFUSDUSDT,2025-08-13,7960951.9788
XPLUSDT,2025-09-25,1620965061.83351
USDEUSDT,2025-09-09,8721241.1936
WLFIUSDT,2025-09-01,996450099.59235
ZKCUSDT,2025-09-15,265571152.78252
OPENUSDT,2025-09-08,344821359.79366
PUMPUSDT,2025-09-11,59452624.583311
BARDUSDT,2025-09-18,182310419.67672
AVNTUSDT,2025-09-15,263115869.31061
MIRAUSDT,2025-09-26,482547178.25426
HEMIUSDT,2025-09-23,177880872.12271
HOLOUSDT,2025-09-11,174966579.30258
FFUSDT,2025-09-29,425775755.590055
LINEAUSDT,2025-09-10,239364108.72128
EDENUSDT,2025-09-30,244891501.86925
SKYUSDT,2025-09-17,37490121.50569
SOMIUSDT,2025-09-02,118435168.98892
0GUSDT,2025-09-22,343688450.6841
MORPHOUSDT,2025-10-03,28152953.10452
WALUSDT,2025-10-10,139036622.04006
ASTERUSDT,2025-10-06,233056793.14155
NOMUSDT,2025-10-01,38729467.85842
FUSDT,2025-10-25,17547852.75335
TURTLEUSDT,2025-10-22,69171464.35394
ENSOUSDT,2025-10-14,149247080.71609
2ZUSDT,2025-10-02,298331548.15465
EULUSDT,2025-10-13,35701313.44924
GIGGLEUSDT,2025-10-25,194513433.36619
ZBTUSDT,2025-10-17,107301609.04075
YBUSDT,2025-10-15,155873272.98518
BANKUSDT,2025-11-13,38801521.11098
KITEUSDT,2025-11-03,164800584.2961
ATUSDT,2025-11-27,46126526.24969
SAPIENUSDT,2025-11-06,308234438.90697
METUSDT,2025-11-13,14284621.20463
ALLOUSDT,2025-11-11,96112301.04935
MMTUSDT,2025-11-04,931122562.16021
KGSTUSDT,2025-12-24,4163670.15128
BREVUSDT,2026-01-06,63421449.07847
FRAXUSDT,2026-01-15,36388241.80153
FOGOUSDT,2026-01-15,186498953.00735
ZKPUSDT,2026-01-07,46235614.42916
币安人生USDT,2026-01-07,43219879.67813
UUSDT,2026-01-13,23180141.0166
SENTUSDT,2026-01-22,113662472.81607
RLUSDUSDT,2026-01-22,3754517.5452
ESPUSDT,2026-02-12,37452377.20555
ZAMAUSDT,2026-02-02,63352349.96345
CFGUSDT,2026-03-16,31427567.47554
NIGHTUSDT,2026-03-11,23114236.74065
OPNUSDT,2026-03-05,124376858.58618
ROBOUSDT,2026-03-04,19410478.71225
MANTRAUSDT,2026-03-04,77804406.75455
XAUTUSDT,2026-03-26,11599391.210382
KATUSDT,2026-03-18,26479988.78895
MEGAUSDT,2026-04-30,82765750.25757
CHIPUSDT,2026-04-21,40987208.14422
AIGENSYNUSDT,2026-05-14,21511232.4082
OPGUSDT,2026-05-22,9380870.94118
GENIUSUSDT,2026-05-22,35258436.41761
SPCXBUSDT,2026-06-12,12750208.38708
MUBUSDT,2026-06-11,1845115.37657
TSLABUSDT,2026-06-11,409431.46707
MSFTBUSDT,2026-06-30,203767.45755
MSTRBUSDT,2026-06-23,868913.27918
INTCBUSDT,2026-06-23,1121454.68732
SNDKBUSDT,2026-06-11,210262.925519
QQQBUSDT,2026-06-30,251120.11844
NVDABUSDT,2026-06-11,602342.98527
LITEBUSDT,2026-06-30,512835.74233
CRCLBUSDT,2026-06-11,268172.5168
AMDBUSDT,2026-06-23,624726.3645
EWYBUSDT,2026-06-23,355812.34893
REUSDT,2026-06-18,55015602.73292
METABUSDT,2026-06-30,169544.48025
PLTRBUSDT,2026-06-30,201899.16762
GRAMUSDT,2026-07-02,13802601.92978
DRAMBUSDT,2026-07-07,417289.8399
TQQQBUSDT,2026-07-22,111901.0651
AAPLBUSDT,2026-07-29,78101.07919
AAOIBUSDT,2026-07-15,444473.0372
TSMBUSDT,2026-07-15,110352.75667
GLWBUSDT,2026-07-07,124184.55491
GOOGLBUSDT,2026-07-07,337630.38586
AEROUSDT,2026-07-17,4879474.58619
SPYBUSDT,2026-07-07,106730.14282
AVGOBUSDT,2026-07-15,41148.83105
AMZNBUSDT,2026-07-29,43420.3782
PYPLBUSDT,2026-07-29,20934.4503
BEBUSDT,2026-07-29,219940.71079
ORCLBUSDT,2026-07-22,70732.31678
NOKBUSDT,2026-07-15,167343.1024
CBRSBUSDT,2026-07-07,426642.62742
QCOMBUSDT,2026-07-07,512978.50125
COINBUSDT,2026-07-07,203084.94145
WDCBUSDT,2026-07-07,234965.32004
DELLBUSDT,2026-07-29,33010.10434
MRVLBUSDT,2026-07-15,111098.5042
NBISBUSDT,2026-07-07,139142.07074
MVLLBUSDT,2026-07-22,80114.1935
MUUBUSDT,2026-07-22,1276379.5918
CRWVBUSDT,2026-07-22,91562.8084
AMATBUSDT,2026-07-29,50819.10199
QNTBUSDT,2026-07-22,8484.0018
BABABUSDT,2026-07-15,71691.4383
ARMBUSDT,2026-07-15,77288.2956
SOXSBUSDT,2026-07-29,1341352.8248
SOXLBUSDT,2026-07-07,620344.79962
GSBUSDT,2026-07-29,32545.450389
SNXXBUSDT,2026-07-22,709692.7863
SMHBUSDT,2026-07-29,98057.4568
RKLBBUSDT,2026-07-15,166705.5737
SKHYBUSDT,2026-07-13,2520775.85742
IBMBUSDT,2026-07-15,279813.93282
INTWBUSDT,2026-07-22,75169.4803
FLNCBUSDT,2026-07-29,56628.6133
KORUBUSDT,2026-07-22,2182343.9997
AXTIBUSDT,2026-07-22,176549.1791
HOODBUSDT,2026-07-15,106162.48514
