symbol,base,event_type,article_code,article_title,cease_text,last_date,match_source,notes,announce_ts_utc,days_announce_to_death,close_m1,last_close,ret_day0,fwd_1,trunc_1,fwd_3,trunc_3,fwd_7,trunc_7,fwd_14,trunc_14,pre_14,post_death_from_0,post_death_from_m1,day0_close_listing,bah_lifecycle
BTCSTUSDT,BTCST,delist,f88299165488493cba3e53208c19080d,Notice of Removal of Trading Pairs - 2022-11-28,2022-11-28 03:00,2022-11-28,dcms,,2022-11-25T05:00:05Z,3,6.83,5.35,-0.10834553440702788,-0.17130307467057104,0,-0.21669106881405564,0,-0.21669106881405564,1,-0.21669106881405564,1,0.033282904689863724,-0.12151067323481124,-0.21669106881405564,62.75,-0.9147410358565737
MIRUSDT,MIR,delist,c76352c9c2c846c997cbf65cfdf77976,Notice of Removal of Trading Pairs - 2022-12-27,2022-12-27 03:00,2022-12-27,dcms,,2022-12-21T09:14:43Z,6,0.11021,0.14168,-0.09917430360221402,-0.14354414299972784,0,-0.17648126304328104,0,0.2855457762453497,1,0.2855457762453497,1,-0.16330094139082907,0.4270749395648672,0.2855457762453497,9.77,-0.9854984646878199
AUTOUSDT,AUTO,delist,27933fc8f6c8451fbb18c0189681441a,"Binance Will Delist QLC, NEBL and AUTO on 2023-04-18",2023-04-18 03:00,2023-04-18,dcms,,2023-04-11T07:00:22Z,7,236.0,95.3,-0.42500000000000004,-0.47796610169491527,0,-0.5495762711864407,0,-0.5961864406779661,0,-0.5961864406779661,1,0.07615139078887356,-0.2977155490051584,-0.5961864406779661,4595.07,-0.9792603812346711
BTGUSDT,BTG,delist,cd7aae08f6a84ad89ca6a2c4d52fa32e,"Binance Will Delist DNT, NBS, BTG and TCT on 2022-10-24",2022-10-24 09:00,2022-10-24,dcms,,2022-10-13T04:00:28Z,11,19.27,17.65,-0.05656460819927345,-0.06642449403217443,0,-0.07732226258432784,0,-0.13129216398546972,0,-0.08406850025947077,1,-0.06637596899224807,-0.02915291529152919,-0.08406850025947077,114.784,-0.8462329244494007
MDXUSDT,MDX,delist,,"Binance Will Delist BOND, DOCK, MDX, POLS on 2024-07-22",,2024-02-17,tg_text,tg_text_fallback,2024-07-08T07:04:56Z,-142,0.0345,,-0.32811594202898564,,1,,1,,1,,1,-0.09756735547998951,,,2.0469,
POLSUSDT,POLS,delist,,"Binance Will Delist BOND, DOCK, MDX, POLS on 2024-07-22",,2024-02-12,tg_text,tg_text_fallback,2024-07-08T07:04:56Z,-147,0.3856,,-0.2116182572614108,,1,,1,,1,,1,-0.27925233644859815,,,2.172,
TORNUSDT,TORN,delist,c76352c9c2c846c997cbf65cfdf77976,Notice of Removal of Trading Pairs - 2022-12-27,2022-12-27 03:00,2022-12-27,dcms,,2022-12-21T09:14:43Z,6,4.35,4.06,-0.16781609195402292,-0.21379310344827585,0,-0.20919540229885047,0,-0.06666666666666665,1,-0.06666666666666665,1,-0.2119565217391305,0.12154696132596676,-0.06666666666666665,61.5,-0.9339837398373984
BONDUSDT,BOND,delist,,"Binance Will Delist BOND, DOCK, MDX, POLS on 2024-07-22",,2024-03-30,tg_text,tg_text_fallback,2024-07-08T07:04:56Z,-100,2.007,,-0.3303437967115097,,1,,1,,1,,1,0.010065425264217387,,,34.28,
FORUSDT,FOR,delist,,"Binance Will Delist CVP, EPX, FOR, LOOM, REEF, VGX on 2024-08-26",,2024-05-15,tg_text,tg_text_fallback,2024-08-12T07:06:14Z,-89,0.01407,,-0.33688699360341146,,1,,1,,1,,1,-0.04024556616643926,,,0.0965,
TRIBEUSDT,TRIBE,delist,f88299165488493cba3e53208c19080d,Notice of Removal of Trading Pairs - 2022-11-28,2022-11-28 03:00,2022-11-28,dcms,,2022-11-25T05:00:05Z,3,0.2031,0.2018,-0.004431314623338345,0.006893156080748364,0,-0.006400787789266338,0,-0.006400787789266338,1,-0.006400787789266338,1,-0.0945162728488631,-0.001978239366963286,-0.006400787789266338,0.8668,-0.7671896631287494
CVPUSDT,CVP,delist,,"Binance Will Delist CVP, EPX, FOR, LOOM, REEF, VGX on 2024-08-26",,2024-06-29,tg_text,tg_text_fallback,2024-08-12T07:06:14Z,-44,0.3135,0.1999,-0.3052631578947369,-0.3623604465709729,1,-0.3623604465709729,1,-0.3623604465709729,1,-0.3623604465709729,1,-0.21408874404612677,-0.0821854912764004,-0.3623604465709729,2.462,-0.9188058489033306
KP3RUSDT,KP3R,delist,,"Binance Will Delist IDRT, KP3R, OOKI, UNFI on 2024-11-06",,2024-08-07,tg_text,tg_text_fallback,2024-10-23T07:05:56Z,-77,54.0,,-0.31833333333333325,,1,,1,,1,,1,0.16681071737251507,,,1490.57,
VGXUSDT,VGX,delist,e2fcd2c945654c8d832395335429403e,"Binance Will Delist CVP, EPX, FOR, LOOM, REEF, VGX on 2024-08-26",2024-08-26 03:00,2024-08-17,dcms,,2024-08-12T07:00:11Z,5,0.0519,0.0181,-0.2851637764932563,-0.32562620423892097,0,-0.5009633911368016,0,-0.5973025048169558,0,-0.6512524084778419,1,-0.28904109589041094,-0.5121293800539084,-0.6512524084778419,5.179,-0.9965051168179185
USTUSDT,UST,delist,514e0ba636e843bda47d5d740b7dadf4,Notice of Removal of Trading Pairs and Updates on Tick Size for Spot Trading Pair - 2022-05-13,2022-05-13 00:40,2022-05-13,dcms,,2022-05-13T00:28:45Z,0,0.363505,0.245779,-0.32386349568781725,-0.32386349568781725,1,-0.32386349568781725,1,-0.32386349568781725,1,-0.32386349568781725,1,-0.6364586458645864,0.0,-0.32386349568781725,1.0019,-0.7546870945204112
OOKIUSDT,OOKI,delist,,"Binance Will Delist IDRT, KP3R, OOKI, UNFI on 2024-11-06",,2024-09-18,tg_text,tg_text_fallback,2024-10-23T07:05:56Z,-35,0.001361,0.001382,-0.34827332843497427,0.01542983100661277,1,0.01542983100661277,1,0.01542983100661277,1,0.01542983100661277,1,0.06245120999219367,0.5580608793686583,0.01542983100661277,0.04371,-0.9683825211622055
ANCUSDT,ANC,delist,c76352c9c2c846c997cbf65cfdf77976,Notice of Removal of Trading Pairs - 2022-12-27,2022-12-27 03:00,2022-12-27,dcms,,2022-12-21T09:14:43Z,6,0.03576,0.03151,-0.18903803131991048,-0.18987695749440714,0,-0.21364653243847875,0,-0.11884787472035785,1,-0.11884787472035785,1,-0.33246219899197316,0.086551724137931,-0.11884787472035785,1.619,-0.9805373687461396
MOBUSDT,MOB,delist,1e531578a30c46eebf52c8dae3c56092,"Binance Will Delist DREP, MOB, PNT on 2024-04-03",2024-04-03 03:00,2024-04-03,dcms,,2024-03-20T06:00:07Z,14,0.3048,0.0623,-0.5547900262467192,-0.6797900262467191,0,-0.6856955380577427,0,-0.7801837270341208,0,-0.7956036745406825,0,-0.16447368421052633,-0.5408990420044215,-0.7956036745406825,4.436,-0.985955816050496
MULTIUSDT,MULTI,delist,f73b083ba6834771b07dbe5319917ae5,"Binance Will Delist ANT, MULTI, VAI, XMR on 2024-02-20",2024-02-20 03:00,2024-02-20,dcms,,2024-02-06T07:00:12Z,14,2.151,0.834,-0.4253835425383542,-0.39748953974895385,0,-0.43886564388656435,0,-0.41190144119014416,0,-0.6122733612273361,0,0.41886543535620047,-0.325242718446602,-0.6122733612273361,18.29,-0.9544013121924549
EPXUSDT,EPX,delist,e2fcd2c945654c8d832395335429403e,"Binance Will Delist CVP, EPX, FOR, LOOM, REEF, VGX on 2024-08-26",2024-08-26 03:00,2024-08-26,dcms,,2024-08-12T07:00:11Z,14,0.0001097,1.94e-05,-0.25979945305378305,-0.25797629899726526,0,-0.34731084776663623,0,-0.47675478577939834,0,-0.8231540565177757,0,-0.12798092209856915,-0.7610837438423645,-0.8231540565177757,0.001655,-0.9882779456193354
LEVERUSDT,LEVER,delist,,"Binance Will Delist ALPHA, BSW, KMD, LEVER, LTO on 2025-07-04",,2025-04-07,tg_text,tg_text_fallback,2025-06-26T07:17:20Z,-80,0.000387,,-0.17571059431524538,,1,,1,,1,,1,-0.16594827586206906,,,0.001345,
NEBLUSDT,NEBL,delist,27933fc8f6c8451fbb18c0189681441a,"Binance Will Delist QLC, NEBL and AUTO on 2023-04-18",2023-04-18 03:00,2023-04-18,dcms,,2023-04-11T07:00:22Z,7,0.878,0.355,-0.428246013667426,-0.5728929384965831,0,-0.5865603644646925,0,-0.5956719817767654,0,-0.5956719817767654,1,-0.0639658848614072,-0.2928286852589642,-0.5956719817767654,3.08,-0.8847402597402597
PROSUSDT,PROS,delist,fac9c3e401da4cc8b604566fd261d70c,"Binance Announced the First Batch of Vote to Delist Results and Will Delist BADGER, BAL, BETA, CREAM, CTXC, ELF, FIRO, HARD, NULS, PROS, SNT, TROY, UFT, VIDT on 2025-04-16",2025-04-16 03:00,2025-04-16,dcms,,2025-04-08T06:00:07Z,8,0.2679,0.0372,-0.6132885405001867,-0.58006718924972,0,-0.7532661440836133,0,-0.8044046285927585,0,-0.8611422172452408,1,-0.33540064500124034,-0.640926640926641,-0.8611422172452408,0.7035,-0.9471215351812367
HIFIUSDT,HIFI,delist,b601f1d986ad403b8c667dd0ca17e2e7,"Binance Will Delist BAKE, HIFI, SLF on 2025-09-17",2025-09-17 03:00,2025-09-17,dcms,,2025-09-03T02:59:54Z,14,0.0912,0.127,-0.26973684210526316,-0.26535087719298245,0,-0.29057017543859653,0,-0.20285087719298245,0,0.39254385964912286,0,-0.07222787385554419,0.9069069069069067,0.39254385964912286,0.5083,-0.7501475506590596
VIBUSDT,VIB,delist,0274f9d47da1437990bc13eb17b0ec99,"Binance Will Delist ALPACA, PDA, VIB, WING on 2025-05-02",2025-05-02 03:00,2025-05-02,dcms,,2025-04-24T04:00:05Z,8,0.02331,0.00223,-0.33247533247533256,-0.3337623337623338,0,-0.2586872586872587,0,-0.8078078078078078,0,-0.9043329043329044,1,0.05762250453720519,-0.8566838046272494,-0.9043329043329044,0.1171,-0.9809564474807857
UFTUSDT,UFT,delist,fac9c3e401da4cc8b604566fd261d70c,"Binance Announced the First Batch of Vote to Delist Results and Will Delist BADGER, BAL, BETA, CREAM, CTXC, ELF, FIRO, HARD, NULS, PROS, SNT, TROY, UFT, VIDT on 2025-04-16",2025-04-16 03:00,2025-04-16,dcms,,2025-04-08T06:00:07Z,8,0.0434,0.0089,-0.4930875576036867,-0.4285714285714286,0,-0.5138248847926268,0,-0.7857142857142857,0,-0.7949308755760369,1,-0.4700854700854701,-0.5954545454545455,-0.7949308755760369,0.4587,-0.9805973403095706
RDNTUSDT,RDNT,delist,,"Binance Will Delist A2Z, FORTH, HOOK, IDEX, LRC, NTRN, RDNT, SXP on 2026-04-01",,2025-12-23,tg_text,tg_text_fallback,2026-03-18T09:06:41Z,-85,0.0054,,-0.2055555555555555,,1,,1,,1,,1,0.016949152542373058,,,0.3894,
LOOMUSDT,LOOM,delist,e2fcd2c945654c8d832395335429403e,"Binance Will Delist CVP, EPX, FOR, LOOM, REEF, VGX on 2024-08-26",2024-08-26 03:00,2024-08-26,dcms,,2024-08-12T07:00:11Z,14,0.05048,0.04831,-0.04318541996830416,-0.029318541996830372,0,-0.06517432646592702,0,-0.08102218700475428,0,-0.04298732171156894,0,-0.16603337188171163,0.00020703933747401315,-0.04298732171156894,0.06728,-0.2819560047562426
OAXUSDT,OAX,delist,131b75b63a71490393034f36de70c92c,"Binance Will Delist GFT, IRIS, KEY, OAX, REN on 2024-12-10",2024-12-10 03:00,2024-12-10,dcms,,2024-11-26T08:30:14Z,14,0.1692,0.0358,-0.3942080378250591,-0.4799054373522459,0,-0.3977541371158392,0,-0.5206855791962175,0,-0.7884160756501182,0,-0.06930693069306926,-0.6507317073170731,-0.7884160756501182,0.4462,-0.9197669206633796
AMBUSDT,AMB,delist,f3cc64a8758d4bb394e0830e5b31da97,"Binance Will Delist AMB, CLV, STMX, VITE on 2025-02-24",2025-02-24 03:00,2025-02-24,dcms,,2025-02-17T07:00:24Z,7,0.00356,0.00032,-0.3314606741573033,-0.4410112359550561,0,-0.4662921348314606,0,-0.9101123595505618,0,-0.9101123595505618,1,-0.23605150214592285,-0.865546218487395,-0.9101123595505618,0.02168,-0.985239852398524
ASTUSDT,AST,delist,,"Binance Will Delist AERGO, AST, BURGER, COMBO, LINA on 2025-03-28",,2025-03-28,tg_text,tg_text_fallback,2025-03-21T05:55:45Z,7,0.0457,0.0261,-0.2188183807439824,-0.29978118161925593,0,-0.28884026258205686,0,-0.42888402625820565,0,-0.42888402625820565,1,-0.08232931726907633,-0.26890756302521013,-0.42888402625820565,0.193,-0.8647668393782384
SNTUSDT,SNT,delist,fac9c3e401da4cc8b604566fd261d70c,"Binance Announced the First Batch of Vote to Delist Results and Will Delist BADGER, BAL, BETA, CREAM, CTXC, ELF, FIRO, HARD, NULS, PROS, SNT, TROY, UFT, VIDT on 2025-04-16",2025-04-16 03:00,2025-04-16,dcms,,2025-04-08T06:00:07Z,8,0.02005,0.0272,-0.15760598503740653,-0.08179551122194506,0,0.08578553615960116,0,0.09925187032418958,0,0.3566084788029926,1,-0.21923676012461069,0.610420367081113,0.3566084788029926,0.02485,0.0945674044265592
AERGOUSDT,AERGO,delist,,"Binance Will Delist AERGO, AST, BURGER, COMBO, LINA on 2025-03-28",,2025-03-28,tg_text,tg_text_fallback,2025-03-21T05:55:45Z,7,0.0752,0.0635,-0.08643617021276606,-0.11303191489361708,0,-0.1250000000000001,0,-0.15558510638297873,0,-0.15558510638297873,1,0.04299583911234395,-0.07569141193595341,-0.15558510638297873,0.1306,-0.5137825421133231
COMBOUSDT,COMBO,delist,,"Binance Will Delist AERGO, AST, BURGER, COMBO, LINA on 2025-03-28",,2025-03-28,tg_text,tg_text_fallback,2025-03-21T05:55:45Z,7,0.1542,0.0276,-0.15369649805447472,-0.19455252918287935,0,-0.3320363164721142,0,-0.8210116731517509,0,-0.8210116731517509,1,-0.19771071800208118,-0.7885057471264367,-0.8210116731517509,1.81,-0.9847513812154696
CREAMUSDT,CREAM,delist,fac9c3e401da4cc8b604566fd261d70c,"Binance Announced the First Batch of Vote to Delist Results and Will Delist BADGER, BAL, BETA, CREAM, CTXC, ELF, FIRO, HARD, NULS, PROS, SNT, TROY, UFT, VIDT on 2025-04-16",2025-04-16 03:00,2025-04-16,dcms,,2025-04-08T06:00:07Z,8,4.19,2.1,-0.6133651551312649,-0.5656324582338903,0,-0.6539379474940334,0,-0.7255369928400954,0,-0.49880668257756566,1,-0.3119868637110016,0.2962962962962963,-0.49880668257756566,11.47,-0.8169136878814298
GFTUSDT,GFT,delist,131b75b63a71490393034f36de70c92c,"Binance Will Delist GFT, IRIS, KEY, OAX, REN on 2024-12-10",2024-12-10 03:00,2024-12-03,dcms,,2024-11-26T08:30:14Z,7,0.01723,0.00196,-0.3615786419036564,-0.48694138131166564,0,-0.4457341845618108,0,-0.8862449216482878,0,-0.8862449216482878,1,-0.03904071388733976,-0.8218181818181818,-0.8862449216482878,0.01397,-0.8596993557623479
NTRNUSDT,NTRN,delist,,"Binance Will Delist A2Z, FORTH, HOOK, IDEX, LRC, NTRN, RDNT, SXP on 2026-04-01",,2026-04-01,tg_text,tg_text_fallback,2026-03-18T09:06:41Z,14,0.0083,0.0016,-0.32530120481927716,-0.2650602409638554,0,-0.2650602409638554,0,-0.45783132530120485,0,-0.8072289156626506,0,-0.2844827586206896,-0.7142857142857142,-0.8072289156626506,0.3823,-0.9958148051268637
PDAUSDT,PDA,delist,0274f9d47da1437990bc13eb17b0ec99,"Binance Will Delist ALPACA, PDA, VIB, WING on 2025-05-02",2025-05-02 03:00,2025-05-02,dcms,,2025-04-24T04:00:05Z,8,0.01238,0.00977,-0.14054927302100162,-0.13570274636510504,0,-0.06462035541195477,0,-0.15751211631663975,0,-0.21082390953150254,1,0.16135084427767366,-0.08176691729323315,-0.21082390953150254,0.3152,-0.969003807106599
SLFUSDT,SLF,delist,b601f1d986ad403b8c667dd0ca17e2e7,"Binance Will Delist BAKE, HIFI, SLF on 2025-09-17",2025-09-17 03:00,2025-09-17,dcms,,2025-09-03T02:59:54Z,14,0.0523,0.0208,-0.28489483747609934,-0.41873804971319306,0,-0.45124282982791586,0,-0.2065009560229445,0,-0.6022944550669216,0,-0.05595667870036103,-0.44385026737967925,-0.6022944550669216,0.7053,-0.9705090032610236
DUSDT,D,delist,24aced8c698649d9a552a47eeead5e34,"Binance Will Delist COS, D, HIGH, MBOX on 2026-06-19",2026-06-19 03:00,2026-06-19,dcms,,2026-06-05T07:00:07Z,14,0.00902,0.00461,-0.3314855875831486,-0.3824833702882483,0,-0.3957871396895787,0,-0.3924611973392462,0,-0.48891352549889133,0,-0.3313565604151223,-0.23548922056384736,-0.48891352549889133,0.1815,-0.9746005509641873
A2ZUSDT,A2Z,delist,,"Binance Will Delist A2Z, FORTH, HOOK, IDEX, LRC, NTRN, RDNT, SXP on 2026-04-01",,2026-04-01,tg_text,tg_text_fallback,2026-03-18T09:06:41Z,14,0.000855,8.4e-05,-0.43157894736842106,-0.3590643274853801,0,-0.39649122807017545,0,-0.6140350877192982,0,-0.9017543859649123,0,0.04395604395604402,-0.8271604938271605,-0.9017543859649123,0.004801,-0.9825036450739429
