symbol,day0_date,perp_found,first_funding_ts,spot_to_perp_lag_d,n_funding_w1,sum_funding_w1,n_funding_m1,sum_funding_m1,med_interval_h,coverage_w1,coverage_m1,note
TWTUSDT,2021-01-27,1,2023-11-03T08:00:00+00:00,19645.679333333333,0,,0,,,,,perp_exists_no_window_events
FIROUSDT,2021-01-29,0,,,0,,0,,,,,empty_history
CELOUSDT,2021-01-05,1,2021-09-27T08:00:00.001000+00:00,18878.701333344907,0,,0,,,,,perp_exists_no_window_events
CKBUSDT,2021-01-26,1,2023-02-28T08:00:00.018000+00:00,19397.680333541666,0,,0,,,,,perp_exists_no_window_events
TRUUSDT,2021-01-19,1,2023-03-06T16:00:00+00:00,19404.020666666667,0,,0,,,,,perp_exists_no_window_events
BTCSTUSDT,2021-01-13,1,2021-03-04T08:00:00.015000+00:00,18671.693333506944,0,,0,,,,,perp_exists_no_window_events
RIFUSDT,2021-01-07,1,2023-05-09T08:00:00+00:00,19467.699333333334,0,,0,,,,,perp_exists_no_window_events
DODOUSDT,2021-02-19,1,2021-02-19T16:00:00.008000+00:00,18658.98966675926,0,,0,,,,,perp_exists_no_window_events
CAKEUSDT,2021-02-19,1,2023-11-02T16:00:00+00:00,19644.98966666667,0,,0,,,,,perp_exists_no_window_events
SFPUSDT,2021-02-08,1,2021-02-24T08:00:00.016000+00:00,18663.66733351852,0,,0,,,,,perp_exists_no_window_events
LITUSDT,2021-02-04,1,2025-12-23T20:00:00.005000+00:00,20427.171333391205,0,,0,,,,,perp_exists_no_window_events
ACMUSDT,2021-02-24,0,,,0,,0,,,,,empty_history
PERPUSDT,2021-03-19,1,2023-03-03T16:00:00+00:00,19400.961666666666,0,,0,,,,,perp_exists_no_window_events
SUPERUSDT,2021-03-25,1,2023-11-26T16:00:00+00:00,19668.955666666665,0,,0,,,,,perp_exists_no_window_events
RAMPUSDT,2021-03-22,0,,,0,,0,,,,,empty_history
DEGOUSDT,2021-03-10,1,2024-12-13T16:00:00.001000+00:00,20051.97066667824,0,,0,,,,,perp_exists_no_window_events
OMUSDT,2021-03-08,1,2024-02-13T08:00:00+00:00,19747.639333333333,0,,0,,,,,perp_exists_no_window_events
ALICEUSDT,2021-03-15,1,2021-03-15T16:00:00.030000+00:00,18682.96566701389,0,,0,,,,,perp_exists_no_window_events
BADGERUSDT,2021-03-02,1,2023-11-09T08:00:00+00:00,19651.645333333334,0,,0,,,,,perp_exists_no_window_events
LINAUSDT,2021-03-18,1,2021-03-19T08:00:00.001000+00:00,18686.629333344907,0,,0,,,,,perp_exists_no_window_events
FISUSDT,2021-03-03,1,2025-04-25T08:00:00.002000+00:00,20184.644333356482,0,,0,,,,,perp_exists_no_window_events
CFXUSDT,2021-03-29,1,2023-02-20T08:00:00.008000+00:00,19389.618333425926,0,,0,,,,,perp_exists_no_window_events
PONDUSDT,2021-03-09,0,,,0,,0,,,,,empty_history
TLMUSDT,2021-04-13,1,2021-07-16T08:00:00+00:00,18805.603333333333,0,,0,,,,,perp_exists_no_window_events
MIRUSDT,2021-04-19,0,,,0,,0,,,,,empty_history
BURGERUSDT,2021-04-30,0,,,0,,0,,,,,empty_history
TKOUSDT,2021-04-07,0,,,0,,0,,,,,empty_history
BAKEUSDT,2021-04-30,1,2021-05-19T08:00:00.003000+00:00,18747.586333368057,0,,0,,,,,perp_exists_no_window_events
EPSUSDT,2021-04-02,0,,,0,,0,,,,,empty_history
FORTHUSDT,2021-04-23,1,2025-04-08T08:00:00+00:00,20167.593333333334,0,,0,,,,,perp_exists_no_window_events
PUNDIXUSDT,2021-04-09,1,2025-04-30T12:00:00.001000+00:00,20189.774000011574,0,,0,,,,,perp_exists_no_window_events
SLPUSDT,2021-04-30,1,2023-10-31T08:00:00+00:00,19642.586333333333,0,,0,,,,,perp_exists_no_window_events
AUTOUSDT,2021-04-02,0,,,0,,0,,,,,empty_history
BARUSDT,2021-04-21,0,,,0,,0,,,,,empty_history
BTGUSDT,2021-04-16,0,,,0,,0,,,,,empty_history
MDXUSDT,2021-05-24,0,,,0,,0,,,,,empty_history
LPTUSDT,2021-05-28,1,2021-11-11T08:00:00.012000+00:00,18923.55833347222,0,,0,,,,,perp_exists_no_window_events
SHIBUSDT,2021-05-10,0,,,0,,0,,,,,empty_history
ICPUSDT,2021-05-11,1,2021-05-11T08:00:00+00:00,18739.575333333334,0,,0,,,,,perp_exists_no_window_events
MASKUSDT,2021-05-25,1,2021-08-26T08:00:00.016000+00:00,18846.56133351852,0,,0,,,,,perp_exists_no_window_events
POLSUSDT,2021-05-19,0,,,0,,0,,,,,empty_history
ARUSDT,2021-05-14,1,2021-09-27T08:00:00.001000+00:00,18878.572333344906,0,,0,,,,,perp_exists_no_window_events
TORNUSDT,2021-06-11,0,,,0,,0,,,,,empty_history
GTCUSDT,2021-06-10,1,2021-06-11T08:00:00.007000+00:00,18770.545333414353,0,,0,,,,,perp_exists_no_window_events
XVGUSDT,2021-06-06,1,2023-07-04T16:00:00+00:00,19523.88266666667,0,,0,,,,,perp_exists_no_window_events
ERNUSDT,2021-06-22,0,,,0,,0,,,,,empty_history
PHAUSDT,2021-06-25,1,2024-12-30T12:00:00+00:00,20068.697,0,,0,,,,,perp_exists_no_window_events
NUUSDT,2021-06-04,1,2021-10-19T08:00:00+00:00,18900.551333333333,0,,0,,,,,perp_exists_no_window_events
KLAYUSDT,2021-06-24,1,2021-10-11T16:00:00.006000+00:00,18892.86466673611,0,,0,,,,,perp_exists_no_window_events
ATAUSDT,2021-06-07,1,2021-08-30T08:00:00.008000+00:00,18850.548333425926,0,,0,,,,,perp_exists_no_window_events
KEEPUSDT,2021-06-17,1,2021-06-22T08:00:00.009000+00:00,18781.5383334375,0,,0,,,,,perp_exists_no_window_events
QNTUSDT,2021-07-29,1,2022-10-20T08:00:00.013000+00:00,19266.496333483796,0,,0,,,,,perp_exists_no_window_events
BONDUSDT,2021-07-05,1,2023-10-15T16:00:00+00:00,19626.853666666666,0,,0,,,,,perp_exists_no_window_events
FLOWUSDT,2021-07-30,1,2022-02-09T16:00:00.001000+00:00,19013.82866667824,0,,0,,,,,perp_exists_no_window_events
DEXEUSDT,2021-07-23,1,2024-12-24T12:00:00+00:00,20062.669,0,,0,,,,,perp_exists_no_window_events
CLVUSDT,2021-07-29,0,,,0,,0,,,,,empty_history
MLNUSDT,2021-07-05,1,2025-03-31T12:00:00+00:00,20159.687,0,,0,,,,,perp_exists_no_window_events
C98USDT,2021-07-23,1,2021-08-24T08:00:00.004000+00:00,18844.50233337963,0,,0,,,,,perp_exists_no_window_events
QUICKUSDT,2021-08-13,1,2024-09-06T08:00:00.001000+00:00,19953.48133334491,0,,0,,,,,perp_exists_no_window_events
WAXPUSDT,2021-08-23,1,2023-10-18T08:00:00+00:00,19629.471333333335,0,,0,,,,,perp_exists_no_window_events
TVKUSDT,2021-08-06,0,,,0,,0,,,,,empty_history
FORUSDT,2021-08-20,0,,,0,,0,,,,,empty_history
GHSTUSDT,2021-08-20,1,2024-09-23T16:00:00+00:00,19970.807666666668,0,,0,,,,,perp_exists_no_window_events
TRIBEUSDT,2021-08-24,0,,,0,,0,,,,,empty_history
GNOUSDT,2021-08-30,0,,,0,,0,,,,,empty_history
ALPACAUSDT,2021-08-11,1,2024-08-22T12:00:00.001000+00:00,19938.650000011574,0,,0,,,,,perp_exists_no_window_events
RAYUSDT,2021-08-10,1,2021-08-19T08:00:00.014000+00:00,18839.48433349537,0,,0,,,,,perp_exists_no_window_events
REQUSDT,2021-08-20,0,,,0,,0,,,,,empty_history
MINAUSDT,2021-08-10,1,2023-02-03T08:00:00+00:00,19372.484333333334,0,,0,,,,,perp_exists_no_window_events
MBOXUSDT,2021-08-19,1,2024-08-28T12:00:00+00:00,19944.642,0,,0,,,,,perp_exists_no_window_events
FARMUSDT,2021-08-11,0,,,0,,0,,,,,empty_history
USDPUSDT,2021-09-10,0,,,0,,0,,,,,empty_history
VIDTUSDT,2021-09-09,1,2024-08-23T08:00:00+00:00,19939.454333333335,0,,0,,,,,perp_exists_no_window_events
ILVUSDT,2021-09-22,1,2023-11-10T16:00:00+00:00,19652.774666666668,0,,0,,,,,perp_exists_no_window_events
POLYUSDT,2021-09-09,0,,,0,,0,,,,,empty_history
SYSUSDT,2021-09-24,1,2024-08-19T08:00:00+00:00,19935.439333333332,0,,0,,,,,perp_exists_no_window_events
IDEXUSDT,2021-09-09,1,2023-05-02T08:00:00.018000+00:00,19460.454333541667,0,,0,,,,,perp_exists_no_window_events
DFUSDT,2021-09-24,1,2024-12-30T12:00:00+00:00,20068.606,0,,0,,,,,perp_exists_no_window_events
YGGUSDT,2021-09-24,1,2023-08-04T16:00:00+00:00,19554.772666666668,0,,0,,,,,perp_exists_no_window_events
DYDXUSDT,2021-09-09,1,2021-09-09T16:00:00.002000+00:00,18860.787666689816,0,,0,,,,,perp_exists_no_window_events
GALAUSDT,2021-09-13,1,2021-09-17T16:00:00.013000+00:00,18868.78366681713,0,,0,,,,,perp_exists_no_window_events
ELFUSDT,2021-09-08,0,,,0,,0,,,,,empty_history
FIDAUSDT,2021-09-30,1,2024-09-19T16:00:00.001000+00:00,19966.766666678242,0,,0,,,,,perp_exists_no_window_events
XECUSDT,2021-09-03,0,,,0,,0,,,,,empty_history
RADUSDT,2021-10-07,1,2023-05-05T16:00:00+00:00,19463.759666666665,0,,0,,,,,perp_exists_no_window_events
LAZIOUSDT,2021-10-21,0,,,0,,0,,,,,empty_history
CVPUSDT,2021-10-04,0,,,0,,0,,,,,empty_history
RAREUSDT,2021-10-11,1,2024-08-15T16:00:00+00:00,19931.755666666668,0,,0,,,,,perp_exists_no_window_events
BETAUSDT,2021-10-08,0,,,0,,0,,,,,empty_history
ADXUSDT,2021-10-29,0,,,0,,0,,,,,empty_history
AGLDUSDT,2021-10-05,1,2023-07-28T16:00:00+00:00,19547.761666666665,0,,0,,,,,perp_exists_no_window_events
CHESSUSDT,2021-10-22,1,2024-08-29T08:00:00.001000+00:00,19945.411333344906,0,,0,,,,,perp_exists_no_window_events
AUCTIONUSDT,2021-10-29,1,2023-12-15T16:00:00+00:00,19687.737666666668,0,,0,,,,,perp_exists_no_window_events
FRONTUSDT,2021-10-04,1,2023-09-22T16:00:00+00:00,19603.762666666666,0,,0,,,,,perp_exists_no_window_events
KP3RUSDT,2021-11-12,0,,,0,,0,,,,,empty_history
ENSUSDT,2021-11-10,1,2021-11-29T16:00:00+00:00,18941.725666666665,0,,0,,,,,perp_exists_no_window_events
RNDRUSDT,2021-11-27,1,2023-02-03T08:00:00+00:00,19372.375333333333,0,,0,,,,,perp_exists_no_window_events
MOVRUSDT,2021-11-08,1,2023-12-26T16:00:00+00:00,19698.727666666666,0,,0,,,,,perp_exists_no_window_events
RGTUSDT,2021-11-05,0,,,0,,0,,,,,empty_history
PLAUSDT,2021-11-23,0,,,0,,0,,,,,empty_history
PYRUSDT,2021-11-26,0,,,0,,0,,,,,empty_history
QIUSDT,2021-11-15,0,,,0,,0,,,,,empty_history
JASMYUSDT,2021-11-22,1,2022-04-19T08:00:00.031000+00:00,19082.38033369213,0,,0,,,,,perp_exists_no_window_events
BNXUSDT,2021-11-04,1,2022-03-31T16:00:00.015000+00:00,19063.73166684028,0,,0,,,,,perp_exists_no_window_events
VGXUSDT,2021-11-22,0,,,0,,0,,,,,empty_history
CITYUSDT,2021-11-10,0,,,0,,0,,,,,empty_history
ALCXUSDT,2021-11-30,0,,,0,,0,,,,,empty_history
POWRUSDT,2021-11-17,1,2023-10-26T16:00:00+00:00,19637.718666666668,0,,0,,,,,perp_exists_no_window_events
PORTOUSDT,2021-11-16,0,,,0,,0,,,,,empty_history
AMPUSDT,2021-11-23,0,,,0,,0,,,,,empty_history
DARUSDT,2021-11-04,1,2022-04-29T08:00:00.016000+00:00,19092.39833351852,0,,0,,,,,perp_exists_no_window_events
FLUXUSDT,2021-12-10,1,2024-09-03T08:00:00.001000+00:00,19950.362333344907,0,,0,,,,,perp_exists_no_window_events
VOXELUSDT,2021-12-14,1,2024-08-20T12:00:00+00:00,19936.525,0,,0,,,,,perp_exists_no_window_events
BICOUSDT,2021-12-09,1,2023-09-28T08:00:00+00:00,19609.363333333335,0,,0,,,,,perp_exists_no_window_events
HIGHUSDT,2021-12-17,1,2023-02-03T08:00:00+00:00,19372.355333333333,0,,0,,,,,perp_exists_no_window_events
USTUSDT,2021-12-24,0,,,0,,0,,,,,empty_history
PEOPLEUSDT,2021-12-23,1,2021-12-23T16:00:00+00:00,18965.682666666668,0,,0,,,,,perp_exists_no_window_events
MCUSDT,2021-12-02,0,,,0,,0,,,,,empty_history
ANYUSDT,2021-12-04,0,,,0,,0,,,,,empty_history
JOEUSDT,2021-12-28,1,2023-03-28T16:00:00.013000+00:00,19425.67766681713,0,,0,,,,,perp_exists_no_window_events
OOKIUSDT,2021-12-24,0,,,0,,0,,,,,empty_history
SPELLUSDT,2021-12-24,1,2022-09-06T16:00:00.028000+00:00,19222.681666990742,0,,0,,,,,perp_exists_no_window_events
CVXUSDT,2021-12-23,1,2022-09-22T08:00:00+00:00,19238.34933333333,0,,0,,,,,perp_exists_no_window_events
FXSUSDT,2021-12-10,1,2023-01-20T08:00:00+00:00,19358.362333333334,0,,0,,,,,perp_exists_no_window_events
SANTOSUSDT,2021-12-01,1,2024-10-28T16:00:00+00:00,20005.70466666667,0,,0,,,,,perp_exists_no_window_events
IMXUSDT,2022-01-10,1,2022-02-11T08:00:00.009000+00:00,19015.3313334375,0,,0,,,,,perp_exists_no_window_events
BTTCUSDT,2022-01-25,0,,,0,,0,,,,,empty_history
SCRTUSDT,2022-01-21,1,2024-11-21T12:00:00+00:00,20029.487,0,,0,,,,,perp_exists_no_window_events
ACAUSDT,2022-01-25,0,,,0,,0,,,,,empty_history
API3USDT,2022-01-21,1,2022-02-21T16:00:00.005000+00:00,19025.65366672454,0,,0,,,,,perp_exists_no_window_events
ANCUSDT,2022-01-25,1,2022-03-08T08:00:00.002000+00:00,19040.31633335648,0,,0,,,,,perp_exists_no_window_events
GLMRUSDT,2022-01-11,1,2023-09-25T16:00:00+00:00,19606.663666666667,0,,0,,,,,perp_exists_no_window_events
ACHUSDT,2022-01-10,1,2023-02-22T08:00:00.010000+00:00,19391.331333449074,0,,0,,,,,perp_exists_no_window_events
XNOUSDT,2022-01-28,0,,,0,,0,,,,,empty_history
LOKAUSDT,2022-01-20,1,2024-09-24T12:00:00.001000+00:00,19971.488000011574,0,,0,,,,,perp_exists_no_window_events
TUSDT,2022-02-25,1,2023-01-31T16:00:00.007000+00:00,19369.618666747687,0,,0,,,,,perp_exists_no_window_events
ASTRUSDT,2022-02-28,1,2023-02-13T08:00:00.008000+00:00,19382.282333425926,0,,0,,,,,perp_exists_no_window_events
ALPINEUSDT,2022-02-21,1,2025-05-06T12:00:00+00:00,20195.456,0,,0,,,,,perp_exists_no_window_events
WOOUSDT,2022-02-08,1,2022-04-07T16:00:00+00:00,19070.635666666665,0,,0,,,,,perp_exists_no_window_events
BSWUSDT,2022-03-21,1,2024-09-05T08:00:00+00:00,19952.261333333332,0,,0,,,,,perp_exists_no_window_events
APEUSDT,2022-03-17,1,2022-03-17T16:00:00.004000+00:00,19049.598666712962,0,,0,,,,,perp_exists_no_window_events
GMTUSDT,2022-03-09,1,2022-03-14T16:00:00.002000+00:00,19046.606666689815,0,,0,,,,,perp_exists_no_window_events
KDAUSDT,2022-03-11,1,2024-09-18T16:00:00.004000+00:00,19965.604666712963,0,,0,,,,,perp_exists_no_window_events
NBTUSDT,2022-03-11,0,,,0,,0,,,,,empty_history
MOBUSDT,2022-04-29,0,,,0,,0,,,,,empty_history
MULTIUSDT,2022-04-06,0,,,0,,0,,,,,empty_history
NEXOUSDT,2022-04-29,0,,,0,,0,,,,,empty_history
STEEMUSDT,2022-04-22,1,2023-11-08T16:00:00+00:00,19650.562666666665,0,,0,,,,,perp_exists_no_window_events
BIFIUSDT,2022-04-01,0,,,0,,0,,,,,empty_history
EPXUSDT,2022-05-23,0,,,0,,0,,,,,empty_history
REIUSDT,2022-05-04,1,2024-09-27T12:00:00+00:00,19974.384,0,,0,,,,,perp_exists_no_window_events
GALUSDT,2022-05-05,1,2022-05-05T16:00:00.005000+00:00,19098.54966672454,0,,0,,,,,perp_exists_no_window_events
LDOUSDT,2022-05-09,1,2022-09-22T08:00:00+00:00,19238.212333333333,0,,0,,,,,perp_exists_no_window_events
OPUSDT,2022-06-01,1,2022-06-01T08:00:00.011000+00:00,19125.189333460647,0,,0,,,,,perp_exists_no_window_events
LEVERUSDT,2022-07-13,1,2023-03-30T08:00:00+00:00,19427.147333333334,0,,0,,,,,perp_exists_no_window_events
STGUSDT,2022-08-19,1,2022-08-25T16:00:00.004000+00:00,19210.443666712963,0,,0,,,,,perp_exists_no_window_events
LUNCUSDT,2022-09-09,0,,,0,,0,,,,,empty_history
APTUSDT,2022-10-19,1,2022-10-18T16:00:00+00:00,19264.38266666667,0,,0,,,,,perp_exists_no_window_events
POLYXUSDT,2022-10-17,1,2023-10-24T16:00:00+00:00,19635.384666666665,0,,0,,,,,perp_exists_no_window_events
GMXUSDT,2022-10-05,1,2023-02-17T08:00:00.016000+00:00,19386.06333351852,0,,0,,,,,perp_exists_no_window_events
NEBLUSDT,2022-10-14,0,,,0,,0,,,,,empty_history
OSMOUSDT,2022-10-28,0,,,0,,0,,,,,empty_history
PHBUSDT,2022-11-18,1,2023-02-15T16:00:00.005000+00:00,19384.35266672454,0,,0,,,,,perp_exists_no_window_events
HFTUSDT,2022-11-07,1,2023-04-05T16:00:00.004000+00:00,19433.36366671296,0,,0,,,,,perp_exists_no_window_events
HOOKUSDT,2022-12-01,1,2023-01-20T08:00:00+00:00,19358.006333333335,0,,0,,,,,perp_exists_no_window_events
MAGICUSDT,2022-12-12,1,2023-01-23T16:00:00.016000+00:00,19361.328666851852,0,,0,,,,,perp_exists_no_window_events
PROSUSDT,2023-01-27,0,,,0,,0,,,,,empty_history
HIFIUSDT,2023-01-12,1,2023-09-16T08:00:00+00:00,19596.964333333333,0,,0,,,,,perp_exists_no_window_events
RPLUSDT,2023-01-18,1,2024-09-09T16:00:00.001000+00:00,19956.29166667824,0,,0,,,,,perp_exists_no_window_events
AGIXUSDT,2023-02-17,1,2023-02-15T16:00:00.005000+00:00,19384.26166672454,0,,0,,,,,perp_exists_no_window_events
GNSUSDT,2023-02-17,0,,,0,,0,,,,,empty_history
LQTYUSDT,2023-02-28,1,2023-03-09T16:00:00.002000+00:00,19406.250666689815,0,,0,,,,,perp_exists_no_window_events
SYNUSDT,2023-02-22,1,2024-08-16T16:00:00+00:00,19932.256666666668,0,,0,,,,,perp_exists_no_window_events
SSVUSDT,2023-02-24,1,2023-02-23T08:00:00.005000+00:00,19391.921333391205,0,,0,,,,,perp_exists_no_window_events
VIBUSDT,2023-02-24,0,,,0,,0,,,,,empty_history
UFTUSDT,2023-03-17,0,,,0,,0,,,,,empty_history
USTCUSDT,2023-03-10,1,2023-11-27T08:00:00.001000+00:00,19668.90733334491,0,,0,,,,,perp_exists_no_window_events
QKCUSDT,2023-03-17,0,,,0,,0,,,,,empty_history
BETHUSDT,2023-03-03,0,,,0,,0,,,,,empty_history
GLMUSDT,2023-03-17,1,2024-02-22T08:00:00.001000+00:00,19755.900333344907,0,,0,,,,,perp_exists_no_window_events
RDNTUSDT,2023-03-30,1,2023-04-04T16:00:00.008000+00:00,19432.220666759258,0,,0,,,,,perp_exists_no_window_events
LOOMUSDT,2023-03-24,1,2023-10-11T08:00:00+00:00,19621.893333333333,0,,0,,,,,perp_exists_no_window_events
OAXUSDT,2023-03-24,0,,,0,,0,,,,,empty_history
IDUSDT,2023-03-22,1,2023-03-23T08:00:00.001000+00:00,19419.895333344906,0,,0,,,,,perp_exists_no_window_events
PROMUSDT,2023-03-17,1,2025-01-15T16:00:00+00:00,20084.233666666667,0,,0,,,,,perp_exists_no_window_events
ARBUSDT,2023-03-23,1,2023-03-23T08:00:00.001000+00:00,19419.894333344906,0,,0,,,,,perp_exists_no_window_events
GASUSDT,2023-03-17,1,2023-10-24T16:00:00+00:00,19635.233666666667,0,,0,,,,,perp_exists_no_window_events
AMBUSDT,2023-03-03,1,2023-03-30T08:00:00+00:00,19426.914333333334,0,,0,,,,,perp_exists_no_window_events
EDUUSDT,2023-04-28,1,2023-04-28T16:00:00.006000+00:00,19456.19166673611,0,,0,,,,,perp_exists_no_window_events
WBTCUSDT,2023-04-28,0,,,0,,0,,,,,empty_history
PEPEUSDT,2023-05-05,0,,,0,,0,,,,,empty_history
ASTUSDT,2023-05-19,0,,,0,,0,,,,,empty_history
SNTUSDT,2023-05-19,1,2023-11-02T08:00:00+00:00,19643.837333333333,0,,0,,,,,perp_exists_no_window_events
FLOKIUSDT,2023-05-05,0,,,0,,0,,,,,empty_history
AERGOUSDT,2023-05-05,1,2024-09-10T16:00:00+00:00,19957.184666666668,0,,0,,,,,perp_exists_no_window_events
SUIUSDT,2023-05-03,1,2023-05-03T16:00:00.011000+00:00,19461.186666793983,0,,0,,,,,perp_exists_no_window_events
MAVUSDT,2023-06-28,1,2023-06-28T16:00:00+00:00,19517.130666666668,0,,0,,,,,perp_exists_no_window_events
COMBOUSDT,2023-06-02,1,2023-06-02T08:00:00.006000+00:00,19490.82333340278,0,,0,,,,,perp_exists_no_window_events
FDUSDUSDT,2023-07-26,0,,,0,,0,,,,,empty_history
ARKMUSDT,2023-07-18,1,2023-07-27T16:00:00.001000+00:00,19546.11066667824,0,,0,,,,,perp_exists_no_window_events
WBETHUSDT,2023-07-19,0,,,0,,0,,,,,empty_history
WLDUSDT,2023-07-24,1,2023-07-24T16:00:00+00:00,19543.104666666666,0,,0,,,,,perp_exists_no_window_events
PENDLEUSDT,2023-07-03,1,2023-07-25T16:00:00+00:00,19544.125666666667,0,,0,,,,,perp_exists_no_window_events
CYBERUSDT,2023-08-15,1,2023-08-16T16:00:00+00:00,19566.082666666665,0,,0,,,,,perp_exists_no_window_events
SEIUSDT,2023-08-15,1,2023-08-16T16:00:00+00:00,19566.082666666665,0,,0,,,,,perp_exists_no_window_events
IQUSDT,2023-09-22,0,,,0,,0,,,,,empty_history
CREAMUSDT,2023-09-22,0,,,0,,0,,,,,empty_history
ARKUSDT,2023-09-22,1,2023-09-19T16:00:00+00:00,19600.044666666665,0,,0,,,,,perp_exists_no_window_events
GFTUSDT,2023-09-22,0,,,0,,0,,,,,empty_history
TIAUSDT,2023-10-31,1,2023-10-31T20:00:00+00:00,19642.172333333332,0,,0,,,,,perp_exists_no_window_events
NTRNUSDT,2023-10-10,1,2023-11-14T08:00:00+00:00,19655.693333333333,0,,0,,,,,perp_exists_no_window_events
BEAMXUSDT,2023-11-14,1,2023-11-17T08:00:00.001000+00:00,19658.65833334491,0,,0,,,,,perp_exists_no_window_events
PIVXUSDT,2023-11-16,0,,,0,,0,,,,,empty_history
MEMEUSDT,2023-11-03,1,2023-11-03T16:00:00+00:00,19645.002666666667,0,,0,,,,,perp_exists_no_window_events
VICUSDT,2023-11-24,1,2025-03-12T20:00:00+00:00,20140.148333333334,0,,0,,,,,perp_exists_no_window_events
BLURUSDT,2023-11-24,1,2023-04-27T16:00:00.005000+00:00,19454.981666724536,0,,0,,,,,perp_exists_no_window_events
ORDIUSDT,2023-11-07,1,2023-11-07T16:00:00+00:00,19648.998666666666,0,,0,,,,,perp_exists_no_window_events
NFPUSDT,2023-12-27,1,2023-12-27T16:00:00+00:00,19698.948666666667,0,,0,,,,,perp_exists_no_window_events
JTOUSDT,2023-12-07,1,2023-12-08T12:00:00+00:00,19679.802,0,,0,,,,,perp_exists_no_window_events
ACEUSDT,2023-12-18,1,2023-12-18T12:00:00+00:00,19689.791,0,,0,,,,,perp_exists_no_window_events
BONKUSDT,2023-12-15,0,,,0,,0,,,,,empty_history
VANRYUSDT,2023-12-01,1,2024-03-13T16:00:00+00:00,19775.974666666665,0,,0,,,,,perp_exists_no_window_events
1000SATSUSDT,2023-12-12,1,2023-12-12T16:00:00+00:00,19683.963666666667,0,,0,,,,,perp_exists_no_window_events
AEURUSDT,2023-12-04,0,,,0,,0,,,,,empty_history
ALTUSDT,2024-01-25,1,2024-01-25T16:00:00+00:00,19727.919666666665,0,,0,,,,,perp_exists_no_window_events
AIUSDT,2024-01-04,1,2024-01-08T16:00:00+00:00,19710.940666666665,0,,0,,,,,perp_exists_no_window_events
JUPUSDT,2024-01-31,1,2024-02-01T04:00:00+00:00,19734.413666666667,0,,0,,,,,perp_exists_no_window_events
XAIUSDT,2024-01-09,1,2024-01-09T16:00:00+00:00,19711.935666666668,0,,0,,,,,perp_exists_no_window_events
MANTAUSDT,2024-01-18,1,2024-01-18T16:00:00+00:00,19720.926666666666,0,,0,,,,,perp_exists_no_window_events
STRKUSDT,2024-02-20,1,2024-02-20T16:00:00+00:00,19753.893666666667,0,,0,,,,,perp_exists_no_window_events
PYTHUSDT,2024-02-02,1,2023-11-22T16:00:00+00:00,19663.911666666667,0,,0,,,,,perp_exists_no_window_events
PORTALUSDT,2024-02-29,1,2024-02-29T16:00:00+00:00,19762.884666666665,0,,0,,,,,perp_exists_no_window_events
RONINUSDT,2024-02-05,1,2024-02-05T16:00:00+00:00,19738.908666666666,0,,0,,,,,perp_exists_no_window_events
PIXELUSDT,2024-02-19,1,2024-02-19T16:00:00+00:00,19752.894666666667,0,,0,,,,,perp_exists_no_window_events
DYMUSDT,2024-02-06,1,2024-02-07T08:00:00+00:00,19740.574333333334,0,,0,,,,,perp_exists_no_window_events
WIFUSDT,2024-03-05,1,2024-01-18T16:00:00+00:00,19720.879666666668,0,,0,,,,,perp_exists_no_window_events
BOMEUSDT,2024-03-16,1,2024-03-16T00:00:00+00:00,19778.202,0,,0,,,,,perp_exists_no_window_events
METISUSDT,2024-03-11,1,2024-03-11T16:00:00+00:00,19773.873666666666,0,,0,,,,,perp_exists_no_window_events
ETHFIUSDT,2024-03-18,1,2024-03-18T16:00:00.001000+00:00,19780.86666667824,0,,0,,,,,perp_exists_no_window_events
AEVOUSDT,2024-03-13,1,2024-03-13T16:00:00+00:00,19775.871666666666,0,,0,,,,,perp_exists_no_window_events
AXLUSDT,2024-03-01,1,2024-03-01T16:00:00+00:00,19763.88366666667,0,,0,,,,,perp_exists_no_window_events
PDAUSDT,2024-03-01,0,,,0,,0,,,,,empty_history
ENAUSDT,2024-04-02,1,2024-04-02T16:00:00+00:00,19795.851666666666,0,,0,,,,,perp_exists_no_window_events
REZUSDT,2024-04-30,1,2024-04-30T16:00:00+00:00,19823.823666666667,0,,0,,,,,perp_exists_no_window_events
TAOUSDT,2024-04-11,1,2024-04-11T16:00:00+00:00,19804.842666666667,0,,0,,,,,perp_exists_no_window_events
WUSDT,2024-04-03,1,2024-04-03T16:00:00+00:00,19796.850666666665,0,,0,,,,,perp_exists_no_window_events
SAGAUSDT,2024-04-09,1,2024-04-09T00:00:00+00:00,19802.178,0,,0,,,,,perp_exists_no_window_events
TNSRUSDT,2024-04-08,1,2024-04-08T20:00:00.001000+00:00,19802.01233334491,0,,0,,,,,perp_exists_no_window_events
OMNIUSDT,2024-04-17,1,2024-04-17T16:00:00+00:00,19810.836666666666,0,,0,,,,,perp_exists_no_window_events
NOTUSDT,2024-05-16,1,2024-05-16T16:00:00+00:00,19839.807666666668,0,,0,,,,,perp_exists_no_window_events
BBUSDT,2024-05-13,1,2024-05-13T16:00:00+00:00,19836.810666666668,0,,0,,,,,perp_exists_no_window_events
ZKUSDT,2024-06-17,1,2024-06-17T12:00:00+00:00,19871.609,0,,0,,,,,perp_exists_no_window_events
ZROUSDT,2024-06-20,1,2024-06-20T16:00:00+00:00,19874.772666666668,0,,0,,,,,perp_exists_no_window_events
LISTAUSDT,2024-06-20,1,2024-06-20T16:00:00+00:00,19874.772666666668,0,,0,,,,,perp_exists_no_window_events
IOUSDT,2024-06-11,1,2024-06-11T16:00:00+00:00,19865.781666666666,0,,0,,,,,perp_exists_no_window_events
BANANAUSDT,2024-07-20,1,2024-08-14T16:00:00+00:00,19929.742666666665,0,,0,,,,,perp_exists_no_window_events
GUSDT,2024-07-19,1,2024-08-15T16:00:00+00:00,19930.743666666665,0,,0,,,,,perp_exists_no_window_events
RENDERUSDT,2024-07-26,1,2024-07-26T12:00:00+00:00,19910.57,0,,0,,,,,perp_exists_no_window_events
DOGSUSDT,2024-08-26,1,2024-08-26T16:00:00+00:00,19941.705666666665,0,,0,,,,,perp_exists_no_window_events
TONUSDT,2024-08-08,1,2024-03-01T08:00:00+00:00,19763.390333333333,0,,0,,,,,perp_exists_no_window_events
EURIUSDT,2024-08-28,0,,,0,,0,,,,,empty_history
SLFUSDT,2024-08-30,0,,,0,,0,,,,,empty_history
CATIUSDT,2024-09-20,1,2024-09-18T16:00:00.004000+00:00,19964.680666712964,0,,0,,,,,perp_exists_no_window_events
1MBABYDOGEUSDT,2024-09-16,1,2024-09-16T12:00:00+00:00,19962.518,0,,0,,,,,perp_exists_no_window_events
HMSTRUSDT,2024-09-26,1,2024-09-26T16:00:00+00:00,19972.674666666666,0,,0,,,,,perp_exists_no_window_events
TURBOUSDT,2024-09-16,1,2024-05-30T16:00:00+00:00,19853.684666666668,0,,0,,,,,perp_exists_no_window_events
POLUSDT,2024-09-13,1,2024-09-13T16:00:00.001000+00:00,19959.68766667824,0,,0,,,,,perp_exists_no_window_events
NEIROUSDT,2024-09-16,1,2024-09-16T12:00:00+00:00,19962.518,0,,0,,,,,perp_exists_no_window_events
KAIAUSDT,2024-10-31,1,2024-12-04T16:00:00+00:00,20041.639666666666,0,,0,,,,,perp_exists_no_window_events
LUMIAUSDT,2024-10-18,1,2024-12-18T12:00:00+00:00,20055.486,0,,0,,,,,perp_exists_no_window_events
SCRUSDT,2024-10-11,1,2024-10-22T12:00:00+00:00,19998.493,0,,0,,,,,perp_exists_no_window_events
BNSOLUSDT,2024-10-17,0,,,0,,0,,,,,empty_history
EIGENUSDT,2024-10-01,1,2024-10-01T08:00:00+00:00,19977.336333333333,0,,0,,,,,perp_exists_no_window_events
USUALUSDT,2024-11-19,1,2024-12-18T16:00:00+00:00,20055.620666666666,0,,0,,,,,perp_exists_no_window_events
COWUSDT,2024-11-06,1,2024-11-06T16:00:00+00:00,20013.63366666667,0,,0,,,,,perp_exists_no_window_events
ACTUSDT,2024-11-11,1,2024-11-11T16:00:00+00:00,20018.628666666667,0,,0,,,,,perp_exists_no_window_events
CETUSUSDT,2024-11-06,1,2024-11-06T16:00:00+00:00,20013.63366666667,0,,0,,,,,perp_exists_no_window_events
PNUTUSDT,2024-11-11,1,2024-11-11T16:00:00+00:00,20018.628666666667,0,,0,,,,,perp_exists_no_window_events
THEUSDT,2024-11-27,1,2024-11-27T16:00:00.001000+00:00,20034.61266667824,0,,0,,,,,perp_exists_no_window_events
PENGUUSDT,2024-12-17,1,2024-12-17T16:00:00+00:00,20054.592666666667,0,,0,,,,,perp_exists_no_window_events
VELODROMEUSDT,2024-12-13,1,2024-12-13T16:00:00.001000+00:00,20050.59666667824,0,,0,,,,,perp_exists_no_window_events
ORCAUSDT,2024-12-06,1,2024-12-06T16:00:00+00:00,20043.603666666666,0,,0,,,,,perp_exists_no_window_events
ACXUSDT,2024-12-06,1,2024-12-06T16:00:00+00:00,20043.603666666666,0,,0,,,,,perp_exists_no_window_events
1000CATUSDT,2024-12-17,1,2024-10-21T16:00:00+00:00,19997.592666666667,0,,0,,,,,perp_exists_no_window_events
VANAUSDT,2024-12-16,1,2024-12-16T16:00:00+00:00,20053.593666666668,0,,0,,,,,perp_exists_no_window_events
MOVEUSDT,2024-12-09,1,2024-12-09T16:00:00.001000+00:00,20046.60066667824,0,,0,,,,,perp_exists_no_window_events
MEUSDT,2024-12-10,1,2024-12-10T16:00:00+00:00,20047.599666666665,0,,0,,,,,perp_exists_no_window_events
COOKIEUSDT,2025-01-10,1,2025-01-07T12:00:00.001000+00:00,20075.402000011574,0,,0,,,,,perp_exists_no_window_events
ANIMEUSDT,2025-01-23,1,2025-01-23T20:00:00+00:00,20091.722333333335,0,,0,,,,,perp_exists_no_window_events
BIOUSDT,2025-01-03,1,2025-01-03T16:00:00+00:00,20071.575666666668,0,,0,,,,,perp_exists_no_window_events
CGPTUSDT,2025-01-10,1,2024-12-20T20:00:00+00:00,20057.735333333334,0,,0,,,,,perp_exists_no_window_events
SOLVUSDT,2025-01-17,1,2025-01-17T16:00:00.008000+00:00,20085.56166675926,0,,0,,,,,perp_exists_no_window_events
SUSDT,2025-01-16,1,2025-01-16T12:00:00+00:00,20084.396,0,,0,,,,,perp_exists_no_window_events
AIXBTUSDT,2025-01-10,1,2024-12-20T20:00:00+00:00,20057.735333333334,0,,0,,,,,perp_exists_no_window_events
TRUMPUSDT,2025-01-19,1,2025-01-18T16:00:00+00:00,20086.559666666668,0,,0,,,,,perp_exists_no_window_events
DUSDT,2025-01-09,1,2025-01-09T12:00:00+00:00,20077.403,0,,0,,,,,perp_exists_no_window_events
KAITOUSDT,2025-02-20,1,2025-02-20T16:00:00+00:00,20119.527666666665,0,,0,,,,,perp_exists_no_window_events
LAYERUSDT,2025-02-11,1,2025-02-11T16:00:00+00:00,20110.536666666667,0,,0,,,,,perp_exists_no_window_events
1000CHEEMSUSDT,2025-02-09,1,2024-11-25T12:00:00.008000+00:00,20032.372000092593,0,,0,,,,,perp_exists_no_window_events
REDUSDT,2025-02-28,1,2025-03-06T16:00:00+00:00,20133.519666666667,0,,0,,,,,perp_exists_no_window_events
BERAUSDT,2025-02-06,1,2025-02-06T16:00:00+00:00,20105.541666666668,0,,0,,,,,perp_exists_no_window_events
TSTUSDT,2025-02-09,1,2025-02-09T16:00:00+00:00,20108.538666666667,0,,0,,,,,perp_exists_no_window_events
HEIUSDT,2025-02-13,1,2025-02-13T12:00:00+00:00,20112.368,0,,0,,,,,perp_exists_no_window_events
SHELLUSDT,2025-02-27,1,2025-02-17T20:00:00.001000+00:00,20116.687333344908,0,,0,,,,,perp_exists_no_window_events
MUBARAKUSDT,2025-03-27,1,2025-03-17T16:00:00+00:00,20144.492666666665,0,,0,,,,,perp_exists_no_window_events
XUSDUSDT,2025-03-19,0,,,0,,0,,,,,empty_history
EPICUSDT,2025-03-13,1,2025-03-13T08:00:00+00:00,20140.173333333332,0,,0,,,,,perp_exists_no_window_events
GPSUSDT,2025-03-04,1,2025-02-17T20:00:00.001000+00:00,20116.682333344907,0,,0,,,,,perp_exists_no_window_events
FORMUSDT,2025-03-19,1,2025-03-19T08:00:00+00:00,20146.167333333335,0,,0,,,,,perp_exists_no_window_events
BMTUSDT,2025-03-18,1,2025-03-17T16:00:00+00:00,20144.501666666667,0,,0,,,,,perp_exists_no_window_events
TUTUSDT,2025-03-27,1,2025-03-20T12:00:00+00:00,20147.326,0,,0,,,,,perp_exists_no_window_events
GUNUSDT,2025-03-31,1,2025-03-31T16:00:00+00:00,20158.488666666668,0,,0,,,,,perp_exists_no_window_events
BANANAS31USDT,2025-03-27,1,2025-03-20T16:00:00+00:00,20147.492666666665,0,,0,,,,,perp_exists_no_window_events
NILUSDT,2025-03-24,1,2025-03-24T08:00:00+00:00,20151.162333333334,0,,0,,,,,perp_exists_no_window_events
PARTIUSDT,2025-03-25,1,2025-03-25T16:00:00+00:00,20152.494666666666,0,,0,,,,,perp_exists_no_window_events
BROCCOLI714USDT,2025-03-27,1,2025-03-20T16:00:00+00:00,20147.492666666665,0,,0,,,,,perp_exists_no_window_events
INITUSDT,2025-04-24,1,2025-04-16T08:00:00+00:00,20174.131333333335,0,,0,,,,,perp_exists_no_window_events
HYPERUSDT,2025-04-22,1,2025-04-22T16:00:00+00:00,20180.466666666667,0,,0,,,,,perp_exists_no_window_events
WCTUSDT,2025-04-15,1,2025-04-15T12:00:00+00:00,20173.307,0,,0,,,,,perp_exists_no_window_events
SIGNUSDT,2025-04-28,1,2025-04-28T12:00:00+00:00,20186.294,0,,0,,,,,perp_exists_no_window_events
KERNELUSDT,2025-04-14,1,2025-04-14T16:00:00+00:00,20172.474666666665,0,,0,,,,,perp_exists_no_window_events
BABYUSDT,2025-04-10,1,2025-04-05T16:00:00+00:00,20163.478666666666,0,,0,,,,,perp_exists_no_window_events
BIGTIMEUSDT,2025-04-11,1,2023-10-12T16:00:00+00:00,19622.477666666666,0,,0,,,,,perp_exists_no_window_events
ONDOUSDT,2025-04-11,1,2024-01-20T16:00:00+00:00,19722.477666666666,0,,0,,,,,perp_exists_no_window_events
VIRTUALUSDT,2025-04-11,1,2024-12-10T16:00:00+00:00,20047.477666666666,0,,0,,,,,perp_exists_no_window_events
USD1USDT,2025-05-22,0,,,0,,0,,,,,empty_history
AUSDT,2025-05-28,1,2025-05-28T08:00:00.003000+00:00,20216.097333368056,0,,0,,,,,perp_exists_no_window_events
KMNOUSDT,2025-05-06,1,2024-12-20T20:00:00+00:00,20057.619333333332,0,,0,,,,,perp_exists_no_window_events
HAEDALUSDT,2025-05-21,1,2025-04-30T16:00:00.003000+00:00,20188.43766670139,0,,0,,,,,perp_exists_no_window_events
AWEUSDT,2025-05-21,1,2025-05-21T08:00:00.001000+00:00,20209.10433334491,0,,0,,,,,perp_exists_no_window_events
NXPCUSDT,2025-05-15,1,2025-05-15T08:00:00.003000+00:00,20203.110333368055,0,,0,,,,,perp_exists_no_window_events
SYRUPUSDT,2025-05-06,1,2025-05-06T16:00:00+00:00,20194.452666666668,0,,0,,,,,perp_exists_no_window_events
HUMAUSDT,2025-05-26,1,2025-05-26T16:00:00.002000+00:00,20214.432666689816,0,,0,,,,,perp_exists_no_window_events
STOUSDT,2025-05-02,1,2025-04-12T16:00:00+00:00,20170.456666666665,0,,0,,,,,perp_exists_no_window_events
SXTUSDT,2025-05-08,1,2025-05-02T08:00:00+00:00,20190.11733333333,0,,0,,,,,perp_exists_no_window_events
SOPHUSDT,2025-05-28,1,2025-05-28T16:00:00.002000+00:00,20216.430666689816,0,,0,,,,,perp_exists_no_window_events
NEWTUSDT,2025-06-24,1,2025-06-19T16:00:00+00:00,20238.403666666665,0,,0,,,,,perp_exists_no_window_events
HOMEUSDT,2025-06-12,1,2025-06-10T12:00:00.005000+00:00,20229.24900005787,0,,0,,,,,perp_exists_no_window_events
RESOLVUSDT,2025-06-11,1,2025-06-10T12:00:00.005000+00:00,20229.25000005787,0,,0,,,,,perp_exists_no_window_events
SAHARAUSDT,2025-06-26,1,2025-06-26T12:00:00.005000+00:00,20245.23500005787,0,,0,,,,,perp_exists_no_window_events
SPKUSDT,2025-06-17,1,2025-06-17T12:00:00.001000+00:00,20236.244000011575,0,,0,,,,,perp_exists_no_window_events
A2ZUSDT,2025-07-30,1,2025-07-30T08:00:00+00:00,20279.034333333333,0,,0,,,,,perp_exists_no_window_events
LAUSDT,2025-07-09,1,2025-06-05T08:00:00+00:00,20224.055333333334,0,,0,,,,,perp_exists_no_window_events
ERAUSDT,2025-07-17,1,2025-07-17T12:00:00+00:00,20266.214,0,,0,,,,,perp_exists_no_window_events
TREEUSDT,2025-07-29,1,2025-07-29T12:00:00.001000+00:00,20278.202000011574,0,,0,,,,,perp_exists_no_window_events
CUSDT,2025-07-18,1,2025-07-15T12:00:00+00:00,20264.213,0,,0,,,,,perp_exists_no_window_events
TOWNSUSDT,2025-08-05,1,2025-08-05T16:00:00+00:00,20285.361666666668,0,,0,,,,,perp_exists_no_window_events
PROVEUSDT,2025-08-05,1,2025-08-05T16:00:00+00:00,20285.361666666668,0,,0,,,,,perp_exists_no_window_events
PLUMEUSDT,2025-08-18,1,2025-03-21T16:00:00+00:00,20148.348666666665,0,,0,,,,,perp_exists_no_window_events
DOLOUSDT,2025-08-27,1,2025-04-30T16:00:00.003000+00:00,20188.339666701388,0,,0,,,,,perp_exists_no_window_events
MITOUSDT,2025-08-29,1,2025-08-28T12:00:00+00:00,20308.171,0,,0,,,,,perp_exists_no_window_events
BFUSDUSDT,2025-08-13,0,,,0,,0,,,,,empty_history
XPLUSDT,2025-09-25,1,2025-08-22T12:00:00.001000+00:00,20302.144000011573,0,,0,,,,,perp_exists_no_window_events
USDEUSDT,2025-09-09,0,,,0,,0,,,,,empty_history
WLFIUSDT,2025-09-01,1,2025-08-23T12:00:00+00:00,20303.168,0,,0,,,,,perp_exists_no_window_events
ZKCUSDT,2025-09-15,1,2025-09-15T08:00:00.002000+00:00,20325.987333356483,0,,0,,,,,perp_exists_no_window_events
OPENUSDT,2025-09-08,1,2025-09-04T16:00:00+00:00,20315.327666666668,0,,0,,,,,perp_exists_no_window_events
PUMPUSDT,2025-09-11,1,2025-04-12T16:00:00+00:00,20170.324666666667,0,,0,,,,,perp_exists_no_window_events
BARDUSDT,2025-09-18,1,2025-09-18T08:00:00.002000+00:00,20328.984333356482,0,,0,,,,,perp_exists_no_window_events
AVNTUSDT,2025-09-15,1,2025-09-09T16:00:00+00:00,20320.320666666667,0,,0,,,,,perp_exists_no_window_events
MIRAUSDT,2025-09-26,1,2025-09-26T12:00:00+00:00,20337.143,0,,0,,,,,perp_exists_no_window_events
HEMIUSDT,2025-09-23,1,2025-08-28T20:00:00.003000+00:00,20308.479333368057,0,,0,,,,,perp_exists_no_window_events
HOLOUSDT,2025-09-11,1,2025-09-11T08:00:00+00:00,20321.99133333333,0,,0,,,,,perp_exists_no_window_events
FFUSDT,2025-09-29,1,2025-09-29T12:00:00+00:00,20340.14,0,,0,,,,,perp_exists_no_window_events
LINEAUSDT,2025-09-10,1,2025-09-01T12:00:00.014000+00:00,20312.159000162035,0,,0,,,,,perp_exists_no_window_events
EDENUSDT,2025-09-30,1,2025-09-30T08:00:00.005000+00:00,20340.972333391204,0,,0,,,,,perp_exists_no_window_events
SKYUSDT,2025-09-17,1,2025-09-09T08:00:00+00:00,20319.985333333334,0,,0,,,,,perp_exists_no_window_events
SOMIUSDT,2025-09-02,1,2025-08-25T12:00:00+00:00,20305.167,0,,0,,,,,perp_exists_no_window_events
0GUSDT,2025-09-22,1,2025-09-17T16:00:00.003000+00:00,20328.31366670139,0,,0,,,,,perp_exists_no_window_events
MORPHOUSDT,2025-10-03,1,2024-11-27T16:00:00.001000+00:00,20034.302666678243,0,,0,,,,,perp_exists_no_window_events
WALUSDT,2025-10-10,1,2025-03-27T16:00:00.002000+00:00,20154.295666689814,0,,0,,,,,perp_exists_no_window_events
ASTERUSDT,2025-10-06,1,2025-09-19T12:00:00+00:00,20330.133,0,,0,,,,,perp_exists_no_window_events
NOMUSDT,2025-10-01,1,2025-10-01T08:00:00+00:00,20341.971333333335,0,,0,,,,,perp_exists_no_window_events
FUSDT,2025-10-25,1,2025-06-18T12:00:00.003000+00:00,20237.114000034722,0,,0,,,,,perp_exists_no_window_events
TURTLEUSDT,2025-10-22,1,2025-10-22T12:00:00+00:00,20363.117,0,,0,,,,,perp_exists_no_window_events
ENSOUSDT,2025-10-14,1,2025-10-14T08:00:00+00:00,20354.958333333332,0,,0,,,,,perp_exists_no_window_events
2ZUSDT,2025-10-02,1,2025-10-02T12:00:00+00:00,20343.137,0,,0,,,,,perp_exists_no_window_events
EULUSDT,2025-10-13,1,2025-10-13T12:00:00.001000+00:00,20354.126000011573,0,,0,,,,,perp_exists_no_window_events
GIGGLEUSDT,2025-10-25,1,2025-10-09T12:00:00.002000+00:00,20350.11400002315,0,,0,,,,,perp_exists_no_window_events
ZBTUSDT,2025-10-17,1,2025-10-17T12:00:00+00:00,20358.122,0,,0,,,,,perp_exists_no_window_events
YBUSDT,2025-10-15,1,2025-10-10T16:00:00.014000+00:00,20351.290666828703,0,,0,,,,,perp_exists_no_window_events
BANKUSDT,2025-11-13,1,2025-04-18T20:00:00+00:00,20176.428333333333,0,,0,,,,,perp_exists_no_window_events
KITEUSDT,2025-11-03,1,2025-10-29T12:00:00.011000+00:00,20370.105000127314,0,,0,,,,,perp_exists_no_window_events
ATUSDT,2025-11-27,1,2025-10-29T12:00:00.011000+00:00,20370.081000127313,0,,0,,,,,perp_exists_no_window_events
SAPIENUSDT,2025-11-06,1,2025-08-20T20:00:00.001000+00:00,20300.435333344907,0,,0,,,,,perp_exists_no_window_events
METUSDT,2025-11-13,1,2025-10-11T12:00:00.003000+00:00,20352.095000034722,0,,0,,,,,perp_exists_no_window_events
ALLOUSDT,2025-11-11,1,2025-11-11T12:00:00.002000+00:00,20383.097000023146,0,,0,,,,,perp_exists_no_window_events
MMTUSDT,2025-11-04,1,2025-11-04T12:00:00+00:00,20376.104,0,,0,,,,,perp_exists_no_window_events
KGSTUSDT,2025-12-24,0,,,0,,0,,,,,empty_history
BREVUSDT,2026-01-06,1,2025-12-30T12:00:00+00:00,20432.041,0,,0,,,,,perp_exists_no_window_events
FRAXUSDT,2026-01-15,1,2026-01-15T08:00:00.004000+00:00,20447.86533337963,0,,0,,,,,perp_exists_no_window_events
FOGOUSDT,2026-01-15,1,2026-01-10T16:00:00.001000+00:00,20443.19866667824,0,,0,,,,,perp_exists_no_window_events
ZKPUSDT,2026-01-07,1,2025-12-21T12:00:00+00:00,20423.04,0,,0,,,,,perp_exists_no_window_events
币安人生USDT,2026-01-07,0,,,0,,0,,,,,fetch_failed
UUSDT,2026-01-13,0,,,0,,0,,,,,empty_history
SENTUSDT,2026-01-22,1,2025-11-14T16:00:00.001000+00:00,20386.19166667824,0,,0,,,,,perp_exists_no_window_events
RLUSDUSDT,2026-01-22,0,,,0,,0,,,,,empty_history
ESPUSDT,2026-02-12,1,2026-02-10T12:00:00+00:00,20474.004,0,,0,,,,,perp_exists_no_window_events
ZAMAUSDT,2026-02-02,1,2026-01-09T12:00:00+00:00,20442.014,0,,0,,,,,perp_exists_no_window_events
CFGUSDT,2026-03-16,1,2026-03-16T16:00:00+00:00,20508.138666666666,0,,0,,,,,perp_exists_no_window_events
NIGHTUSDT,2026-03-11,1,2025-12-10T12:00:00+00:00,20411.977,0,,0,,,,,perp_exists_no_window_events
OPNUSDT,2026-03-05,1,2026-02-21T16:00:00.005000+00:00,20485.149666724537,0,,0,,,,,perp_exists_no_window_events
ROBOUSDT,2026-03-04,1,2026-02-27T12:00:00+00:00,20490.984,0,,0,,,,,perp_exists_no_window_events
MANTRAUSDT,2026-03-04,1,2026-03-04T08:00:00.005000+00:00,20495.817333391205,0,,0,,,,,perp_exists_no_window_events
XAUTUSDT,2026-03-26,1,2026-03-26T16:00:00+00:00,20518.128666666667,0,,0,,,,,perp_exists_no_window_events
KATUSDT,2026-03-18,1,2026-03-02T08:00:00.007000+00:00,20493.80333341435,0,,0,,,,,perp_exists_no_window_events
MEGAUSDT,2026-04-30,1,2026-01-30T12:00:00.005000+00:00,20462.92700005787,0,,0,,,,,perp_exists_no_window_events
CHIPUSDT,2026-04-21,1,2026-04-16T08:00:00+00:00,20538.769333333334,0,,0,,,,,perp_exists_no_window_events
AIGENSYNUSDT,2026-05-14,1,2026-04-29T16:00:00.003000+00:00,20552.07966670139,0,,0,,,,,perp_exists_no_window_events
OPGUSDT,2026-05-22,1,2026-04-22T16:00:00+00:00,20545.071666666667,0,,0,,,,,perp_exists_no_window_events
GENIUSUSDT,2026-05-22,1,2026-04-16T04:00:00.008000+00:00,20538.57166675926,0,,0,,,,,perp_exists_no_window_events
SPCXBUSDT,2026-06-12,0,,,0,,0,,,,,empty_history
MUBUSDT,2026-06-11,0,,,0,,0,,,,,empty_history
TSLABUSDT,2026-06-11,0,,,0,,0,,,,,empty_history
MSFTBUSDT,2026-06-30,0,,,0,,0,,,,,empty_history
MSTRBUSDT,2026-06-23,0,,,0,,0,,,,,empty_history
INTCBUSDT,2026-06-23,0,,,0,,0,,,,,empty_history
SNDKBUSDT,2026-06-11,0,,,0,,0,,,,,empty_history
QQQBUSDT,2026-06-30,0,,,0,,0,,,,,empty_history
NVDABUSDT,2026-06-11,0,,,0,,0,,,,,empty_history
LITEBUSDT,2026-06-30,0,,,0,,0,,,,,empty_history
CRCLBUSDT,2026-06-11,0,,,0,,0,,,,,empty_history
AMDBUSDT,2026-06-23,0,,,0,,0,,,,,empty_history
EWYBUSDT,2026-06-23,0,,,0,,0,,,,,empty_history
REUSDT,2026-06-18,1,2026-06-18T16:00:00.001000+00:00,20602.04466667824,0,,0,,,,,perp_exists_no_window_events
METABUSDT,2026-06-30,0,,,0,,0,,,,,empty_history
PLTRBUSDT,2026-06-30,0,,,0,,0,,,,,empty_history
GRAMUSDT,2026-07-02,1,2026-07-02T08:00:00+00:00,20615.697333333334,0,,0,,,,,perp_exists_no_window_events
DRAMBUSDT,2026-07-07,0,,,0,,0,,,,,empty_history
TQQQBUSDT,2026-07-22,0,,,0,,0,,,,,empty_history
AAPLBUSDT,2026-07-29,0,,,0,,0,,,,,empty_history
AAOIBUSDT,2026-07-15,0,,,0,,0,,,,,empty_history
TSMBUSDT,2026-07-15,0,,,0,,0,,,,,empty_history
GLWBUSDT,2026-07-07,0,,,0,,0,,,,,empty_history
GOOGLBUSDT,2026-07-07,0,,,0,,0,,,,,empty_history
AEROUSDT,2026-07-17,1,2024-12-04T16:00:00+00:00,20041.015666666666,0,,0,,,,,perp_exists_no_window_events
SPYBUSDT,2026-07-07,0,,,0,,0,,,,,empty_history
AVGOBUSDT,2026-07-15,0,,,0,,0,,,,,empty_history
AMZNBUSDT,2026-07-29,0,,,0,,0,,,,,empty_history
PYPLBUSDT,2026-07-29,0,,,0,,0,,,,,empty_history
BEBUSDT,2026-07-29,0,,,0,,0,,,,,empty_history
ORCLBUSDT,2026-07-22,0,,,0,,0,,,,,empty_history
NOKBUSDT,2026-07-15,0,,,0,,0,,,,,empty_history
CBRSBUSDT,2026-07-07,0,,,0,,0,,,,,empty_history
QCOMBUSDT,2026-07-07,0,,,0,,0,,,,,empty_history
COINBUSDT,2026-07-07,0,,,0,,0,,,,,empty_history
WDCBUSDT,2026-07-07,0,,,0,,0,,,,,empty_history
DELLBUSDT,2026-07-29,0,,,0,,0,,,,,empty_history
MRVLBUSDT,2026-07-15,0,,,0,,0,,,,,empty_history
NBISBUSDT,2026-07-07,0,,,0,,0,,,,,empty_history
MVLLBUSDT,2026-07-22,0,,,0,,0,,,,,empty_history
MUUBUSDT,2026-07-22,0,,,0,,0,,,,,empty_history
CRWVBUSDT,2026-07-22,0,,,0,,0,,,,,empty_history
AMATBUSDT,2026-07-29,0,,,0,,0,,,,,empty_history
QNTBUSDT,2026-07-22,0,,,0,,0,,,,,empty_history
BABABUSDT,2026-07-15,0,,,0,,0,,,,,empty_history
ARMBUSDT,2026-07-15,0,,,0,,0,,,,,empty_history
SOXSBUSDT,2026-07-29,0,,,0,,0,,,,,empty_history
SOXLBUSDT,2026-07-07,0,,,0,,0,,,,,empty_history
GSBUSDT,2026-07-29,0,,,0,,0,,,,,empty_history
SNXXBUSDT,2026-07-22,0,,,0,,0,,,,,empty_history
SMHBUSDT,2026-07-29,0,,,0,,0,,,,,empty_history
RKLBBUSDT,2026-07-15,0,,,0,,0,,,,,empty_history
SKHYBUSDT,2026-07-13,0,,,0,,0,,,,,empty_history
IBMBUSDT,2026-07-15,0,,,0,,0,,,,,empty_history
INTWBUSDT,2026-07-22,0,,,0,,0,,,,,empty_history
FLNCBUSDT,2026-07-29,0,,,0,,0,,,,,empty_history
KORUBUSDT,2026-07-22,0,,,0,,0,,,,,empty_history
AXTIBUSDT,2026-07-22,0,,,0,,0,,,,,empty_history
HOODBUSDT,2026-07-15,0,,,0,,0,,,,,empty_history
