symbol,listing_open_ts_utc,listing_hour_utc,ret_first_hour,ret_after_first_hour,ret_day0_full,time_to_peak_min,hour1_volume_share,n_bars
TWTUSDT,2021-01-27T08:00:00,8,0.7008244994110717,0.49238227146814406,1.5382803297997643,0.0,0.1497882422609465,960
FIROUSDT,2021-01-29T02:00:00,2,0.13472784525416115,-0.14430128840436074,-0.029014844804318374,0.0,0.4607647622760957,1320
CELOUSDT,2021-01-05T08:30:00,8,0.8005667506297229,-0.0989053264785088,0.6224811083123423,1.0,0.3080475797858214,930
CKBUSDT,2021-01-26T12:00:00,12,0.20729303547963207,-0.21346938775510205,-0.050427069645203715,0.0,0.4335850369405202,720
TRUUSDT,2021-01-19T07:00:00,7,0.3832116788321167,-0.19349164467897972,0.11557177615571779,0.0,0.39799505095736404,1020
BTCSTUSDT,2021-01-13T06:00:00,6,7.347250000000001,-0.06031926682440336,6.84375,0.0,0.34705020649038065,1080
RIFUSDT,2021-01-07T13:00:00,13,0.20609504132231415,-0.1413276231263383,0.03564049586776874,0.0,0.5538632728104566,660
DODOUSDT,2021-02-19T10:00:00,10,1.38558106169297,-0.0640505187189897,1.2327833572453373,0.0,0.4184161689129771,840
CAKEUSDT,2021-02-19T06:00:00,6,0.7799999999999998,0.11383022530737108,0.9826178010471205,0.0,0.10170005176822768,1080
SFPUSDT,2021-02-08T13:00:00,13,13.91,-0.13480885311871227,11.9,0.0,0.35747450363374467,660
LITUSDT,2021-02-04T06:00:00,6,18.9172,-0.3853553712369209,11.242,0.0,0.45275925723191013,1080
ACMUSDT,2021-02-24T11:00:00,11,2.757230769230769,-0.2702481369257228,1.7418461538461538,55.0,0.5747392260598685,780
PERPUSDT,2021-03-19T08:00:00,8,0.11044776119402977,-0.07709293394777272,0.024840085287846314,0.0,0.5437871292524733,960
SUPERUSDT,2021-03-25T10:00:00,10,-0.1601476014760148,0.19859402460456965,0.006642066420664339,0.0,0.3673058027832125,840
RAMPUSDT,2021-03-22T09:00:00,9,0.05852941176470572,-0.18352320088913587,-0.13573529411764718,0.0,0.5952581915125947,900
DEGOUSDT,2021-03-10T11:00:00,11,0.5035862068965518,-0.02311714521603525,0.46882758620689646,0.0,0.5959326101045004,780
OMUSDT,2021-03-08T09:00:00,9,0.3914123491838184,0.10558530986993109,0.5383250532292405,1.0,0.2609184701697607,900
ALICEUSDT,2021-03-15T06:00:00,6,184.925,0.11551969880328095,206.403,0.0,0.13284720856810886,1080
BADGERUSDT,2021-03-02T08:00:00,8,0.10835907335907335,-0.07102920941250235,0.029633204633204624,0.0,0.48000121628430953,960
LINAUSDT,2021-03-18T12:00:00,12,2.2176470588235295,-0.2489945155393054,1.4164705882352941,0.0,0.5468815755742747,720
FISUSDT,2021-03-03T08:00:00,8,0.08201137384016755,-0.0954356846473029,-0.02125112241843763,0.0,0.46367838665502,960
CFXUSDT,2021-03-29T11:00:00,11,0.06206361520558579,0.007304601899196461,0.06982156710628407,0.0,0.5373263695029908,780
PONDUSDT,2021-03-09T08:00:00,8,0.013767209011264159,0.01975308641975304,0.03379224030037564,0.0,0.4461439572644756,960
TLMUSDT,2021-04-13T06:00:00,6,7.698,-0.16429064152678774,6.268999999999999,0.0,0.3624291062858677,1080
MIRUSDT,2021-04-19T11:00:00,11,0.23878326996197718,-0.00040924902803352037,0.2382762991128009,0.0,0.368480839007162,780
BURGERUSDT,2021-04-30T12:00:00,12,0.49297423887587843,-0.21019607843137256,0.17915690866510547,0.0,0.2601649536526388,720
TKOUSDT,2021-04-07T13:00:00,13,28.86,-0.00010046885465508915,28.857,0.0,0.4668321099708875,660
BAKEUSDT,2021-04-30T12:00:00,12,0.067111296373489,-0.11541940789473681,-0.056054057611724106,0.0,0.18052899784056706,720
EPSUSDT,2021-04-02T09:00:00,9,1.0859617947578855,-0.26195293365988714,0.539537983118614,0.0,0.4052795702732234,900
FORTHUSDT,2021-04-23T09:00:00,9,-0.019938045620951805,0.2971955634733636,0.2713320191495354,487.0,0.08793396865449538,900
PUNDIXUSDT,2021-04-09T04:00:00,4,-0.13015647226173543,-0.09582992641046606,-0.21351351351351355,0.0,0.34383921370162246,1200
SLPUSDT,2021-04-30T12:00:00,12,0.5984042553191489,0.2013311148086523,0.9202127659574468,168.0,0.03250246940110019,720
AUTOUSDT,2021-04-02T09:00:00,9,0.004901707755776252,-0.09219018869117357,-0.08774037029831139,0.0,0.5728461845212762,900
BARUSDT,2021-04-21T11:00:00,11,0.3654359780047134,-0.10083227860238564,0.22775595705682128,0.0,0.37674376948434135,780
BTGUSDT,2021-04-16T07:00:00,7,-0.06170464135021092,0.032341619599237426,-0.03135864978902947,0.0,0.2983241830900326,1020
MDXUSDT,2021-05-24T09:00:00,9,0.2241926451372036,0.04040866117718811,0.2736606309501586,0.0,0.5479167162417702,900
LPTUSDT,2021-05-28T05:00:00,5,-0.14418754014129742,0.01801125703564721,-0.12877328195247273,0.0,0.4152704097841102,1140
SHIBUSDT,2021-05-10T11:00:00,11,1.1041076487252122,0.16661056883204295,1.4546742209631724,0.0,0.16438738175102907,780
ICPUSDT,2021-05-11T01:00:00,1,0.5444480102695763,-0.05451948051948052,0.46024550706033374,0.0,0.1645587678866766,1380
MASKUSDT,2021-05-25T06:00:00,6,0.16038433111603845,-0.1493630573248408,-0.012934220251293427,0.0,0.5133838260843134,1080
POLSUSDT,2021-05-19T07:00:00,7,-0.11466749533871967,-0.2376272376272376,-0.3250466128029832,0.0,0.42197578810224967,1020
ARUSDT,2021-05-14T12:00:00,12,0.32233259749816057,-0.18722350518905995,0.07476085356880069,0.0,0.6604082637566742,720
TORNUSDT,2021-06-11T06:00:00,6,0.06287383502573363,-0.19513152728700434,-0.14452635971623318,126.0,0.27603439851928707,1080
GTCUSDT,2021-06-10T10:00:00,10,0.2815126050420167,0.08688524590163937,0.3928571428571428,0.0,0.23465331768636882,840
XVGUSDT,2021-06-06T10:00:00,10,0.32759266192437275,-0.06542583192329376,0.24073380756271057,0.0,0.4561900501278138,840
ERNUSDT,2021-06-22T06:00:00,6,0.06094356150669511,-0.2508846426043878,-0.20523088474533846,0.0,0.40009059317048484,1080
PHAUSDT,2021-06-25T10:00:00,10,0.13050492014841097,-0.07819634703196343,0.04210356509114366,0.0,0.4953693061963254,840
NUUSDT,2021-06-04T05:30:00,5,0.15606104232651896,0.13225404732254042,0.3089547941261157,0.0,0.02429872233785267,1110
KLAYUSDT,2021-06-24T08:00:00,8,0.13717405839090713,-0.004703576678098842,0.13182527301092062,0.0,0.33073233512360295,960
ATAUSDT,2021-06-07T06:00:00,6,35.79995167914955,-0.007261267767455615,35.53273737617781,0.0,0.21487809420474743,1080
KEEPUSDT,2021-06-17T06:00:00,6,0.17545488303007795,-0.009635128731637965,0.16412922391385076,0.0,0.2313437019505888,1080
QNTUSDT,2021-07-29T06:00:00,6,0.15039840637450186,0.1610389610389611,0.3356573705179282,2.0,0.11831426360175554,1080
BONDUSDT,2021-07-05T06:00:00,6,-0.031750266808964756,-0.05538715899696878,-0.08537886872998923,8.0,0.5550771128881067,1080
FLOWUSDT,2021-07-30T13:00:00,13,0.29273620972146386,0.009716941275876412,0.30529765155652644,1.0,0.5902194584153485,660
DEXEUSDT,2021-07-23T10:00:00,10,1.2185530627678345,-0.18588796727644585,0.8061507436349886,0.0,0.38764661647089454,840
CLVUSDT,2021-07-29T06:00:00,6,0.3291976840363937,-0.20224019912881142,0.06038047973531846,10.0,0.3615701399197381,1080
MLNUSDT,2021-07-05T06:00:00,6,0.125888447175039,0.08602610742563677,0.2227442476810022,5.0,0.17075914864054764,1080
C98USDT,2021-07-23T12:00:00,12,11.925341466648986,-0.2353442084744024,8.883437209919109,0.0,0.5175583375858138,720
QUICKUSDT,2021-08-13T12:00:00,12,0.21102929656901148,-0.0064683053040103244,0.20319598934670235,0.0,0.4936347442781756,720
WAXPUSDT,2021-08-23T06:30:00,6,1.1749460043196542,-0.020357497517378365,1.1306695464362853,1.0,0.3926129933923731,1050
TVKUSDT,2021-08-06T10:00:00,10,0.6906151773686573,-0.11367861885790176,0.4984283789851818,0.0,0.4304969885485836,840
FORUSDT,2021-08-20T10:00:00,10,0.8627319846179566,-0.13382999730724343,0.6134425681324194,0.0,0.42047804017491436,840
GHSTUSDT,2021-08-20T10:00:00,10,0.09889001009081744,-0.012855831037649201,0.0847628657921291,0.0,0.5892169929832544,840
TRIBEUSDT,2021-08-24T06:00:00,6,0.2569627675168573,0.010845481049562622,0.27059513339196717,0.0,0.4200802490636985,1080
GNOUSDT,2021-08-30T06:00:00,6,0.2438114615123772,-0.1575790621592149,0.047812817904374416,0.0,0.49417135185907546,1080
ALPACAUSDT,2021-08-11T08:00:00,8,0.3733222349391323,-0.05235245094325336,0.30142545000520227,0.0,0.4510602978023758,960
RAYUSDT,2021-08-10T06:00:00,6,0.11600207146556185,-0.025290023201856138,0.08777835318487814,0.0,0.4386676310128318,1080
REQUSDT,2021-08-20T10:00:00,10,0.4880514705882353,-0.11426806670784428,0.31801470588235303,0.0,0.43674108703159614,840
MINAUSDT,2021-08-10T06:00:00,6,0.21241434905280143,0.0761303191489362,0.3047158403869408,0.0,0.26784781241486894,1080
MBOXUSDT,2021-08-19T08:00:00,8,0.6541391569324531,0.43506294135707724,1.373793803961402,167.0,0.10201307381265634,960
FARMUSDT,2021-08-11T08:00:00,8,0.9984709480122327,-0.2583524611068605,0.48216106014271176,3.0,0.38181748099546886,960
USDPUSDT,2021-09-10T04:00:00,4,-9.999999999998899e-05,0.00010001000100001711,0.0,0.0,0.1634357046453453,1200
VIDTUSDT,2021-09-09T08:00:00,8,0.01148352161329469,-0.14251430681188837,-0.13266735132107166,0.0,0.18842960004026932,960
ILVUSDT,2021-09-22T06:00:00,6,0.325934861278649,-0.006368267831149965,0.317490952955368,0.0,0.35438126227715544,1080
POLYUSDT,2021-09-09T08:00:00,8,0.041061800082953015,-0.01553784860557772,0.0248859394442138,26.0,0.3627082681096712,960
SYSUSDT,2021-09-24T10:00:00,10,0.04785190359762481,0.04300000000000015,0.09290953545232283,0.0,0.23044600076085714,840
IDEXUSDT,2021-09-09T08:00:00,8,0.1770598167365447,-0.19628005931274584,-0.05397355390715408,0.0,0.24784066210596223,960
DFUSDT,2021-09-24T10:00:00,10,0.14329268292682928,0.2342222222222221,0.4110772357723578,798.0,0.08046450192563093,840
YGGUSDT,2021-09-24T06:00:00,6,0.23464876371377108,-0.0651193633952254,0.15424922220402815,0.0,0.26492051029255936,1080
DYDXUSDT,2021-09-09T02:00:00,2,3.7586666666666666,-0.09141216026898291,3.323666666666667,600.0,0.15393269694150227,1320
GALAUSDT,2021-09-13T06:00:00,6,2.127436994769377,-0.2821955298768435,1.2448882548739895,4.0,0.264160537195454,1080
ELFUSDT,2021-09-08T08:00:00,8,0.0550095724313977,-0.012823614807645822,0.04148053605615831,214.0,0.5085088077636939,960
FIDAUSDT,2021-09-30T12:00:00,12,0.12838196286472137,-0.0542234759442094,0.06719717064544639,0.0,0.6924410953752085,720
XECUSDT,2021-09-03T10:00:00,10,0.1072252950655459,0.26664831058490357,0.40246504943164507,578.0,0.03426649234839158,840
RADUSDT,2021-10-07T07:00:00,7,1.3451190598907328,-0.20958241758241758,0.8536233378002267,17.0,0.36949262360724755,1020
LAZIOUSDT,2021-10-21T12:00:00,12,19.8153,0.11696684650233236,22.25,0.0,0.3777294297248886,720
CVPUSDT,2021-10-04T10:00:00,10,0.16480793060718724,-0.12695035460992898,0.01693515076414731,0.0,0.31697099739311885,840
RAREUSDT,2021-10-11T06:00:00,6,1.2045914922349765,-0.21623277182235834,0.7278865631330182,0.0,0.3926084098328917,1080
BETAUSDT,2021-10-08T12:00:00,12,48.060656557240456,0.09709829389327229,52.82436260623229,133.0,0.2416245717920387,720
ADXUSDT,2021-10-29T10:00:00,10,0.7713163799551233,0.2280164678560117,1.1752056843679877,81.0,0.11505925323130332,840
AGLDUSDT,2021-10-05T07:00:00,7,0.2829549305320229,0.24933967247754896,0.6028464927143342,573.0,0.13774154605974262,1020
CHESSUSDT,2021-10-22T06:00:00,6,1.0848952590959207,-0.18614489687995772,0.6968026460859977,0.0,0.2772453651271042,1080
AUCTIONUSDT,2021-10-29T10:00:00,10,0.12250794568043921,-0.0157014157014157,0.1048829817971686,16.0,0.3845014381546484,840
FRONTUSDT,2021-10-04T10:00:00,10,0.08304741110417968,-0.054503563971488256,0.024017467248908186,0.0,0.4284011306638658,840
KP3RUSDT,2021-11-12T10:00:00,10,-0.004336017534664283,0.42665581929555896,0.4204698146471626,831.0,0.057780991107679154,840
ENSUSDT,2021-11-10T07:00:00,7,0.3206596426935411,0.28026361429066937,0.690792487402657,0.0,0.13696233735483088,1020
RNDRUSDT,2021-11-27T10:00:00,10,0.06131147540983606,0.15384615384615374,0.22459016393442632,177.0,0.30418832631739173,840
MOVRUSDT,2021-11-08T06:00:00,6,0.061108234075608614,-0.03831137140068319,0.02045572242361482,0.0,0.29214885095427784,1080
RGTUSDT,2021-11-05T06:00:00,6,0.005654829224157387,-0.09491677912730545,-0.08979868807961999,0.0,0.5928770294481807,1080
PLAUSDT,2021-11-23T06:00:00,6,0.09795081967213104,0.022396416573348343,0.12254098360655741,0.0,0.44749163097523514,1080
PYRUSDT,2021-11-26T08:00:00,8,0.07272128989799276,0.1042944785276072,0.1846001974333662,622.0,0.14246114975450405,960
QIUSDT,2021-11-15T08:00:00,8,0.29729729729729737,-0.06072695035460984,0.2185163887291548,0.0,0.33674944645351235,960
JASMYUSDT,2021-11-22T12:00:00,12,0.7436250861474845,-0.06482213438735174,0.6305995864920744,1.0,0.37000842681774954,720
BNXUSDT,2021-11-04T11:00:00,11,0.28623518687329064,-0.06874557051736352,0.19781221513217861,0.0,0.636726856232913,780
VGXUSDT,2021-11-22T07:00:00,7,0.2525786828881247,0.09353885135135154,0.36974345411266873,0.0,0.20267605850647835,1020
CITYUSDT,2021-11-10T08:00:00,8,0.2541551246537397,-0.09663169519602433,0.13296398891966765,0.0,0.46150395267637656,960
ALCXUSDT,2021-11-30T06:00:00,6,0.02849673202614378,-0.024656837824097555,0.0031372549019608176,0.0,0.4602236326721718,1080
POWRUSDT,2021-11-17T06:00:00,6,0.33193197018918386,0.02281205164992839,0.3623160710873303,868.0,0.062454657829930545,1080
PORTOUSDT,2021-11-16T12:00:00,12,10.3465,-0.2682324946018596,7.303000000000001,0.0,0.5988754935970062,720
AMPUSDT,2021-11-23T06:00:00,6,0.3668341708542713,0.03764705882352937,0.418291457286432,351.0,0.13716129612803032,1080
DARUSDT,2021-11-04T08:00:00,8,149.52173913043478,-0.045560369728480765,142.66391304347826,0.0,0.2816924720222701,960
FLUXUSDT,2021-12-10T06:00:00,6,1.931967213114754,-0.48951635448700026,0.4967213114754099,0.0,0.20272243197847845,1080
VOXELUSDT,2021-12-14T12:00:00,12,12.583499999999999,0.0435454779695954,13.174999999999999,0.0,0.305781650941779,720
BICOUSDT,2021-12-09T06:00:00,6,0.153613922926656,-0.06619458128078826,0.0772509323388384,0.0,0.33625529338461785,1080
HIGHUSDT,2021-12-17T07:00:00,7,0.10983606557377046,-0.28028064992614476,-0.20122950819672136,0.0,0.3543578710942791,1020
USTUSDT,2021-12-24T08:00:00,8,0.0009999999999998899,0.0008991008991010574,0.0019000000000000128,0.0,0.3102581690364448,960
PEOPLEUSDT,2021-12-23T06:00:00,6,0.19202898550724634,0.021884498480243098,0.21811594202898532,0.0,0.28605747287507693,1080
MCUSDT,2021-12-02T08:00:00,8,0.01930501930501949,-0.11647727272727271,-0.09942084942084939,0.0,0.3535068870669883,960
ANYUSDT,2021-12-04T06:00:00,6,0.12183754993342233,0.144213649851632,0.28362183754993353,0.0,0.2035437202232731,1080
JOEUSDT,2021-12-28T11:00:00,11,0.09819004524886887,-0.02595797280593337,0.06968325791855201,0.0,0.5117199053388645,780
OOKIUSDT,2021-12-24T04:00:00,4,0.22448979591836737,0.6556818181818183,1.027365491651206,2.0,0.07036738860607437,1200
SPELLUSDT,2021-12-24T08:00:00,8,0.04369961815867618,-0.11422764227642279,-0.07551972846839206,0.0,0.49138624540175696,960
CVXUSDT,2021-12-23T14:00:00,14,0.05842638275772516,0.09151128557409227,0.15528434172942096,0.0,0.4421838422169316,600
FXSUSDT,2021-12-10T09:00:00,9,-0.031972408650260964,-0.057486759749638905,-0.08762117822520499,0.0,0.7283346033310222,900
SANTOSUSDT,2021-12-01T11:00:00,11,5.6903999999999995,-0.3776156881501853,3.1639999999999997,17.0,0.527785244982602,780
IMXUSDT,2022-01-10T10:00:00,10,0.025059984004265567,-0.0158647594278285,0.008797653958944274,0.0,0.4178589830992573,840
BTTCUSDT,2022-01-25T04:00:00,4,-0.11794871794871786,0.20930232558139528,0.06666666666666665,0.0,0.19946844248691586,1200
SCRTUSDT,2022-01-21T12:00:00,12,-0.07050930996714133,-0.0795404330534688,-0.14444140197152255,0.0,0.45552902071110685,720
ACAUSDT,2022-01-25T12:00:00,12,-0.01649999999999996,0.022369089984748403,0.00550000000000006,0.0,0.4447610840836928,720
API3USDT,2022-01-21T10:30:00,10,0.2837708830548924,-0.13180888641011335,0.11455847255369922,11.0,0.5119253295069898,810
ANCUSDT,2022-01-25T11:00:00,11,0.021935483870967776,0.022095959595959558,0.04451612903225799,0.0,0.7400726736450234,780
GLMRUSDT,2022-01-11T16:00:00,16,55.69,-0.15335332510142874,46.9964,0.0,0.43563222189382544,480
ACHUSDT,2022-01-10T10:00:00,10,0.20590965346534662,0.04130853110968569,0.2557240099009901,456.0,0.17630502617953642,840
XNOUSDT,2022-01-28T08:00:00,8,0.10206834532374098,-0.06813545491636075,0.026978417266186883,0.0,0.47311708877813574,960
LOKAUSDT,2022-01-20T12:00:00,12,15.658750000000001,-0.10519996998574332,13.906249999999998,0.0,0.488955411616729,720
TUSDT,2022-02-25T04:00:00,4,-0.06506849315068486,0.14468864468864462,0.0702054794520548,0.0,0.16943510565225206,1200
ASTRUSDT,2022-02-28T11:30:00,11,0.053160919540230056,-0.10095497953615284,-0.053160919540229834,0.0,0.4883899207062701,750
ALPINEUSDT,2022-02-21T12:00:00,12,3.9785000000000004,0.09344179973887701,4.4437,0.0,0.137181162552514,720
WOOUSDT,2022-02-08T06:30:00,6,0.17807221898660464,-0.057471264367816244,0.11036691904484575,0.0,0.3896315200200415,1050
BSWUSDT,2022-03-21T13:30:00,13,1.801358234295416,-0.1327272727272727,1.429541595925297,17.0,0.4472725318343647,630
APEUSDT,2022-03-17T14:30:00,14,7.648899999999999,-0.014996126675068444,7.5192,0.0,0.37389455675506666,570
GMTUSDT,2022-03-09T12:00:00,12,14.25,-0.13036065573770494,12.261999999999999,0.0,0.47864715125449214,720
KDAUSDT,2022-03-11T11:30:00,11,0.1653517952020609,-0.09878419452887544,0.050233456770246265,0.0,0.5521282311822686,750
NBTUSDT,2022-03-11T06:00:00,6,0.6120000000000001,-0.1786600496277917,0.32399999999999984,160.0,0.1382538106909855,1080
MOBUSDT,2022-04-29T10:00:00,10,0.6335211267605636,-0.23504052422831534,0.24957746478873255,0.0,0.4667581946876599,840
MULTIUSDT,2022-04-06T04:00:00,4,0.3277566539923955,0.047537227949598915,0.39087452471482886,162.0,0.08341672883306706,1200
NEXOUSDT,2022-04-29T14:00:00,14,0.04318181818181799,0.021350762527233114,0.06545454545454521,0.0,0.6961783351062283,600
STEEMUSDT,2022-04-22T10:00:00,10,-0.04241816967267864,-0.09958144401813751,-0.1377755511022044,9.0,0.43780560580215283,840
BIFIUSDT,2022-04-01T09:00:00,9,-0.02276470588235302,-0.029735749112141052,-0.0518235294117646,492.0,0.45853209579097176,900
EPXUSDT,2022-05-23T04:00:00,4,-0.14068054850177747,-0.021867612293144156,-0.159471813103098,0.0,0.38288401393720173,1200
REIUSDT,2022-05-04T04:00:00,4,-0.14409030544488732,-0.06283941039565544,-0.1978751660026561,0.0,0.3339878435979784,1200
GALUSDT,2022-05-05T12:00:00,12,9.028666666666666,0.15535465000332382,10.586666666666666,0.0,0.38287307796347386,720
LDOUSDT,2022-05-09T11:00:00,11,-0.2149466192170819,-0.0933816863100635,-0.2882562277580071,0.0,0.48066426680475977,780
OPUSDT,2022-06-01T08:00:00,8,0.10972222222222228,-0.22903629536921155,-0.14444444444444438,0.0,0.22950237716798194,960
LEVERUSDT,2022-07-13T04:00:00,4,-0.049168975069252,-0.02039329934450107,-0.06855955678670356,0.0,0.26360138036336195,1200
STGUSDT,2022-08-19T09:00:00,9,0.8638525564803807,0.3443381180223286,1.5056480380499409,890.0,0.18031271205255278,900
LUNCUSDT,2022-09-09T08:00:00,8,-0.02959242804713147,-0.14459174330188296,-0.16990535058914413,0.0,0.05734824752050151,960
APTUSDT,2022-10-19T01:00:00,1,7.4946,-0.13819367598238874,6.3207,0.0,0.2867230035839,1380
POLYXUSDT,2022-10-17T08:00:00,8,0.39299123904881084,-0.0038933812518717748,0.3875677930746768,170.0,0.22593070589426173,960
GMXUSDT,2022-10-05T10:00:00,10,0.3471033977022733,-0.07584830339321358,0.24492789049132258,8.0,0.47488726315961255,840
NEBLUSDT,2022-10-14T08:00:00,8,0.08235294117647052,-0.01534526854219953,0.0657439446366781,0.0,0.3909268598243372,960
OSMOUSDT,2022-10-28T10:00:00,10,0.5769230769230769,0.003658536585365857,0.5826923076923076,0.0,0.45732393509701835,840
PHBUSDT,2022-11-18T09:00:00,9,-0.0034088142196250226,0.005619350109943966,0.0021913805697588717,0.0,0.4627425489231874,900
HFTUSDT,2022-11-07T13:00:00,13,7.856,-0.2241041854862994,5.871333333333333,0.0,0.439814045105377,660
HOOKUSDT,2022-12-01T14:30:00,14,21.264,0.1438196191160619,24.466,0.0,0.5122051771077863,570
MAGICUSDT,2022-12-12T08:00:00,8,1.3522638052865745,-0.14897641299510456,1.0018319811567653,151.0,0.29653101326780484,960
PROSUSDT,2023-01-27T08:00:00,8,-0.1390587941580328,0.02000869943453676,-0.1218324803395332,0.0,0.2989014478275103,960
HIFIUSDT,2023-01-12T08:00:00,8,0.009516558812333376,-0.04166666666666663,-0.03254663113818046,14.0,0.6462573181135682,960
RPLUSDT,2023-01-18T08:00:00,8,0.43998441153546386,-0.1480378890392423,0.2268121590023382,0.0,0.44033553190928115,960
AGIXUSDT,2023-02-17T08:00:00,8,0.07850953206239164,0.0028465829526411746,0.08157959891062161,0.0,0.1869934473197001,960
GNSUSDT,2023-02-17T11:30:00,11,0.7824933687002653,-0.04399181547619058,0.70407824933687,0.0,0.382071368873435,750
LQTYUSDT,2023-02-28T11:00:00,11,1.5419999999999998,-0.14791502753737207,1.166,76.0,0.33381959439006675,780
SYNUSDT,2023-02-22T10:30:00,10,0.6866869918699188,-0.011809363137916473,0.6667682926829268,16.0,0.46339915232014256,810
SSVUSDT,2023-02-24T08:00:00,8,0.06692265496434446,-0.026992287917737667,0.03812397147558966,0.0,0.10101349868266132,960
VIBUSDT,2023-02-24T08:00:00,8,0.17662463627546066,-0.034704476135520634,0.1357904946653734,0.0,0.3477982868031079,960
UFTUSDT,2023-03-17T08:00:00,8,-0.037556658752428196,0.02870598788966139,-0.009928771854090246,0.0,0.20122856866831046,960
USTCUSDT,2023-03-10T08:00:00,8,0.039832798900595545,-0.027223006623479318,0.0115254237288136,0.0,0.2580829113903291,960
QKCUSDT,2023-03-17T08:00:00,8,0.020103092783505083,-0.00336870473302997,0.01666666666666683,0.0,0.2196998578043383,960
BETHUSDT,2023-03-03T08:00:00,8,0.0017290322580645334,-0.007438751062678661,-0.005722580645161179,0.0,0.5061771502256809,960
GLMUSDT,2023-03-17T08:00:00,8,0.005971337579617764,0.028492283339929037,0.034633757961783695,0.0,0.3431993251474866,960
RDNTUSDT,2023-03-30T07:30:00,7,0.38287795992714013,0.025816649104320355,0.41857923497267757,0.0,0.30775235076814306,990
LOOMUSDT,2023-03-24T08:00:00,8,0.06856965560037231,-0.023228803716608404,0.043748060812907275,0.0,0.2632328114465175,880
OAXUSDT,2023-03-24T08:00:00,8,1.3935764833968425,0.01478280645894925,1.4289602612955905,75.0,0.2644590930810007,880
IDUSDT,2023-03-22T12:00:00,12,16.6392,-0.07818948705156703,15.259999999999998,0.0,0.4589642812161763,720
PROMUSDT,2023-03-17T08:00:00,8,-0.10479041916167653,-0.026755852842809347,-0.12874251497005984,0.0,0.12204842899315095,960
ARBUSDT,2023-03-23T15:00:00,15,1.65,-0.0024905660377357863,1.6434000000000002,0.0,0.31242005523415717,540
GASUSDT,2023-03-17T08:00:00,8,0.04166666666666674,0.0023999999999999577,0.04416666666666669,0.0,0.26319670914461474,960
AMBUSDT,2023-03-03T08:00:00,8,-0.03539094650205765,-0.07508532423208181,-0.10781893004115217,0.0,0.4332250372364182,960
EDUUSDT,2023-04-28T12:00:00,12,23.6406,0.11392579726143026,26.447799999999997,98.0,0.25807346783198665,720
WBTCUSDT,2023-04-28T10:00:00,10,0.0010049838231227515,-0.0022074553360125204,-0.0012046899697926161,622.0,0.5186698226041851,840
PEPEUSDT,2023-05-05T18:00:00,18,0.5583756345177662,0.21498371335504896,0.8934010152284262,0.0,0.39239533572034985,360
ASTUSDT,2023-05-19T08:00:00,8,1.0913415794481445,-0.12192902638762504,0.8363463368220743,0.0,0.19107218173216026,960
SNTUSDT,2023-05-19T08:00:00,8,0.026842948717948678,-0.030433086227077633,-0.004407051282051211,0.0,0.24693098369253205,960
FLOKIUSDT,2023-05-05T18:00:00,18,0.31238390092879254,0.12880396319886755,0.48142414860681115,0.0,0.39647216853168854,360
AERGOUSDT,2023-05-05T08:00:00,8,0.07704527402700534,-0.03687315634218291,0.037331215250198335,9.0,0.5679941008599003,960
SUIUSDT,2023-05-03T12:00:00,12,11.828999999999999,0.09252474861641602,13.015999999999998,0.0,0.4686280688877643,720
MAVUSDT,2023-06-28T08:00:00,8,10.439999999999998,-0.08601398601398591,9.456,0.0,0.3944358558873193,960
COMBOUSDT,2023-06-02T08:00:00,8,-0.032369942196531776,0.08124253285543626,0.046242774566473965,601.0,0.21379069479602528,960
FDUSDUSDT,2023-07-26T08:00:00,8,0.0,0.0007999999999999119,0.0007999999999999119,360.0,2.5286623151024006e-06,705
ARKMUSDT,2023-07-18T12:00:00,12,14.149999999999999,-0.13148514851485138,12.158,4.0,0.6174213995059739,720
WBETHUSDT,2023-07-19T06:00:00,6,0.007662755142043176,-0.01113698964109533,-0.003559574523691378,0.0,0.6644341757660011,1080
WLDUSDT,2023-07-24T09:00:00,9,15.080000000000002,-0.10406301824212272,13.406666666666668,0.0,0.3162272827238406,900
PENDLEUSDT,2023-07-03T10:00:00,10,0.2804002052334531,-0.14446002805049085,0.09543355566957423,0.0,0.43772607163465505,840
CYBERUSDT,2023-08-15T12:00:00,12,3.3500000000000005,-0.2517560664112388,2.2548611111111114,0.0,0.42214513796566233,720
SEIUSDT,2023-08-15T12:00:00,12,1.709375,0.03171856978085352,1.7953125,0.0,0.5143914739165986,720
IQUSDT,2023-09-22T08:00:00,8,0.007648183556405286,0.007590132827324236,0.015296367112810572,0.0,0.2727834261411915,960
CREAMUSDT,2023-09-22T08:00:00,8,0.04960835509138373,-0.048922056384742896,-0.0017406440382941035,0.0,0.23206217178343802,960
ARKUSDT,2023-09-22T08:00:00,8,0.27764855149080137,0.013240648791790877,0.2945654472404313,0.0,0.31000999056420137,960
GFTUSDT,2023-09-22T08:00:00,8,-0.026119402985074647,0.07049808429118776,0.04253731343283573,0.0,0.12043978392361954,960
TIAUSDT,2023-10-31T16:00:00,16,-0.2203336809176224,0.015558824840622432,-0.208202989224887,0.0,0.5185624943004209,480
NTRNUSDT,2023-10-10T12:00:00,12,0.4231306778476589,-0.0613798183157378,0.3357791754018167,0.0,0.3982604443327314,720
BEAMXUSDT,2023-11-14T08:00:00,8,0.7191935815675787,-0.11260021538829723,0.5256120139888911,42.0,0.32948248087080356,960
PIVXUSDT,2023-11-16T08:00:00,8,0.32698117592377396,-0.011558669001751176,0.3116430397397165,144.0,0.25553186606357786,960
MEMEUSDT,2023-11-03T08:00:00,8,19.096,0.3041401273885349,25.208,0.0,0.19737884883932266,960
VICUSDT,2023-11-24T08:00:00,8,-0.08682855040470927,0.008058017727638811,-0.07947019867549676,0.0,0.400940978145599,960
BLURUSDT,2023-11-24T09:00:00,9,0.5266781411359724,0.044290545981639395,0.5942955495451192,0.0,0.2134354212291768,900
ORDIUSDT,2023-11-07T12:00:00,12,0.7891617273497036,0.2874585896829154,1.303471634208298,557.0,0.19978610802408395,720
NFPUSDT,2023-12-27T10:00:00,10,55.7655,0.01611894548625492,56.6805,0.0,0.4413936560529309,840
JTOUSDT,2023-12-07T16:30:00,16,11.862,0.24065723319338628,14.957333333333334,0.0,0.3529890939635966,450
ACEUSDT,2023-12-18T06:00:00,6,34.45393447213666,0.09599860986051212,37.857462895547464,372.0,0.23917496663084872,1080
BONKUSDT,2023-12-15T08:00:00,8,0.5189549180327868,-0.19966273187183803,0.21567622950819687,0.0,0.18037119970797397,960
VANRYUSDT,2023-12-01T08:00:00,8,-0.07863089731729889,0.3614457831325302,0.2543940795559667,262.0,0.040077976515147225,960
1000SATSUSDT,2023-12-12T12:00:00,12,1.2068256578947367,0.028134898453512136,1.2689144736842102,11.0,0.40567959761470934,720
AEURUSDT,2023-12-04T10:00:00,10,-0.0006436781609194808,-0.003220463746779645,-0.003862068965517218,10.0,0.47940989813924395,726
ALTUSDT,2024-01-25T10:00:00,10,51.06166666666666,0.03297371706629959,52.778333333333336,302.0,0.47548320467127303,840
AIUSDT,2024-01-04T10:00:00,10,37.239666666666665,0.08084972846694982,40.33133333333333,0.0,0.45830698463698233,840
JUPUSDT,2024-01-31T16:00:00,16,22.03,-0.04226371399623685,21.056666666666665,0.0,0.5233448689613793,480
XAIUSDT,2024-01-09T10:00:00,10,36.955,-0.20827295481491237,29.049999999999997,0.0,0.427668780788632,840
MANTAUSDT,2024-01-18T10:00:00,10,45.09219999999999,-0.058040189012457444,42.417,0.0,0.33773139639510463,840
STRKUSDT,2024-02-20T13:00:00,13,14.035,-0.3465247755237778,8.825,0.0,0.3986336473031716,660
PYTHUSDT,2024-02-02T12:00:00,12,0.33396226415094343,-0.028086482117599565,0.2964959568733154,0.0,0.3599359918357521,720
PORTALUSDT,2024-02-29T10:00:00,10,51.15,-0.0803451581975071,46.96,0.0,0.5732263711361962,840
RONINUSDT,2024-02-05T13:30:00,13,0.23504633529907326,-0.07435197817189632,0.14321819713563588,0.0,0.6113905069341861,630
PIXELUSDT,2024-02-19T10:00:00,10,11.745000000000001,0.07395056885052953,12.6875,402.0,0.2505481649058835,840
DYMUSDT,2024-02-06T17:00:00,17,23.275000000000002,0.014212152420185475,23.62,185.0,0.43782632395895626,420
WIFUSDT,2024-03-05T14:00:00,14,0.19870501177262012,0.08523325149070504,0.30087453750420434,0.0,0.2333043562237676,600
BOMEUSDT,2024-03-16T12:30:00,12,2.244468724392242,-0.12485266879946122,1.8393881453154872,77.0,0.19842821950751968,690
METISUSDT,2024-03-11T12:00:00,12,0.4381431511548137,0.06360311655271111,0.5296135376171967,325.0,0.20598448693701674,720
ETHFIUSDT,2024-03-18T12:00:00,12,14.73913043478261,-0.13812154696132595,12.565217391304348,0.0,0.5318164939197645,720
AEVOUSDT,2024-03-13T10:00:00,10,2.27,-0.006116207951070374,2.25,0.0,0.4597157873436563,840
AXLUSDT,2024-03-01T11:30:00,11,0.8590009112749566,-0.12040998217468812,0.6351586446856101,0.0,0.527897055825144,750
PDAUSDT,2024-03-01T08:00:00,8,0.5159778440562421,-0.11410905002810579,0.3429910524073285,34.0,0.4767249567335602,960
ENAUSDT,2024-04-02T08:00:00,8,1.1,0.23015873015873023,1.5833333333333335,635.0,0.2101352289346616,960
REZUSDT,2024-04-30T12:00:00,12,18.259999999999998,-0.1692627206645898,15.0,0.0,0.5587607097004488,720
TAOUSDT,2024-04-11T12:00:00,12,0.5709413369713505,-0.09769865392965693,0.4174624829467939,0.0,0.5173493866252757,720
WUSDT,2024-04-03T12:00:00,12,25.019999999999996,0.006917755572636519,25.2,0.0,0.2512107360258409,720
SAGAUSDT,2024-04-09T08:00:00,8,141.08499999999998,0.15357004609916602,162.90499999999997,139.0,0.28984238878178425,960
TNSRUSDT,2024-04-08T15:30:00,15,60.67333333333334,-0.10506972219219546,54.193333333333335,0.0,0.4546431384119395,510
OMNIUSDT,2024-04-17T12:00:00,12,32.11,-0.18030806402899424,26.14,0.0,0.5311440371971515,720
NOTUSDT,2024-05-16T12:00:00,12,13.64826700898588,-0.3323109280518798,8.78048780487805,0.0,0.4305525990608391,720
BBUSDT,2024-05-13T10:00:00,10,18.869747899159663,-0.049481920067667495,17.886554621848738,0.0,0.37954986337454805,840
ZKUSDT,2024-06-17T10:00:00,10,1.5326315789473686,-0.11471321695760606,1.2421052631578946,0.0,0.3313461683979051,840
ZROUSDT,2024-06-20T13:00:00,13,2.694,-0.07092582566323768,2.432,0.0,0.5326090391460517,660
LISTAUSDT,2024-06-20T10:00:00,10,32.375,0.0080898876404496,32.645,20.0,0.5063861375070638,840
IOUSDT,2024-06-11T12:00:00,12,59.916666666666664,0.14062927496580024,68.48333333333333,0.0,0.34858170223758433,720
BANANAUSDT,2024-07-20T09:00:00,9,0.7100000000000002,-0.06184210526315792,0.60425,0.0,0.4543871244667373,900
GUSDT,2024-07-19T08:00:00,8,0.40689166863346715,0.07599396074484144,0.5138069388718434,0.0,0.31616735610755764,960
RENDERUSDT,2024-07-26T08:00:00,8,-0.07937411095305824,0.04712608158220011,-0.035988620199146504,0.0,0.14683911811508668,960
DOGSUSDT,2024-08-26T12:00:00,12,1.2370737073707367,0.0009015654454551658,1.239090575724239,0.0,0.4127572357459761,720
TONUSDT,2024-08-08T10:00:00,10,0.4232536764705881,0.003874717468517863,0.4287683823529411,0.0,0.31414925798214677,840
EURIUSDT,2024-08-28T10:00:00,10,-0.0074107142857144925,-0.0008995232526759489,-0.008303571428571521,0.0,0.6507426768049818,840
SLFUSDT,2024-08-30T08:00:00,8,-0.2843181818181818,0.11987932677040325,-0.19852272727272724,0.0,0.26426541923917557,960
CATIUSDT,2024-09-20T11:00:00,11,10.8875,-0.041850683491062024,10.39,0.0,0.30042725813758037,780
1MBABYDOGEUSDT,2024-09-16T10:00:00,10,0.8631663602941175,0.1528026145402972,1.1478630514705883,476.0,0.10738291610070147,840
HMSTRUSDT,2024-09-26T12:00:00,12,7.59,-0.2444703143189756,5.49,1.0,0.35513035392553416,720
TURBOUSDT,2024-09-16T10:00:00,10,0.45273143604841337,0.040756586354424806,0.5119398102715083,0.0,0.18708802143670564,840
POLUSDT,2024-09-13T10:00:00,10,0.08039008961518168,0.0021956574774335547,0.08276225619399047,0.0,0.21725045094502465,840
NEIROUSDT,2024-09-16T10:00:00,10,9.628287363694675,0.08600138809257984,10.542334830019243,0.0,0.14713575689649316,840
KAIAUSDT,2024-10-31T08:00:00,8,0.03984063745019917,0.0927203065134099,0.1362549800796813,147.0,0.13151276285635,960
LUMIAUSDT,2024-10-18T09:00:00,9,0.5660018993352327,-0.10006064281382654,0.40930674264007605,0.0,0.2562190028158145,900
SCRUSDT,2024-10-11T10:00:00,10,1.9749999999999996,-0.050420168067226934,1.8249999999999997,0.0,0.47659971915625277,840
BNSOLUSDT,2024-10-17T08:00:00,8,-0.005802707930367523,-0.018158236057068677,-0.023855577047066312,0.0,0.2999232993061488,960
EIGENUSDT,2024-10-01T05:00:00,5,12.273333333333335,0.007785032646911105,12.376666666666667,0.0,0.20981257696636932,1140
USUALUSDT,2024-11-19T10:00:00,10,27.319999999999997,-0.1943502824858756,21.816,0.0,0.4027502564476424,840
COWUSDT,2024-11-06T12:00:00,12,0.9220883534136548,0.0906811533639782,1.0963855421686746,180.0,0.13423315561058186,720
ACTUSDT,2024-11-11T10:00:00,10,19.428571428571427,0.11563436563436569,21.790816326530614,315.0,0.2109831242346067,840
CETUSUSDT,2024-11-06T12:00:00,12,0.47034120734908136,0.06818993216708313,0.5706036745406826,273.0,0.17106693756849142,720
PNUTUSDT,2024-11-11T10:00:00,10,3.051575931232092,-0.07873644507307886,2.732569245463228,35.0,0.23121701187995236,840
THEUSDT,2024-11-27T10:00:00,10,13.2217598097503,0.27912712679235807,17.191438763376933,425.0,0.11614866851052218,840
PENGUUSDT,2024-12-17T14:00:00,14,11.785481481481483,-0.33605246691849555,7.488888888888889,0.0,0.4615133298048924,600
VELODROMEUSDT,2024-12-13T14:00:00,14,1.0977088948787062,-0.12142627690330865,0.8429919137466308,0.0,0.4259848423315944,600
ORCAUSDT,2024-12-06T13:00:00,13,1.146515311510032,-0.13971221251998522,0.8466209081309399,3.0,0.4579329056213476,660
ACXUSDT,2024-12-06T13:00:00,13,1.2266130442385035,-0.14889272812941734,0.8950865535932859,16.0,0.5016391688820874,660
1000CATUSDT,2024-12-17T09:00:00,9,0.4964267483409903,-0.22087668429131846,0.16590096988259306,0.0,0.36590868660379017,900
VANAUSDT,2024-12-16T11:30:00,11,28.716,0.15765917350922076,33.401,518.0,0.3241350775660321,750
MOVEUSDT,2024-12-09T12:00:00,12,33.03,0.07963561563326471,35.74,0.0,0.25066695076505036,720
MEUSDT,2024-12-10T15:00:00,15,13.493333333333334,0.3042778288868446,17.903333333333336,0.0,0.4250522955640763,540
COOKIEUSDT,2025-01-10T13:00:00,13,0.2260183968462548,0.037692032868881675,0.27222952255803756,0.0,0.3302843788171656,660
ANIMEUSDT,2025-01-23T15:00:00,15,0.5250000000000001,-0.030601092896174853,0.4783333333333335,0.0,0.4143985449256674,540
BIOUSDT,2025-01-03T10:00:00,10,24.953333333333333,0.04597996403801696,26.14666666666667,0.0,0.3294529407407535,840
CGPTUSDT,2025-01-10T13:00:00,13,0.7054955378111789,0.036629027816028836,0.7679661813057774,201.0,0.30812598340500374,660
SOLVUSDT,2025-01-17T10:00:00,10,3.854838709677419,-0.13754152823920263,3.1870967741935488,0.0,0.4105522711816222,840
SUSDT,2025-01-16T08:00:00,8,0.12439233628824709,-0.00584944048830105,0.11781527023162708,0.0,0.2190599917796935,960
AIXBTUSDT,2025-01-10T13:00:00,13,0.3057746120580005,-0.014416520553282575,0.28694988552531164,0.0,0.3345105453427486,660
TRUMPUSDT,2025-01-19T08:30:00,8,1.3288073394495412,-0.2672549637566971,0.7064220183486238,189.0,0.152962756580457,930
DUSDT,2025-01-09T08:00:00,8,-0.1729396047357996,0.01097309641842581,-0.16386419127470409,0.0,0.2737164007972189,960
KAITOUSDT,2025-02-20T13:00:00,13,10.261000000000001,0.46043868217742645,15.445999999999998,511.0,0.20892579400386743,660
LAYERUSDT,2025-02-11T14:00:00,14,4.09,0.03575638506876233,4.271999999999999,2.0,0.5100533257220785,600
1000CHEEMSUSDT,2025-02-09T11:00:00,11,0.22093023255813948,-0.29142857142857137,-0.1348837209302326,0.0,0.4487614352560567,780
REDUSDT,2025-02-28T10:00:00,10,1.0,0.0,1.0,0.0,0.6087694438358409,840
BERAUSDT,2025-02-06T13:00:00,13,11.696,-0.3134057971014492,7.7170000000000005,74.0,0.393083991714932,660
TSTUSDT,2025-02-09T11:00:00,11,1.8776978417266186,-0.43875,0.6151079136690647,24.0,0.2360890764129735,780
HEIUSDT,2025-02-13T08:00:00,8,0.39650067294751024,-0.2393022359290672,0.06231493943472399,0.0,0.32812707852057155,960
SHELLUSDT,2025-02-27T13:00:00,13,0.45841633466135456,0.020829776336008132,0.4887948207171313,21.0,0.41858193237723873,660
MUBARAKUSDT,2025-03-27T21:00:00,21,0.21214953271028048,-0.1811873554356207,-0.00747663551401867,0.0,0.34823436871049573,180
XUSDUSDT,2025-03-19T08:00:00,8,-0.00029999999999996696,0.0,-0.00029999999999996696,0.0,0.45373257778808485,960
EPICUSDT,2025-03-13T08:00:00,8,-0.31516262024736585,0.07290969899665556,-0.2652313330279431,0.0,0.24721579889583642,960
GPSUSDT,2025-03-04T13:00:00,13,-0.16984732824427495,-0.218390804597701,-0.35114503816793896,0.0,0.49870995405173174,660
FORMUSDT,2025-03-19T08:00:00,8,0.02497334306077792,-0.0457183530442401,-0.02188675009820984,0.0,0.19954350185461373,960
BMTUSDT,2025-03-18T15:00:00,15,0.867898699520876,-0.02161964089410029,0.8275154004106777,18.0,0.44789796431720125,540
TUTUSDT,2025-03-27T21:00:00,21,2.4306106264869154,0.10425335182616746,2.7882632831086442,0.0,0.31334548968283915,180
GUNUSDT,2025-03-31T13:00:00,13,2.6073333333333335,-0.2836813897615966,1.584,0.0,0.396907599143587,660
BANANAS31USDT,2025-03-27T21:00:00,21,0.31155589123867067,-0.05456377771379206,0.2399924471299093,0.0,0.5455196505028655,180
NILUSDT,2025-03-24T13:00:00,13,0.8374999999999999,-0.010884353741496655,0.8174999999999999,0.0,0.4405443408662928,660
PARTIUSDT,2025-03-25T13:00:00,13,15.431999999999999,-0.2015579357351509,12.12,58.0,0.40585655518598623,660
BROCCOLI714USDT,2025-03-27T21:00:00,21,0.9427480916030533,-0.0960052390307794,0.756234096692112,0.0,0.40101475978952555,180
INITUSDT,2025-04-24T11:00:00,11,2.2975,0.14450341167551173,2.774,390.0,0.4139217269536028,780
HYPERUSDT,2025-04-22T13:00:00,13,1.802222222222222,0.07533703409992087,2.013333333333333,8.0,0.4307506738010021,660
WCTUSDT,2025-04-15T11:00:00,11,0.7444999999999999,-0.18286041845801082,0.4255,0.0,0.36072202452020896,780
SIGNUSDT,2025-04-28T11:00:00,11,1.581666666666667,0.043641058747579065,1.6943333333333332,114.0,0.33775252574942727,780
KERNELUSDT,2025-04-14T12:00:00,12,2.654,-0.10810071154898737,2.259,0.0,0.3210899893070301,720
BABYUSDT,2025-04-10T11:00:00,11,2.191666666666667,-0.1121671018276762,1.8336666666666668,88.0,0.23549405458675074,780
BIGTIMEUSDT,2025-04-11T14:00:00,14,0.12338887142408073,0.04057646564992301,0.16897202137692569,0.0,0.4745280855138691,600
ONDOUSDT,2025-04-11T14:00:00,14,0.2468820861678005,0.0159127074335077,0.26672335600907027,441.0,0.3036892641196799,600
VIRTUALUSDT,2025-04-11T14:00:00,14,0.26387235055965697,-0.005087620124363923,0.2574422481543226,0.0,0.4305483772097628,600
USD1USDT,2025-05-22T12:00:00,12,-0.00019999999999997797,0.00010002000400088917,-9.999999999998899e-05,0.0,0.6919978591334734,720
AUSDT,2025-05-28T08:00:00,8,-0.026413642774714807,-0.00013170025023045984,-0.026541864341582344,19.0,0.3249461085024291,960
KMNOUSDT,2025-05-06T15:00:00,15,0.18327067669172936,0.07717765422292833,0.274592731829574,0.0,0.3775775470931394,540
HAEDALUSDT,2025-05-21T15:00:00,15,0.8419010669253153,-0.06424433912585581,0.7235693501454898,0.0,0.5075461100849716,540
AWEUSDT,2025-05-21T08:00:00,8,-0.04955978415222939,0.013745704467353903,-0.036495313831298004,0.0,0.43872435546089367,960
NXPCUSDT,2025-05-15T07:30:00,7,29.788,-0.14739508899571263,25.25,103.0,0.26877744592240793,990
SYRUPUSDT,2025-05-06T15:00:00,15,0.5893854748603353,-0.03558875219683655,0.5328212290502794,0.0,0.5701702648060143,540
HUMAUSDT,2025-05-26T13:00:00,13,6.355,-0.090006798096533,5.6930000000000005,0.0,0.45662064047574497,660
STOUSDT,2025-05-02T16:00:00,16,1.0418410041841004,0.004098360655737654,1.0502092050209204,24.0,0.5187588003124125,480
SXTUSDT,2025-05-08T13:00:00,13,1.3416666666666668,0.034875444839857606,1.4233333333333333,0.0,0.3928859262581021,660
SOPHUSDT,2025-05-28T13:00:00,13,1.4976666666666665,-0.11237154677699179,1.217,0.0,0.33975230838316267,660
NEWTUSDT,2025-06-24T14:00:00,14,1.545666666666667,-0.2993321985072672,0.7836666666666667,51.0,0.4239178713480741,600
HOMEUSDT,2025-06-12T15:00:00,15,0.21185510428100973,-0.11745169082125595,0.06952067325283573,0.0,0.417094240596986,540
RESOLVUSDT,2025-06-11T14:30:00,14,0.2644326476443264,-0.09971136184728413,0.1383543463835435,0.0,0.38253932490727866,570
SAHARAUSDT,2025-06-26T12:00:00,12,5.525,-0.2719540229885058,3.7504999999999997,26.0,0.5275733690918802,720
SPKUSDT,2025-06-17T09:00:00,9,4.531599999999999,0.042103550509798415,4.7645,0.0,0.30791419398906755,900
A2ZUSDT,2025-07-30T08:00:00,8,-0.1620048504446241,-0.07370248890603903,-0.22376717865804374,0.0,0.36784192514561503,960
LAUSDT,2025-07-09T16:00:00,16,0.401,-0.08119200571020702,0.28725,1.0,0.5759027639001124,480
ERAUSDT,2025-07-17T15:30:00,15,7.327499999999999,0.024016811768237778,7.5275,36.0,0.571792280435521,510
TREEUSDT,2025-07-29T14:00:00,14,1.641,-0.15196264041398455,1.239666666666667,0.0,0.5965335038268628,600
CUSDT,2025-07-18T14:00:00,14,1.7470588235294118,-0.26219367118724723,1.026797385620915,0.0,0.4890712633392988,600
TOWNSUSDT,2025-08-05T14:30:00,14,0.5439024390243903,0.0600315955766193,0.6365853658536584,0.0,0.3907334381372057,570
PROVEUSDT,2025-08-05T17:00:00,17,1.2240000000000002,0.4875599520383693,2.3083333333333336,0.0,0.30676631010723016,420
PLUMEUSDT,2025-08-18T15:00:00,15,0.29000000000000026,-0.009689922480620172,0.2775000000000001,0.0,0.4371418852969725,540
DOLOUSDT,2025-08-27T16:00:00,16,0.1955,-0.07820995399414465,0.10200000000000009,0.0,0.6406935543357138,480
MITOUSDT,2025-08-29T15:30:00,15,0.4380952380952381,-0.08443708609271527,0.31666666666666665,0.0,0.5378575255441036,510
BFUSDUSDT,2025-08-13T14:00:00,14,-0.0006000000000000449,-0.00020012007204317506,-0.0008000000000000229,0.0,0.4919228623572614,600
XPLUSDT,2025-09-25T13:00:00,13,6.407,0.7244498447414609,11.773,567.0,0.18327598242951124,660
USDEUSDT,2025-09-09T12:00:00,12,0.0006999999999999229,9.993004896569069e-05,0.0007999999999999119,0.0,0.7030099771462879,720
WLFIUSDT,2025-09-01T13:00:00,13,0.3989999999999998,-0.16547533952823434,0.16749999999999998,0.0,0.2878887469394281,660
ZKCUSDT,2025-09-15T14:00:00,14,3.344827586206897,-0.2544444444444445,2.2393103448275866,0.0,0.436889867987525,600
OPENUSDT,2025-09-08T13:00:00,13,6.6209999999999996,-0.05871932817215586,6.1735,0.0,0.4037248381699863,660
PUMPUSDT,2025-09-11T12:30:00,12,0.20790759662372293,0.08367046708348647,0.30897378942692133,658.0,0.35899135951211153,690
BARDUSDT,2025-09-18T11:00:00,11,1.6942500000000003,-0.01744455785469068,1.6472499999999997,122.0,0.4593313631657073,780
AVNTUSDT,2025-09-15T05:00:00,5,0.7261728395061728,-0.10971248748390805,0.53679012345679,48.0,0.17183404417365883,1140
MIRAUSDT,2025-09-26T12:00:00,12,5.3412,-0.08654513341323411,4.7924,77.0,0.31783933307013595,720
HEMIUSDT,2025-09-23T12:00:00,12,-0.7663793103448275,-0.15006150061500623,-0.8014367816091954,0.0,0.3524599086845023,720
HOLOUSDT,2025-09-11T12:00:00,12,4.767045454545454,-0.0833497536945812,4.286363636363637,0.0,0.5215597272601784,720
FFUSDT,2025-09-29T13:30:00,13,6.8602,-0.2831480115009797,4.634599999999999,0.0,0.47653943591163733,630
LINEAUSDT,2025-09-10T16:00:00,16,4.382,-0.1382385730211818,3.638,2.0,0.6019223091011852,480
EDENUSDT,2025-09-30T11:00:00,11,3.3533333333333335,-0.38667687595712097,1.6700000000000004,0.0,0.4037526657453825,780
SKYUSDT,2025-09-17T08:00:00,8,-0.023286583752315404,0.0414521809807642,0.01720031754432405,0.0,0.42464558733088575,960
SOMIUSDT,2025-09-02T14:30:00,14,0.5016666666666667,0.0914539400665928,0.6390000000000002,0.0,0.4418859851660793,570
0GUSDT,2025-09-22T10:00:00,10,2.494,0.38494562106468244,3.8390000000000004,162.0,0.11022837147321292,840
MORPHOUSDT,2025-10-03T15:00:00,15,0.24,-0.025494276795005155,0.20838709677419343,0.0,0.6998507595413386,540
WALUSDT,2025-10-10T07:30:00,7,0.19928571428571407,-0.28975580702799286,-0.14821428571428585,0.0,0.11946082192240258,990
ASTERUSDT,2025-10-06T12:00:00,12,0.42866666666666653,-0.03733084461035918,0.3753333333333335,0.0,0.37522853053464267,720
NOMUSDT,2025-10-01T08:00:00,8,-0.16350985697719367,-0.07601663585951945,-0.22709702357943573,0.0,0.24466773185368973,960
FUSDT,2025-10-25T06:00:00,6,0.2699999999999998,-0.17547806524184473,0.04714285714285693,17.0,0.3237414812188612,1080
TURTLEUSDT,2025-10-22T15:00:00,15,0.40733333333333355,-0.18806252960682146,0.14266666666666672,0.0,0.5132223476750484,540
ENSOUSDT,2025-10-14T09:00:00,9,-0.21899999999999997,0.3380281690140845,0.04499999999999993,0.0,0.19058396648319503,900
2ZUSDT,2025-10-02T13:00:00,13,9.057,0.18922143780451428,10.959999999999999,0.0,0.35861068873685087,660
EULUSDT,2025-10-13T14:30:00,14,0.29210526315789487,-0.03686354378818735,0.2444736842105264,3.0,0.5920079914017821,570
GIGGLEUSDT,2025-10-25T06:00:00,6,2.2059334298118674,0.054710422967543915,2.381331403762663,0.0,0.19982120893638983,1080
ZBTUSDT,2025-10-17T13:00:00,13,1.0790000000000002,-0.3270803270803271,0.399,34.0,0.4946912339578368,660
YBUSDT,2025-10-15T11:00:00,11,1.3880000000000003,-0.06448911222780573,1.234,28.0,0.3077725675620552,780
BANKUSDT,2025-11-13T14:00:00,14,-0.2545454545454545,-0.05400696864111498,-0.29480519480519474,0.0,0.46529372286802106,600
KITEUSDT,2025-11-03T13:00:00,13,1.9733333333333336,-0.13228699551569512,1.58,27.0,0.4691817525001931,660
ATUSDT,2025-11-27T14:00:00,14,0.5304999999999997,-0.281280627245998,0.09999999999999987,1.0,0.5171618343375755,600
SAPIENUSDT,2025-11-06T10:00:00,10,2.0809090909090906,0.021245205075243634,2.1463636363636365,266.0,0.20694145817317885,840
METUSDT,2025-11-13T14:00:00,14,-0.032762312633833,-0.06862962143015272,-0.09914346895074944,0.0,0.44253119873217794,600
ALLOUSDT,2025-11-11T14:00:00,14,2.1004545454545456,-0.31051165518252455,1.1377272727272727,0.0,0.4120813048412376,600
MMTUSDT,2025-11-04T12:00:00,12,3.335,5.0899653979238755,25.4,553.0,0.06620556325388796,720
KGSTUSDT,2025-12-24T08:00:00,8,0.10000000000000009,-0.057024793388429695,0.037272727272727346,18.0,0.5084246662669031,960
BREVUSDT,2026-01-06T14:00:00,14,4.017333333333334,-0.06563911772521924,3.6880000000000006,0.0,0.42051490196766395,600
FRAXUSDT,2026-01-15T08:00:00,8,0.47635467980295565,-0.21513179846513186,0.15874384236453198,8.0,0.21495126120853475,960
FOGOUSDT,2026-01-15T14:00:00,14,0.7028571428571426,-0.18204697986577179,0.3928571428571428,0.0,0.45376663121500094,600
ZKPUSDT,2026-01-07T14:00:00,14,0.9186046511627908,0.07777777777777772,1.0678294573643412,31.0,0.5216053147629416,600
币安人生USDT,2026-01-07T14:00:00,14,0.3257243195785777,-0.044370860927152256,0.266900790166813,0.0,0.4533871323361313,600
UUSDT,2026-01-13T08:00:00,8,0.0007999999999999119,-0.0007993605115906854,0.0,0.0,0.18310693759629956,960
SENTUSDT,2026-01-22T13:00:00,13,1.038181818181818,0.33184656556645864,1.7145454545454548,574.0,0.20306866843589108,660
RLUSDUSDT,2026-01-22T08:00:00,8,0.0007999999999999119,0.0,0.0007999999999999119,0.0,0.2755500069303552,960
ESPUSDT,2026-02-12T13:00:00,13,1.7881294964028775,-0.06683008644045918,1.6017985611510794,108.0,0.3581285822412999,660
ZAMAUSDT,2026-02-02T13:00:00,13,0.2791999999999999,0.106629143214509,0.41559999999999975,0.0,0.3582550408004474,660
CFGUSDT,2026-03-16T13:00:00,13,1.1019999999999999,-0.11512844909609898,0.8599999999999999,3.0,0.5036051543339517,660
NIGHTUSDT,2026-03-11T15:30:00,15,0.09009433962264146,0.04262224145391613,0.1365566037735848,0.0,0.5047518750446922,510
OPNUSDT,2026-03-05T13:00:00,13,3.1899999999999995,-0.1229116945107398,2.675,0.0,0.4190148742629585,660
ROBOUSDT,2026-03-04T16:30:00,16,0.27701149425287364,-0.060081008100810074,0.20028735632183925,0.0,0.5814745270448656,450
MANTRAUSDT,2026-03-04T08:00:00,8,0.005379557680813107,0.42925089179548137,0.4369396294082488,368.0,0.057967805815783646,960
XAUTUSDT,2026-03-26T14:00:00,14,0.011610419026047536,-0.013404951794118491,-0.0019501698754246233,0.0,0.45157543435398073,600
KATUSDT,2026-03-18T13:00:00,13,1.654,-0.14318010550113036,1.274,0.0,0.37847428857115456,660
MEGAUSDT,2026-04-30T11:00:00,11,2.319056603773585,-0.052924791086351064,2.1433962264150943,8.0,0.292381728365166,780
CHIPUSDT,2026-04-21T13:30:00,13,3.958333333333333,0.030588235294117583,4.109999999999999,455.0,0.2989401540587212,630
AIGENSYNUSDT,2026-05-14T17:00:00,17,0.8152434158020752,-0.12222466476148608,0.5933758978451718,6.0,0.5978504185807424,420
OPGUSDT,2026-05-22T12:00:00,12,0.12521739130434772,-0.15765069551777422,-0.05217391304347829,0.0,0.4563630586544976,720
GENIUSUSDT,2026-05-22T12:00:00,12,0.34857934857934847,0.07074340527577938,0.443982443982444,275.0,0.27757166796488925,720
SPCXBUSDT,2026-06-12T17:00:00,17,0.08431250000000001,-0.03147155455645867,0.05018750000000005,3.0,0.4062467219154401,420
MUBUSDT,2026-06-11T17:00:00,17,0.050011111111111006,0.0566237394313287,0.1094666666666666,180.0,0.8411283722295299,420
TSLABUSDT,2026-06-11T18:00:00,18,0.036815789473684246,0.013502880783776261,0.05081578947368426,144.0,0.6407785123295017,360
MSFTBUSDT,2026-06-30T13:30:00,13,0.011124074124318373,0.011457858158692602,0.022709390346474123,531.0,0.5669651858008374,630
MSTRBUSDT,2026-06-23T13:30:00,13,0.002342139778902075,-0.020656136087484733,-0.018362375866591618,0.0,0.6792931415169767,630
INTCBUSDT,2026-06-23T13:30:00,13,0.052040030792917635,-0.029123371871798587,0.02140107775211697,34.0,0.6204764940907928,630
SNDKBUSDT,2026-06-11T18:00:00,18,0.07818823529411767,0.04560482727014814,0.12735882352941186,87.0,0.6147888143519576,360
QQQBUSDT,2026-06-30T13:30:00,13,0.014777372666003652,0.00043550450474971747,0.015219312783117944,527.0,0.725234374495224,630
NVDABUSDT,2026-06-11T18:00:00,18,0.012699999999999934,0.015157499753135184,0.02805000000000013,287.0,0.46311316781577444,360
LITEBUSDT,2026-06-30T13:30:00,13,0.01572703782006113,-0.007539402629540115,0.008069062720225562,0.0,0.4492452866745568,630
CRCLBUSDT,2026-06-11T18:00:00,18,0.026375000000000037,0.020338570210693074,0.047250000000000014,72.0,0.675408374658622,360
AMDBUSDT,2026-06-23T13:30:00,13,0.003584091998083405,-0.00021007600931977066,0.003373263057019571,164.0,0.6902087162194674,630
EWYBUSDT,2026-06-23T13:30:00,13,0.011419249592169667,-0.008064516129032251,0.0032626427406199365,24.0,0.49069705145154696,630
REUSDT,2026-06-18T14:00:00,14,10.284,-0.22740163062743712,7.718,46.0,0.3761362544609112,600
METABUSDT,2026-06-30T13:30:00,13,-0.01139353003910415,0.01652313058487187,0.004941343761108996,0.0,0.8035296864817869,630
PLTRBUSDT,2026-06-30T13:30:00,13,0.004667242869490051,0.01496902959394375,0.019706136560069254,0.0,0.5892978601770822,630
GRAMUSDT,2026-07-02T08:00:00,8,0.0068749999999999645,0.035381750465549366,0.04249999999999998,3.0,0.14172581937753378,960
DRAMBUSDT,2026-07-07T13:30:00,13,-0.017418712674187153,-0.0028701671450277466,-0.020238885202388812,253.0,0.40517172102852345,630
TQQQBUSDT,2026-07-22T13:30:00,13,-0.008967353229648367,-0.013572741410999734,-0.022418383074120918,117.0,0.5677155230223094,630
AAPLBUSDT,2026-07-29T12:00:00,12,-0.001176193836744277,0.0037093735280262496,0.0025288167490002955,366.0,0.24770684810815094,720
AAOIBUSDT,2026-07-15T13:30:00,13,-0.09190912714228772,-0.0488061797752809,-0.1362295735352731,0.0,0.21233846836817755,630
TSMBUSDT,2026-07-15T13:30:00,13,0.0024025309831345876,0.005552918841955412,0.007968790884654853,4.0,0.28840167287503793,630
GLWBUSDT,2026-07-07T13:30:00,13,-0.06617043121149901,0.01082953108680118,-0.05605749486652989,0.0,0.09705562643224838,630
GOOGLBUSDT,2026-07-07T13:30:00,13,0.014981171205588728,-0.014733163059550858,2.728810784269342e-05,26.0,0.6977069361810313,630
AEROUSDT,2026-07-17T16:00:00,16,0.03471634208298058,-0.03968903436988547,-0.006350550381033049,0.0,0.6206486009295259,480
SPYBUSDT,2026-07-07T13:30:00,13,-0.004073048663614021,-0.0004945069631926424,-0.004565541475881063,0.0,0.053690941271055635,630
AVGOBUSDT,2026-07-15T13:30:00,13,0.002544267687800472,0.01256088182517301,0.01513710775873145,0.0,0.4918027818435439,630
AMZNBUSDT,2026-07-29T12:00:00,12,8.663259118080191e-05,-0.0020356895356895555,-0.001949233301568154,415.0,0.10523458706308551,720
PYPLBUSDT,2026-07-29T12:00:00,12,-0.008401920438957489,0.008818952100985822,0.0003429355281208135,387.0,0.3639648947457675,720
BEBUSDT,2026-07-29T12:00:00,12,0.024277777777777843,-0.09703313988175954,-0.07511111111111113,83.0,0.06189539613245151,720
ORCLBUSDT,2026-07-22T13:30:00,13,0.0033057851239670644,-0.009335529928610642,-0.006060606060605989,0.0,0.314187296722108,630
NOKBUSDT,2026-07-15T13:30:00,13,-0.03504273504273503,-0.005314437555358653,-0.04017094017094003,0.0,0.5026444460133302,630
CBRSBUSDT,2026-07-07T13:30:00,13,-0.04478933388885997,-0.03882012976391691,-0.08187073589917193,0.0,0.26372181706362136,630
QCOMBUSDT,2026-07-07T13:30:00,13,-0.023755898755898675,0.006866245536940374,-0.017052767052766926,10.0,0.026052917553920592,630
COINBUSDT,2026-07-07T13:30:00,13,-0.03529342097471433,0.0025167270271928555,-0.03286551785397063,3.0,0.4032641606278977,630
WDCBUSDT,2026-07-07T13:30:00,13,-0.04226937269372688,0.010556936176771003,-0.032158671586715815,0.0,0.3024215144937268,630
DELLBUSDT,2026-07-29T12:00:00,12,-0.004896710022953332,-0.04982315854221131,-0.054475899005355766,93.0,0.13202665326685845,720
MRVLBUSDT,2026-07-15T13:30:00,13,-0.053767308038122685,-0.024325351577346943,-0.07678475094407478,0.0,0.335728178327715,630
NBISBUSDT,2026-07-07T13:30:00,13,-0.07074453102995037,-0.03571608992169739,-0.10393390291991367,0.0,0.08004339902926473,630
MVLLBUSDT,2026-07-22T13:30:00,13,0.11291666666666678,0.04380381879445894,0.16166666666666663,460.0,0.42764597511675634,630
MUUBUSDT,2026-07-22T13:30:00,13,0.07181818181818178,0.015549901046084447,0.08848484848484861,458.0,0.3397355529544906,630
CRWVBUSDT,2026-07-22T13:30:00,13,0.059562704197034355,0.006878557874762992,0.06685096757979392,454.0,0.4204859568287335,630
AMATBUSDT,2026-07-29T12:00:00,12,-0.02839692733912602,-0.03073898861598945,-0.058263023128909075,0.0,0.18762488467183555,720
QNTBUSDT,2026-07-22T13:30:00,13,-0.010583817002389861,-0.05434782608695654,-0.0643564356435643,0.0,0.18470996788331656,630
BABABUSDT,2026-07-15T13:30:00,13,0.062410968660968624,-0.007039302773820477,0.05493233618233617,31.0,0.7223847837071502,630
ARMBUSDT,2026-07-15T13:30:00,13,-0.00963829711562414,-0.01680672268907568,-0.02628303161788259,0.0,0.6590533740531859,630
SOXSBUSDT,2026-07-29T12:00:00,12,0.02449498966120567,0.12761993479273404,0.15524097343725152,580.0,0.022411703724918415,720
SOXLBUSDT,2026-07-07T13:30:00,13,-0.11079383209594518,0.023635195889531113,-0.0897772701313535,0.0,0.4573367268715527,630
GSBUSDT,2026-07-29T12:00:00,12,0.008419300520641881,-0.05649495220912826,-0.048551299669034376,0.0,0.031003434210916243,720
SNXXBUSDT,2026-07-22T13:30:00,13,0.005050505050504972,0.03294249022892237,0.038159371492704874,458.0,0.1837042278246981,630
SMHBUSDT,2026-07-29T12:00:00,12,-0.003398791540785595,-0.04234558544903366,-0.04560045317220551,0.0,0.013876137974649162,720
RKLBBUSDT,2026-07-15T13:30:00,13,-0.005963710189062277,-0.03625223385243814,-0.04199974622509839,2.0,0.7359511483448378,630
SKHYBUSDT,2026-07-13T13:30:00,13,0.045163398692810386,-0.043211806641235695,0.0,65.0,0.3500421036653011,630
IBMBUSDT,2026-07-15T13:30:00,13,0.0025337448749251923,-0.0241705725576693,-0.0216980697470861,0.0,0.3704682709158886,630
INTWBUSDT,2026-07-22T13:30:00,13,0.09760000000000013,-0.04373177842565612,0.049599999999999866,117.0,0.5548919871939038,630
FLNCBUSDT,2026-07-29T12:00:00,12,0.01030110935023787,-0.052549019607843084,-0.04278922345483349,96.0,0.0792757536939369,720
KORUBUSDT,2026-07-22T13:30:00,13,0.11526315789473696,0.020292590844738,0.1378947368421053,459.0,0.07479832263952865,630
AXTIBUSDT,2026-07-22T13:30:00,13,-0.017695983011856264,-0.040533237254548715,-0.057511944788533054,3.0,0.5249024089061879,630
HOODBUSDT,2026-07-15T13:30:00,13,0.006258263552225696,0.013402242466713288,0.019744380784486593,0.0,0.7862601892742391,630
