symbol,first_month,last_month,delisted
LTCUSDT,2022-11,2026-07,0
OMGUSDT,2022-11,2025-09,1
ONEUSDT,2022-11,2026-04,1
ELTUSDT,2022-11,2024-06,1
OPUSDC,2022-11,2026-07,0
OPUSDT,2022-11,2026-07,0
ORTUSDT,2022-11,2025-10,1
PAXGUSDT,2022-11,2025-02,1
PEOPLEUSDT,2022-11,2026-07,0
EGLDUSDT,2022-11,2026-07,0
ECOXUSDT,2022-11,2025-02,1
PERPUSDT,2022-11,2026-01,1
DYDXUSDT,2022-11,2026-07,0
PLTUSDT,2022-11,2025-03,1
DOTUSDT,2022-11,2026-07,0
DOTUSDC,2022-11,2026-07,0
DOTBTC,2022-11,2026-04,1
DOT3SUSDT,2022-11,2024-04,1
DOT3LUSDT,2022-11,2024-04,1
PLYUSDT,2022-11,2024-07,1
OKGUSDT,2022-11,2024-07,1
OBXUSDT,2022-11,2025-03,1
ENJUSDT,2022-11,2026-07,0
ENSUSDT,2022-11,2026-07,0
MOVRUSDT,2022-11,2026-07,0
MPLXUSDT,2022-11,2026-07,0
MTKUSDT,2022-11,2024-03,1
MVUSDT,2022-11,2025-10,1
ETHDAI,2022-11,2026-03,1
ETHBTC,2022-11,2026-07,0
MXUSDT,2022-11,2026-07,0
NEARUSDT,2022-11,2026-07,0
ETH3SUSDT,2022-11,2025-05,1
POKTUSDT,2022-11,2025-04,1
ETH3LUSDT,2022-11,2025-05,1
ETC2SUSDT,2022-11,2024-03,1
ETC2LUSDT,2022-11,2024-03,1
ERTHAUSDT,2022-11,2025-06,1
NEXOUSDT,2022-11,2026-07,0
NFTUSDT,2022-11,2026-07,0
EOSUSDT,2022-11,2025-04,1
EOSUSDC,2022-11,2025-04,1
EOS2SUSDT,2022-11,2024-02,1
EOS2LUSDT,2022-11,2024-02,1
ETCUSDT,2022-11,2026-07,0
MOVEZUSDT,2022-11,2024-07,1
DOMEUSDT,2022-11,2025-10,1
DOGEUSDC,2022-11,2026-07,0
CTCUSDT,2022-11,2026-07,0
REALUSDT,2022-11,2025-03,1
CRVUSDT,2022-11,2026-07,0
RENUSDT,2022-11,2025-03,1
RNDRUSDT,2022-11,2024-06,1
RONDUSDT,2022-11,2025-03,1
COUSDT,2022-11,2024-10,1
COTUSDT,2022-11,2025-06,1
ROSEUSDT,2022-11,2026-07,0
RSS3USDT,2022-11,2026-03,1
RUNEUSDT,2022-11,2026-07,0
RVNUSDT,2022-11,2026-07,0
COMPUSDT,2022-11,2026-07,0
SAITAMAUSDT,2022-11,2023-12,1
CMPUSDT,2022-11,2024-07,1
SAND2LUSDT,2022-11,2024-03,1
SAND2SUSDT,2022-11,2024-03,1
CITYUSDT,2022-11,2026-07,0
CHZUSDT,2022-11,2026-07,0
RAINUSDT,2022-11,2025-03,1
CULTUSDT,2022-11,2024-06,1
CUSDUSDT,2022-11,2025-02,1
IMXUSDT,2022-11,2026-07,0
PSGUSDT,2022-11,2026-07,0
DOGE2SUSDT,2022-11,2024-05,1
DOGE2LUSDT,2022-11,2024-05,1
PSPUSDT,2022-11,2024-11,1
DLCUSDT,2022-11,2025-04,1
DICEUSDT,2022-11,2025-03,1
PSTAKEUSDT,2022-11,2026-01,1
DGBUSDT,2022-11,2026-04,1
DFIUSDT,2022-11,2024-11,1
DOGEUSDT,2022-11,2026-07,0
DEVTUSDT,2022-11,2024-07,1
DEFYUSDT,2022-11,2024-07,1
PUMLXUSDT,2022-11,2025-02,1
QMALLUSDT,2022-11,2025-01,1
DCRUSDT,2022-11,2024-10,1
QNTUSDT,2022-11,2026-07,0
QTUMUSDT,2022-11,2026-07,0
DASHUSDT,2022-11,2025-01,1
RACAUSDT,2022-11,2025-12,1
DAIUSDT,2022-11,2026-03,1
PTUUSDT,2022-11,2025-03,1
CHZUSDC,2022-11,2026-07,0
MNZUSDT,2022-11,2024-06,1
ETHUSDT,2022-11,2026-07,0
LDOUSDC,2022-11,2026-07,0
LDOUSDT,2022-11,2026-07,0
LFWUSDT,2022-11,2024-08,1
LGXUSDT,2022-11,2025-03,1
LINGUSDT,2022-11,2024-07,1
GSTUSDT,2022-11,2025-07,1
GSTSUSDT,2022-11,2025-05,1
LINK2LUSDT,2022-11,2024-04,1
GRTUSDT,2022-11,2026-07,0
LINK2SUSDT,2022-11,2024-04,1
LINKUSDC,2022-11,2026-07,0
LINKUSDT,2022-11,2026-07,0
LOOKSUSDT,2022-11,2025-11,1
LRCUSDT,2022-11,2026-07,0
LTC2LUSDT,2022-11,2024-05,1
GODSUSDT,2022-11,2026-07,0
LTC2SUSDT,2022-11,2024-05,1
GMXUSDT,2022-11,2026-07,0
GMUSDT,2022-11,2024-07,1
HBARUSDT,2022-11,2026-07,0
HEROUSDT,2022-11,2024-11,1
HFTUSDC,2022-11,2026-07,0
HFTUSDT,2022-11,2026-07,0
INTERUSDT,2022-11,2026-07,0
ICXUSDT,2022-11,2026-07,0
ICPUSDT,2022-11,2026-07,0
ICPUSDC,2022-11,2026-07,0
IZIUSDT,2022-11,2026-03,1
JASMYUSDT,2022-11,2026-07,0
JSTUSDT,2022-11,2026-07,0
JUVUSDT,2022-11,2026-07,0
KASTAUSDT,2022-11,2025-12,1
GMTUSDT,2022-11,2026-07,0
HOTUSDT,2022-11,2025-04,1
KDAUSDT,2022-11,2025-09,1
KLAYUSDT,2022-11,2024-09,1
KMONUSDT,2022-11,2025-02,1
HNTUSDT,2022-11,2026-07,0
KOKUSDT,2022-11,2024-10,1
KONUSDT,2022-11,2025-03,1
KRLUSDT,2022-11,2024-06,1
KSMUSDT,2022-11,2026-07,0
KUNCIUSDT,2022-11,2024-07,1
KCALUSDT,2022-11,2025-06,1
ETHUSDC,2022-11,2026-07,0
GMTUSDC,2022-11,2026-07,0
GMT2LUSDT,2022-11,2024-03,1
FORTUSDT,2022-11,2026-07,0
MATICUSDC,2022-11,2024-08,1
MATICUSDT,2022-11,2024-08,1
MBSUSDT,2022-11,2025-03,1
FLOWUSDT,2022-11,2026-07,0
FLOKIUSDT,2022-11,2026-07,0
MCRTUSDT,2022-11,2026-07,0
FITFIUSDT,2022-11,2026-03,1
FILUSDT,2022-11,2026-07,0
FILUSDC,2022-11,2026-07,0
MELOSUSDT,2022-11,2025-01,1
FIDAUSDT,2022-11,2026-07,0
MIBRUSDT,2022-11,2024-04,1
MINAUSDT,2022-11,2026-07,0
MIXUSDT,2022-11,2025-09,1
MKRUSDT,2022-11,2025-08,1
MMCUSDT,2022-11,2024-07,1
FAMEUSDT,2022-11,2025-02,1
ETHWUSDT,2022-11,2026-07,0
MATICBTC,2022-11,2024-08,1
MATIC2SUSDT,2022-11,2024-04,1
MATIC2LUSDT,2022-11,2024-04,1
FTM2LUSDT,2022-11,2024-03,1
LTCBTC,2022-11,2026-07,0
GLMRUSDT,2022-11,2026-07,0
GGMUSDT,2022-11,2024-06,1
GENEUSDT,2022-11,2025-07,1
GCAKEUSDT,2022-11,2025-01,1
LTCUSDC,2022-11,2026-07,0
GALUSDT,2022-11,2024-06,1
GALFTUSDT,2022-11,2025-10,1
ZRXUSDT,2022-11,2026-07,0
GMT2SUSDT,2022-11,2024-03,1
GALAUSDT,2022-11,2026-07,0
LUNCUSDC,2022-11,2026-07,0
LUNCUSDT,2022-11,2026-07,0
MANABTC,2022-11,2025-10,1
MANAUSDC,2022-11,2026-07,0
FTTUSDT,2022-11,2026-07,0
FTMUSDT,2022-11,2024-12,1
MANAUSDT,2022-11,2026-07,0
MASKUSDT,2022-11,2026-07,0
FTM2SUSDT,2022-11,2024-03,1
LUNAUSDT,2022-11,2026-07,0
CHRPUSDT,2022-11,2025-07,1
CWARUSDT,2022-11,2024-06,1
SANDUSDC,2022-11,2026-07,0
AVAXUSDT,2022-11,2026-07,0
AVAXUSDC,2022-11,2026-07,0
AVAX2SUSDT,2022-11,2024-03,1
AVAX2LUSDT,2022-11,2024-03,1
AVAUSDT,2022-11,2026-07,0
USTCUSDT,2022-11,2026-07,0
ATOMUSDT,2022-11,2026-07,0
ATOM2SUSDT,2022-11,2024-04,1
ATOM2LUSDT,2022-11,2024-04,1
VINUUSDT,2022-11,2026-05,1
VPADUSDT,2022-11,2025-06,1
ARUSDT,2022-11,2026-07,0
WAVESUSDT,2022-11,2026-07,0
WAXPUSDT,2022-11,2026-07,0
APTUSDT,2022-11,2026-07,0
APTUSDC,2022-11,2026-07,0
WBTCBTC,2022-11,2026-07,0
WBTCUSDT,2022-11,2026-07,0
WEMIXUSDT,2022-11,2026-07,0
USDDUSDT,2022-11,2026-04,1
APEXUSDT,2022-11,2026-07,0
USDCUSDT,2022-11,2026-07,0
AZYUSDT,2022-11,2024-11,1
SYNRUSDT,2022-11,2024-06,1
BICOUSDT,2022-11,2026-07,0
TAPUSDT,2022-11,2025-06,1
BELUSDT,2022-11,2026-07,0
TELUSDT,2022-11,2026-07,0
THETAUSDT,2022-11,2026-07,0
BCHUSDT,2022-11,2026-07,0
THNUSDT,2022-11,2025-06,1
TRIBEUSDT,2022-11,2024-06,1
TRVLUSDT,2022-11,2025-11,1
BATUSDT,2022-11,2026-07,0
TRXUSDC,2022-11,2026-07,0
BARUSDT,2022-11,2024-07,1
TRXUSDT,2022-11,2026-07,0
SANDBTC,2022-11,2025-10,1
TUSDT,2022-11,2025-02,1
TWTUSDT,2022-11,2026-07,0
UMAUSDT,2022-11,2026-07,0
UNIUSDT,2022-11,2026-07,0
AXSUSDT,2022-11,2026-07,0
SWEATUSDT,2022-11,2026-04,1
APEXUSDC,2022-11,2026-07,0
APEUSDC,2022-11,2026-07,0
XRPUSDT,2022-11,2026-07,0
ADAUSDT,2022-11,2026-07,0
ADAUSDC,2022-11,2026-07,0
XTZUSDT,2022-11,2026-07,0
ADA2SUSDT,2022-11,2024-04,1
ADA2LUSDT,2022-11,2024-04,1
ACMUSDT,2022-11,2024-07,1
ACHUSDT,2022-11,2026-07,0
ACAUSDT,2022-11,2025-03,1
AAVEUSDT,2022-11,2026-07,0
XWGUSDT,2022-11,2024-07,1
XYMUSDT,2022-11,2025-03,1
YFIUSDT,2022-11,2026-07,0
ZAMUSDT,2022-11,2024-11,1
ZECUSDT,2022-11,2025-01,1
ZENUSDT,2022-11,2026-07,0
ZILUSDT,2022-11,2026-07,0
1SOLUSDT,2022-11,2025-03,1
1INCHUSDT,2022-11,2026-07,0
XRPUSDC,2022-11,2026-07,0
APEUSDT,2022-11,2026-07,0
XRPBTC,2022-11,2026-07,0
AFCUSDT,2022-11,2026-07,0
APE2SUSDT,2022-11,2024-05,1
APE2LUSDT,2022-11,2024-05,1
ANKRUSDT,2022-11,2026-07,0
WLKNUSDT,2022-11,2025-03,1
WOOUSDT,2022-11,2026-07,0
WWYUSDT,2022-11,2025-06,1
XAVAUSDT,2022-11,2026-07,0
ALGOUSDT,2022-11,2026-07,0
XDCUSDT,2022-11,2026-07,0
ALGOBTC,2022-11,2026-02,1
XECUSDT,2022-11,2025-10,1
XEMUSDT,2022-11,2026-04,1
XETAUSDT,2022-11,2025-06,1
XLMBTC,2022-11,2026-07,0
XLMUSDC,2022-11,2026-07,0
XLMUSDT,2022-11,2026-07,0
AGLDUSDT,2022-11,2026-07,0
AGLAUSDT,2022-11,2025-09,1
XRP3LUSDT,2022-11,2024-05,1
XRP3SUSDT,2022-11,2024-05,1
SUSHIUSDT,2022-11,2026-07,0
INJUSDT,2022-11,2026-07,0
BTTUSDT,2022-11,2026-07,0
C98USDT,2022-11,2026-07,0
BUSDUSDT,2022-11,2023-11,1
SLGUSDC,2022-11,2024-05,1
STXUSDT,2022-11,2026-07,0
SUNUSDT,2022-11,2026-07,0
BTGUSDT,2022-11,2024-12,1
SLGUSDT,2022-11,2024-05,1
STRMUSDT,2022-11,2024-10,1
BTCUSDT,2022-11,2026-07,0
SLPUSDT,2022-11,2026-04,1
STGUSDT,2022-11,2025-09,1
STETHUSDT,2022-11,2026-07,0
STATUSDT,2022-11,2025-04,1
SNXUSDT,2022-11,2026-07,0
SRMUSDT,2022-11,2024-10,1
SPOTTEST2SPOTTEST1,2022-11,2023-12,1
SOLBTC,2022-11,2026-07,0
BTCUSDC,2022-11,2026-07,0
SOLOUSDT,2022-11,2026-02,1
SOLUSDC,2022-11,2026-07,0
SOLUSDT,2022-11,2026-07,0
SONUSDT,2022-11,2025-06,1
SOSUSDT,2022-11,2024-07,1
BTCDAI,2022-11,2026-03,1
SPOTTEST1SPOTTEST2,2022-11,2024-05,1
BTC3LUSDT,2022-11,2025-05,1
BTC3SUSDT,2022-11,2025-05,1
CAKEUSDT,2022-11,2026-07,0
SISUSDT,2022-11,2026-04,1
SPELLUSDT,2022-11,2026-05,1
SDUSDT,2022-11,2026-07,0
CBXUSDT,2022-11,2025-01,1
SCRTUSDT,2022-11,2026-07,0
BNBUSDT,2022-11,2026-07,0
SEORUSDT,2022-11,2025-03,1
SCUSDT,2022-11,2026-07,0
SHIBUSDC,2022-11,2026-07,0
CELOUSDT,2022-11,2026-07,0
SHIBUSDT,2022-11,2026-07,0
SFUNDUSDT,2022-11,2026-02,1
BOBAUSDT,2022-11,2026-07,0
BNTUSDT,2022-11,2025-02,1
SHILLUSDT,2022-11,2024-10,1
CAPSUSDT,2022-11,2025-07,1
CELUSDT,2022-11,2025-03,1
SIDUSUSDT,2022-11,2025-11,1
SANDUSDT,2022-11,2026-07,0
MAGICUSDT,2022-12,2026-07,0
HOOKUSDT,2022-12,2026-04,1
PRIMALUSDT,2022-12,2024-11,1
MCTUSDT,2022-12,2024-07,1
TONUSDT,2022-12,2026-05,1
USDTEUR,2022-12,2026-07,0
OASUSDT,2022-12,2026-05,1
MEEUSDT,2022-12,2026-07,0
FXSUSDT,2023-01,2025-12,1
3PUSDT,2023-01,2025-03,1
RPLUSDT,2023-01,2026-07,0
BONKUSDT,2023-01,2026-07,0
TIMEUSDT,2023-01,2026-03,1
SSVUSDT,2023-01,2026-07,0
FLRUSDT,2023-01,2026-07,0
AGIXUSDT,2023-02,2024-06,1
MDAOUSDT,2023-02,2025-10,1
RDNTUSDT,2023-02,2026-04,1
ACSUSDT,2023-02,2026-07,0
COREUSDT,2023-02,2026-07,0
GNSUSDT,2023-02,2024-10,1
DPXUSDT,2023-02,2024-12,1
LISUSDT,2023-02,2025-03,1
HVHUSDT,2023-02,2025-06,1
BLURUSDT,2023-02,2026-07,0
XCADUSDT,2023-03,2025-12,1
GPTUSDT,2023-03,2024-03,1
ARBUSDC,2023-03,2026-07,0
IDUSDT,2023-03,2026-07,0
ARBUSDT,2023-03,2026-07,0
PIPUSDT,2023-03,2025-06,1
VRAUSDT,2023-03,2026-01,1
PRIMEUSDT,2023-03,2026-07,0
DZOOUSDT,2023-03,2024-12,1
EVERUSDT,2023-03,2025-10,1
FBUSDT,2023-03,2025-01,1
MBXUSDT,2023-03,2026-07,0
BABYDOGEUSDT,2023-04,2026-07,0
MVLUSDT,2023-04,2026-05,1
PLAYUSDT,2023-04,2024-04,1
RLTMUSDT,2023-04,2024-04,1
AXLUSDT,2023-04,2026-07,0
AGIUSDT,2023-04,2026-07,0
TAMAUSDT,2023-04,2024-08,1
CGPTUSDT,2023-04,2026-07,0
PEPEUSDT,2023-05,2026-07,0
LMWRUSDT,2023-05,2026-07,0
SUIUSDT,2023-05,2026-07,0
LADYSUSDT,2023-05,2025-11,1
BOBUSDT,2023-05,2025-03,1
ELDAUSDT,2023-05,2025-04,1
SUIUSDC,2023-05,2026-07,0
SUIAUSDT,2023-05,2024-07,1
TOMIUSDT,2023-05,2025-09,1
FMBUSDT,2023-05,2025-07,1
TURBOSUSDT,2023-05,2025-11,1
CAPOUSDT,2023-05,2024-06,1
TENETUSDT,2023-05,2025-06,1
KARATEUSDT,2023-05,2025-03,1
VELOUSDT,2023-05,2026-07,0
TOMSUSDT,2023-06,2024-04,1
CANDYUSDT,2023-06,2024-10,1
FONUSDT,2023-06,2024-10,1
OMNUSDT,2023-06,2024-06,1
VELAUSDT,2023-06,2025-01,1
MTCUSDT,2023-06,2024-01,1
NYMUSDT,2023-07,2026-07,0
PEPE2USDT,2023-07,2024-01,1
PENDLEUSDT,2023-07,2026-07,0
SALDUSDT,2023-07,2025-06,1
NEONUSDT,2023-07,2026-07,0
EGOUSDT,2023-07,2025-07,1
ARKMUSDT,2023-07,2026-07,0
USDTBRZ,2023-07,2025-09,1
WLDUSDT,2023-07,2026-07,0
PLANETUSDT,2023-07,2025-02,1
GSWIFTUSDT,2023-07,2025-10,1
MNTUSDT,2023-07,2026-07,0
WLDUSDC,2023-07,2026-07,0
MNTUSDC,2023-07,2026-07,0
MNTBTC,2023-07,2026-07,0
BTCBRZ,2023-07,2025-09,1
SAILUSDT,2023-08,2025-04,1
SEILORUSDT,2023-08,2025-03,1
SEIUSDT,2023-08,2026-07,0
TAVAUSDT,2023-08,2025-02,1
PYUSDUSDT,2023-08,2026-07,0
KAVAUSDT,2023-08,2026-07,0
SPARTAUSDT,2023-08,2025-03,1
ORDIUSDT,2023-08,2026-07,0
CYBERUSDT,2023-08,2026-07,0
DSRUNUSDT,2023-08,2025-03,1
SOLEUR,2023-09,2026-07,0
VEXTUSDT,2023-09,2025-03,1
VVUSDT,2023-09,2024-09,1
BTCEUR,2023-09,2026-07,0
LTCEUR,2023-09,2026-07,0
DOGEEUR,2023-09,2026-07,0
KASUSDT,2023-09,2026-07,0
NEXTUSDT,2023-09,2024-12,1
NESSUSDT,2023-09,2025-04,1
ADAEUR,2023-09,2026-07,0
USDCEUR,2023-09,2026-07,0
XRPEUR,2023-09,2026-07,0
CTTUSDT,2023-09,2025-03,1
ETHEUR,2023-09,2026-07,0
POLUSDT,2023-10,2026-07,0
TIAUSDT,2023-10,2026-07,0
JEFFUSDT,2023-10,2025-11,1
PPTUSDT,2023-10,2025-06,1
LEVERUSDT,2023-10,2025-06,1
VEGAUSDT,2023-10,2024-09,1
ZTXUSDT,2023-10,2025-12,1
CATUSDT,2023-10,2026-07,0
FETUSDT,2023-10,2026-07,0
BEAMUSDT,2023-10,2026-07,0
ROOTUSDT,2023-11,2026-01,1
KCSUSDT,2023-11,2026-07,0
FLIPUSDT,2023-11,2026-06,1
MEMEUSDT,2023-11,2026-07,0
TVKUSDT,2023-11,2024-07,1
TUSDUSDT,2023-11,2026-07,0
VRTXUSDT,2023-11,2025-06,1
PYTHUSDT,2023-11,2026-07,0
CRDSUSDT,2023-11,2024-10,1
SHRAPUSDT,2023-11,2025-11,1
RPKUSDT,2023-11,2025-07,1
TOKENUSDT,2023-11,2026-07,0
TRCUSDT,2023-12,2025-11,1
GRAPEUSDT,2023-12,2025-02,1
GGUSDT,2023-12,2025-02,1
AKIUSDT,2023-12,2025-10,1
FMCUSDT,2023-12,2025-07,1
MBOXUSDT,2023-12,2026-06,1
CBKUSDT,2023-12,2026-06,1
METHETH,2023-12,2026-07,0
METHUSDT,2023-12,2026-07,0
MLKUSDT,2023-12,2025-03,1
ARTYUSDT,2023-12,2026-06,1
5IREUSDT,2023-12,2025-06,1
VPRUSDT,2023-12,2025-06,1
MYRIAUSDT,2023-12,2025-10,1
COQUSDT,2023-12,2026-01,1
KUBUSDT,2023-12,2026-07,0
VANRYUSDT,2023-12,2026-07,0
JTOUSDT,2023-12,2026-07,0
ZIGUSDT,2023-12,2026-07,0
IRLUSDT,2023-12,2025-02,1
INSPUSDT,2023-12,2026-04,1
AIOZUSDT,2024-01,2026-07,0
FARUSDT,2024-01,2025-06,1
AFGUSDT,2024-01,2025-10,1
ONDOUSDT,2024-01,2026-07,0
APPUSDT,2024-01,2025-10,1
ZETAUSDT,2024-01,2026-07,0
SATSUSDT,2024-01,2026-07,0
MANTAUSDT,2024-01,2026-07,0
GTAIUSDT,2024-01,2026-06,1
COMUSDT,2024-01,2024-11,1
MYROUSDT,2024-01,2025-12,1
OMNIUSDT,2024-01,2025-08,1
HONUSDT,2024-01,2024-07,1
MXMUSDT,2024-01,2025-03,1
SAROSUSDT,2024-01,2026-06,1
VICUSDT,2024-01,2026-07,0
PORT3USDT,2024-01,2026-01,1
ZKFUSDT,2024-01,2025-02,1
DUELUSDT,2024-01,2025-10,1
FIREUSDT,2024-01,2025-07,1
JUPUSDT,2024-01,2026-07,0
SEIUSDC,2024-01,2026-07,0
USDYUSDT,2024-01,2026-07,0
MUSDUSDT,2024-01,2024-05,1
RATSUSDT,2024-01,2026-07,0
SQRUSDT,2024-01,2025-12,1
DMAILUSDT,2024-01,2025-12,1
XAIUSDT,2024-01,2026-07,0
DEFIUSDT,2024-01,2025-10,1
BCUTUSDT,2024-02,2025-10,1
MINUUSDT,2024-02,2024-07,1
ROUTEUSDT,2024-02,2024-09,1
HTXUSDT,2024-02,2026-07,0
MAVIAUSDT,2024-02,2026-07,0
STRKUSDT,2024-02,2026-07,0
CPOOLUSDT,2024-02,2026-07,0
CSPRUSDT,2024-02,2026-07,0
ALTUSDT,2024-02,2026-07,0
STRKUSDC,2024-02,2026-07,0
LENDSUSDT,2024-02,2024-11,1
PORTALUSDT,2024-02,2026-07,0
DYMUSDT,2024-02,2026-07,0
QORPOUSDT,2024-02,2026-04,1
BBLUSDT,2024-02,2025-04,1
PURSEUSDT,2024-02,2025-11,1
DECHATUSDT,2024-02,2024-11,1
SQTUSDT,2024-02,2025-10,1
DEGENUSDT,2024-03,2026-07,0
AURYUSDT,2024-03,2025-02,1
ZKUSDT,2024-03,2026-07,0
GMRXUSDT,2024-03,2025-02,1
FLTUSDT,2024-03,2025-03,1
SCAUSDT,2024-03,2026-07,0
NIBIUSDT,2024-03,2026-03,1
NGLUSDT,2024-03,2025-02,1
ETHFIUSDT,2024-03,2026-07,0
ZENDUSDT,2024-03,2025-03,1
MFERUSDT,2024-03,2025-02,1
APRSUSDT,2024-03,2025-07,1
BRAWLUSDT,2024-03,2025-06,1
NAKAUSDT,2024-03,2026-06,1
BOMEUSDT,2024-03,2026-07,0
WENUSDT,2024-03,2026-01,1
AEVOUSDT,2024-03,2026-07,0
WEETHETH,2024-03,2026-04,1
AEGUSDT,2024-03,2025-07,1
STARUSDT,2024-03,2025-07,1
VENOMUSDT,2024-03,2026-03,1
SVLUSDT,2024-04,2026-07,0
EVERYUSDT,2024-04,2025-02,1
EXVGUSDT,2024-04,2025-07,1
WIFUSDT,2024-04,2026-07,0
MEWUSDT,2024-04,2026-07,0
MSTARUSDT,2024-04,2025-07,1
ESEUSDT,2024-04,2026-07,0
MOJOUSDT,2024-04,2025-06,1
BLOCKUSDT,2024-04,2025-02,1
ZENTUSDT,2024-04,2026-07,0
PRCLUSDT,2024-04,2026-07,0
LAIUSDT,2024-04,2025-02,1
KMNOUSDT,2024-04,2026-07,0
PBUXUSDT,2024-04,2025-09,1
GUMMYUSDT,2024-04,2025-06,1
BRETTUSDT,2024-04,2026-07,0
USDEUSDT,2024-04,2026-07,0
LLUSDT,2024-04,2025-12,1
TNSRUSDT,2024-04,2026-07,0
BONUSUSDT,2024-04,2025-03,1
MERLUSDT,2024-04,2026-07,0
OMNICATUSDT,2024-04,2024-10,1
FOXYUSDT,2024-04,2026-03,1
WUSDT,2024-04,2026-07,0
VELARUSDT,2024-04,2025-09,1
G3USDT,2024-04,2025-10,1
XARUSDT,2024-04,2025-08,1
SAFEUSDT,2024-04,2026-07,0
MASAUSDT,2024-04,2026-01,1
ENAUSDT,2024-04,2026-07,0
SHARKUSDT,2024-04,2024-11,1
ELIXUSDT,2024-05,2025-09,1
PARAMUSDT,2024-05,2025-01,1
NUTSUSDT,2024-05,2025-08,1
NOTUSDT,2024-05,2026-07,0
NLKUSDT,2024-05,2025-07,1
BBUSDT,2024-05,2026-07,0
DRIFTUSDT,2024-05,2026-07,0
NYANUSDT,2024-05,2025-05,1
CTAUSDT,2024-05,2026-06,1
SPECUSDT,2024-05,2025-12,1
PONKEUSDT,2024-05,2026-07,0
INTXUSDT,2024-05,2024-10,1
BUBBLEUSDT,2024-05,2025-02,1
APTRUSDT,2024-05,2025-06,1
GALAXISUSDT,2024-05,2025-07,1
TAIUSDT,2024-05,2026-07,0
LFTUSDT,2024-05,2025-10,1
HLGUSDT,2024-05,2025-06,1
MODEUSDT,2024-05,2026-01,1
ZEROUSDT,2024-05,2025-10,1
SQDUSDT,2024-05,2026-07,0
MONUSDT,2024-05,2026-07,0
ZEXUSDT,2024-06,2026-05,1
NRNUSDT,2024-06,2026-02,1
USDTBRL,2024-06,2026-07,0
MCGUSDT,2024-06,2025-01,1
SOLBRL,2024-06,2026-07,0
ZROUSDC,2024-06,2026-07,0
BTCUSDE,2024-06,2026-07,0
AARKUSDT,2024-06,2025-07,1
USDCBRL,2024-06,2026-07,0
XZKUSDT,2024-06,2025-09,1
ULTIUSDT,2024-06,2025-11,1
ZKUSDC,2024-06,2026-07,0
SOLUSDE,2024-06,2026-07,0
PIRATEUSDT,2024-06,2026-07,0
BTCBRL,2024-06,2026-07,0
POPCATUSDT,2024-06,2026-07,0
TSTUSDT,2024-06,2025-06,1
USDEUSDC,2024-06,2026-07,0
ZROUSDT,2024-06,2026-07,0
TAIKOUSDT,2024-06,2026-07,0
AURORAUSDT,2024-06,2026-07,0
ETHBRL,2024-06,2026-07,0
ZKJUSDT,2024-06,2026-07,0
ETHUSDE,2024-06,2026-07,0
BLASTUSDT,2024-06,2026-07,0
MOGUSDT,2024-06,2026-07,0
COOKIEUSDT,2024-06,2026-07,0
IOUSDT,2024-06,2026-07,0
RUBYUSDT,2024-06,2024-11,1
ATHUSDT,2024-06,2026-07,0
AVAXEUR,2024-07,2026-07,0
STETHEUR,2024-07,2026-07,0
AVAILUSDT,2024-07,2026-07,0
PEPEEUR,2024-07,2026-07,0
ONDOEUR,2024-07,2026-07,0
WIFEUR,2024-07,2026-04,1
ENAEUR,2024-07,2026-07,0
LINKEUR,2024-07,2026-07,0
PTCUSDT,2024-07,2025-02,1
WELLUSDT,2024-07,2025-04,1
SHIBEUR,2024-07,2026-07,0
L3USDT,2024-07,2026-07,0
NEAREUR,2024-07,2026-04,1
RENDERUSDT,2024-07,2026-07,0
ZKLUSDT,2024-07,2025-12,1
FTMEUR,2024-07,2024-12,1
UXLINKUSDT,2024-07,2026-03,1
PIXFIUSDT,2024-07,2025-10,1
WLDEUR,2024-07,2026-04,1
DOP1USDT,2024-07,2025-09,1
CLOUDUSDT,2024-07,2026-07,0
TONEUR,2024-07,2026-05,1
A8USDT,2024-07,2026-07,0
MOCAUSDT,2024-07,2026-07,0
TONUSDC,2024-08,2026-05,1
FLOKIUSDC,2024-08,2026-07,0
BTCTRY,2024-08,2026-07,0
DOGSEUR,2024-08,2026-04,1
PEPEUSDC,2024-08,2026-07,0
DOGSUSDT,2024-08,2026-07,0
ETHTRY,2024-08,2026-07,0
UNIUSDC,2024-08,2026-07,0
DOGSUSDC,2024-08,2026-07,0
BRETTUSDC,2024-08,2026-06,1
JASMYUSDC,2024-08,2026-07,0
NOTUSDC,2024-08,2026-07,0
KASUSDC,2024-08,2026-07,0
ATOMUSDC,2024-08,2026-07,0
WIFUSDC,2024-08,2026-07,0
BCHUSDC,2024-08,2026-07,0
USDTTRY,2024-08,2026-07,0
FTMUSDC,2024-08,2024-12,1
GUSDT,2024-08,2026-07,0
BONKUSDC,2024-08,2026-07,0
TIAUSDC,2024-08,2026-07,0
ONDOUSDC,2024-08,2026-07,0
NEIROUSDT,2024-08,2025-09,1
FETUSDC,2024-08,2026-07,0
INJUSDC,2024-08,2026-07,0
ORDERUSDT,2024-08,2026-07,0
NEARUSDC,2024-08,2026-07,0
MEWUSDC,2024-08,2026-07,0
BNBUSDC,2024-08,2026-07,0
CATIEUR,2024-09,2026-07,0
DAPPUSDT,2024-09,2025-01,1
SOCIALUSDT,2024-09,2025-03,1
CATIUSDC,2024-09,2026-07,0
CATIUSDT,2024-09,2026-07,0
BTCPLN,2024-09,2026-07,0
SUNDOGUSDT,2024-09,2026-07,0
HMSTRUSDC,2024-09,2026-07,0
HMSTRUSDT,2024-09,2026-07,0
HMSTREUR,2024-09,2024-12,1
MAKUSDT,2024-09,2025-07,1
EGP1USDT,2024-09,2025-10,1
USDTPLN,2024-09,2026-07,0
ETHPLN,2024-09,2026-07,0
BBSOLUSDC,2024-10,2026-07,0
SCRUSDT,2024-10,2026-07,0
BBSOLUSDT,2024-10,2026-07,0
CARVUSDT,2024-10,2026-07,0
PUFFUSDT,2024-10,2026-05,1
PUFFERUSDT,2024-10,2026-07,0
EIGENUSDT,2024-10,2026-07,0
CATSUSDT,2024-10,2025-07,1
COOKUSDT,2024-10,2026-07,0
NAVXUSDT,2024-10,2026-07,0
GRASSUSDT,2024-10,2026-07,0
XUSDT,2024-10,2026-02,1
ZAPUSDT,2024-10,2025-02,1
KROUSDT,2024-10,2025-04,1
DBRUSDT,2024-10,2026-07,0
DEEPUSDT,2024-10,2026-07,0
SWELLUSDT,2024-11,2026-07,0
CMETHUSDT,2024-11,2026-04,1
VIRTUALUSDT,2024-11,2026-07,0
MORPHOUSDT,2024-11,2026-07,0
PNUTUSDT,2024-11,2026-07,0
KAIAUSDT,2024-11,2026-07,0
SUPRAUSDT,2024-11,2026-07,0
MEMEFIUSDT,2024-11,2025-12,1
NEIROCTOUSDT,2024-11,2026-07,0
HPOS10IUSDT,2024-11,2026-07,0
MAJORUSDT,2024-11,2026-07,0
LUCEUSDT,2024-11,2025-07,1
STOPUSDT,2024-11,2025-10,1
GOATUSDT,2024-11,2026-07,0
SMILEUSDT,2024-11,2025-07,1
SPXUSDT,2024-11,2026-07,0
CHILLGUYUSDT,2024-11,2026-07,0
NSUSDT,2024-11,2026-07,0
SWELLUSDC,2024-11,2026-07,0
ZRCUSDT,2024-11,2026-05,1
THRUSTUSDT,2024-11,2025-03,1
PAALUSDT,2024-11,2026-06,1
BANUSDT,2024-11,2026-07,0
BBQUSDT,2024-11,2025-09,1
OLUSDT,2024-11,2026-06,1
MEUSDT,2024-12,2026-07,0
MNRYUSDT,2024-12,2025-07,1
LUNAIUSDT,2024-12,2026-04,1
AEROUSDT,2024-12,2026-07,0
FLOCKUSDT,2024-12,2026-07,0
XIONUSDT,2024-12,2026-05,1
SENDUSDT,2024-12,2026-05,1
FLUIDUSDT,2024-12,2026-07,0
MOVEUSDT,2024-12,2026-07,0
ALCHUSDT,2024-12,2026-07,0
BBSOLSOL,2024-12,2026-07,0
VANAUSDT,2024-12,2026-07,0
STREAMUSDT,2024-12,2026-06,1
ZEREBROUSDT,2024-12,2026-07,0
FUELUSDT,2024-12,2026-06,1
ODOSUSDT,2024-12,2025-12,1
FUSDT,2024-12,2026-07,0
CATBNBUSDT,2024-12,2025-06,1
PENGUUSDT,2024-12,2026-07,0
MOZUSDT,2024-12,2025-10,1
GAMEUSDT,2025-01,2026-04,1
ANIMEUSDT,2025-01,2026-07,0
TOSHIUSDT,2025-01,2026-07,0
AIXBTUSDT,2025-01,2026-07,0
SERAPHUSDT,2025-01,2026-01,1
SUSDT,2025-01,2026-07,0
PLUMEUSDT,2025-01,2026-07,0
TRUMPUSDC,2025-01,2026-07,0
SOSOUSDT,2025-01,2026-07,0
OBTUSDT,2025-01,2026-07,0
SONICUSDT,2025-01,2026-07,0
N3USDT,2025-01,2025-04,1
GPSUSDT,2025-01,2026-07,0
SOLVUSDT,2025-01,2026-07,0
LAVAUSDT,2025-01,2026-07,0
HATUSDT,2025-01,2025-05,1
TRUMPUSDT,2025-01,2026-07,0
XTERUSDT,2025-01,2026-07,0
JUSDT,2025-01,2026-01,1
PINEYEUSDT,2025-01,2025-11,1
AI16ZUSDT,2025-01,2025-10,1
LAYERUSDT,2025-02,2026-07,0
B3USDT,2025-02,2026-07,0
DIAMUSDT,2025-02,2026-07,0
OMUSDT,2025-02,2026-01,1
BERAUSDT,2025-02,2026-07,0
IPUSDT,2025-02,2026-06,1
AVLUSDT,2025-02,2026-07,0
G7USDT,2025-02,2025-10,1
B3TRUSDC,2025-03,2025-10,1
ROAMUSDT,2025-03,2026-07,0
CORNUSDT,2025-03,2026-07,0
REDUSDT,2025-03,2026-07,0
OIKUSDT,2025-03,2025-10,1
VVVUSDT,2025-03,2026-07,0
WALUSDT,2025-03,2026-07,0
USDTBUSDT,2025-03,2026-07,0
ELXUSDT,2025-03,2025-12,1
PARTIUSDT,2025-03,2026-07,0
AMIUSDT,2025-03,2026-04,1
BTCUSDQ,2025-03,2025-10,1
KILOUSDT,2025-03,2026-05,1
B3TRUSDT,2025-03,2025-10,1
PELLUSDT,2025-03,2025-11,1
BMTUSDT,2025-03,2026-07,0
USDQUSDT,2025-03,2025-10,1
BRUSDT,2025-03,2026-07,0
USDRUSDT,2025-04,2025-10,1
WCTUSDT,2025-04,2026-07,0
BABY1USDT,2025-04,2026-07,0
VTHOUSDT,2025-04,2026-07,0
ZORAUSDT,2025-04,2026-07,0
XAUTUSDT,2025-04,2026-07,0
VETUSDT,2025-04,2026-07,0
INITUSDT,2025-04,2026-07,0
FHEUSDT,2025-04,2026-07,0
HAEDALUSDT,2025-04,2026-07,0
HYPERUSDT,2025-04,2026-07,0
PUMPUSDT,2025-04,2026-07,0
EPTUSDT,2025-04,2026-02,1
SIGNUSDT,2025-04,2026-07,0
PAWSUSDT,2025-04,2025-10,1
DOLOUSDT,2025-04,2026-07,0
MILKUSDT,2025-04,2026-01,1
BTCUSDR,2025-04,2025-08,1
TGTUSDT,2025-05,2025-07,1
AUSDT,2025-05,2026-07,0
AOUSDT,2025-05,2026-07,0
DOODUSDT,2025-05,2026-07,0
SXTUSDT,2025-05,2026-07,0
ELDEUSDT,2025-05,2025-10,1
HUMAUSDT,2025-05,2026-07,0
ASRRUSDT,2025-05,2025-11,1
NXPCUSDT,2025-05,2026-07,0
PFVSUSDT,2025-05,2025-09,1
OBOLUSDT,2025-05,2026-04,1
EIGENUSDC,2025-06,2026-07,0
XOUSDT,2025-06,2026-01,1
BERAUSDC,2025-06,2026-04,1
BDXNUSDT,2025-06,2026-04,1
RESOLVUSDT,2025-06,2026-07,0
CRVUSDC,2025-06,2026-07,0
RENDERUSDC,2025-06,2026-07,0
ENAUSDC,2025-06,2026-07,0
ALGOUSDC,2025-06,2026-07,0
NVDAXUSDT,2025-06,2026-07,0
PUMPBTCUSDT,2025-06,2026-07,0
NEWTUSDT,2025-06,2026-07,0
POLUSDC,2025-06,2026-07,0
SAHARAUSDT,2025-06,2026-07,0
MOVEUSDC,2025-06,2026-07,0
CUDISUSDT,2025-06,2026-07,0
SPKUSDT,2025-06,2026-07,0
GALAUSDC,2025-06,2025-11,1
BOMBUSDT,2025-06,2025-11,1
HOMEUSDT,2025-06,2026-07,0
COINXUSDT,2025-06,2026-07,0
LAUSDT,2025-06,2026-07,0
HUSDT,2025-06,2026-07,0
JUPUSDC,2025-06,2026-07,0
HBARUSDC,2025-06,2026-07,0
AAVEUSDC,2025-06,2026-07,0
SKATEUSDT,2025-06,2026-02,1
WUSDC,2025-07,2025-10,1
TREEUSDT,2025-07,2026-07,0
AMZNXUSDT,2025-07,2026-07,0
STXUSDC,2025-07,2026-07,0
ENSUSDC,2025-07,2026-07,0
HOODXUSDT,2025-07,2026-07,0
TSLAXUSDT,2025-07,2026-07,0
TUNAUSDT,2025-07,2026-04,1
DYDXUSDC,2025-07,2026-07,0
ORDIUSDC,2025-07,2026-07,0
MNTUSD1,2025-07,2026-07,0
PENDLEUSDC,2025-07,2025-10,1
USD1USDT,2025-07,2026-07,0
ESUSDT,2025-07,2026-07,0
METAXUSDT,2025-07,2026-07,0
ARUSDC,2025-07,2026-07,0
CRCLXUSDT,2025-07,2026-07,0
ERAUSDT,2025-07,2026-07,0
FRAGUSDT,2025-07,2025-11,1
TACUSDT,2025-07,2026-07,0
PYTHUSDC,2025-07,2026-07,0
AAPLXUSDT,2025-07,2026-07,0
JTOUSDC,2025-07,2026-07,0
SUSDC,2025-07,2026-07,0
ICNTUSDT,2025-07,2026-07,0
HYPEUSDT,2025-07,2026-07,0
GOOGLXUSDT,2025-07,2026-07,0
COAUSDT,2025-07,2025-10,1
ICNTUSDC,2025-07,2026-05,1
AIXBTUSDC,2025-07,2026-07,0
MCDXUSDT,2025-07,2026-07,0
TAUSDT,2025-07,2026-07,0
TOWNSUSDC,2025-08,2026-07,0
CFGUSDT,2025-08,2026-07,0
CAMPUSDT,2025-08,2026-07,0
KUSDT,2025-08,2026-02,1
TOWNSUSDT,2025-08,2026-07,0
VIRTUALMNT,2025-09,2026-06,1
VIRTUALUSDC,2025-09,2026-07,0
NXPCMNT,2025-09,2026-06,1
HUSDC,2025-09,2026-05,1
ZKCUSDT,2025-09,2026-07,0
ASTERUSDT,2025-09,2026-07,0
ETHMNT,2025-09,2026-06,1
ERAMNT,2025-09,2025-10,1
XRPMNT,2025-09,2026-06,1
ARTUSDT,2025-09,2025-12,1
XPLUSDT,2025-09,2026-07,0
ADAMNT,2025-09,2026-06,1
LINEAUSDT,2025-09,2026-07,0
XUSDUSDT,2025-09,2026-07,0
LTCMNT,2025-09,2026-06,1
HBARMNT,2025-09,2026-06,1
LBTCUSDT,2025-09,2026-06,1
ETHRLUSD,2025-09,2026-07,0
XANUSDT,2025-09,2026-07,0
APEXMNT,2025-09,2026-06,1
XRPRLUSD,2025-09,2026-07,0
HMNT,2025-09,2026-05,1
FFUSDT,2025-09,2026-07,0
MNTRLUSD,2025-09,2026-06,1
HOLOUSDT,2025-09,2026-07,0
MNTUSDE,2025-09,2026-06,1
WLFIUSDT,2025-09,2026-07,0
LAMNT,2025-09,2025-10,1
0GUSDT,2025-09,2026-07,0
BTCXUSD,2025-09,2026-07,0
PORTALSUSDT,2025-09,2026-04,1
TRUMPMNT,2025-09,2026-06,1
PEPEMNT,2025-09,2026-06,1
UUSDT,2025-09,2026-06,1
PROVEUSDT,2025-09,2026-07,0
SHARDSUSDT,2025-09,2025-12,1
SUIMNT,2025-09,2026-06,1
AVNTUSDT,2025-09,2026-07,0
SKYUSDT,2025-09,2026-07,0
DOGEMNT,2025-09,2026-06,1
BBSOLMNT,2025-09,2026-06,1
BARDUSDT,2025-09,2026-07,0
SOLMNT,2025-09,2026-06,1
PUMPMNT,2025-09,2026-06,1
BTCRLUSD,2025-09,2026-07,0
PUMPUSDC,2025-09,2026-07,0
SOMIUSDT,2025-09,2026-07,0
ONDOMNT,2025-09,2026-06,1
SPXUSDC,2025-09,2026-07,0
ENAMNT,2025-09,2026-06,1
RLUSDUSDT,2025-09,2026-07,0
COMMONUSDT,2025-10,2026-03,1
METUSDC,2025-10,2026-07,0
SYNDUSDT,2025-10,2026-05,1
EATUSDT,2025-10,2026-05,1
RECALLUSDT,2025-10,2026-07,0
NOMUSDT,2025-10,2026-07,0
MONPROUSDT,2025-10,2026-03,1
2ZUSDC,2025-10,2026-07,0
ZBTUSDT,2025-10,2026-07,0
METUSDT,2025-10,2026-07,0
2ZUSDT,2025-10,2026-07,0
YBUSDT,2025-10,2026-07,0
ENSOUSDT,2025-10,2026-07,0
LITKEYUSDT,2025-11,2026-02,1
CCUSDC,2025-11,2026-07,0
GAIBUSDT,2025-11,2026-07,0
PIEVERSEUSDT,2025-11,2026-07,0
MMTUSDT,2025-11,2026-07,0
CCUSDT,2025-11,2026-07,0
ELIZAOSUSDT,2025-11,2026-07,0
ALMANAKUSDT,2025-12,2026-03,1
NIGHTUSDT,2025-12,2026-07,0
ZKPUSDT,2025-12,2026-07,0
STABLEUSDT,2025-12,2026-07,0
WETUSDT,2025-12,2026-07,0
SCORUSDT,2025-12,2026-07,0
VOOIUSDT,2025-12,2026-07,0
BREVUSDT,2026-01,2026-07,0
SKRUSDT,2026-01,2026-07,0
BIRBUSDT,2026-01,2026-07,0
IMUUSDT,2026-01,2026-05,1
SENTUSDT,2026-01,2026-07,0
LITUSDT,2026-01,2026-07,0
PYBOBOUSDT,2026-01,2026-07,0
PENGUINUSDT,2026-01,2026-05,1
FRAXUSDT,2026-01,2026-07,0
USATUSDT,2026-01,2026-07,0
FOGOUSDT,2026-01,2026-07,0
ELSAUSDT,2026-01,2026-07,0
WHITEWHALEUSDT,2026-01,2026-07,0
FIGHTUSDT,2026-01,2026-07,0
AZTECUSDT,2026-02,2026-07,0
ZAMAUSDT,2026-02,2026-07,0
AEDZUSDC,2026-02,2026-07,0
AEDZUSDT,2026-02,2026-07,0
ELONUSDT,2026-02,2026-05,1
TRIAUSDT,2026-02,2026-07,0
ROBOUSDT,2026-02,2026-07,0
ETHAED,2026-03,2026-03,1
USDTAED,2026-03,2026-07,0
OPNUSDT,2026-03,2026-07,0
BSBUSDT,2026-03,2026-07,0
SOLAED,2026-03,2026-06,1
MANTRAUSDT,2026-03,2026-07,0
BTCAED,2026-03,2026-07,0
EDGEUSDT,2026-03,2026-07,0
BASEDUSDT,2026-03,2026-07,0
ETHUSD1,2026-04,2026-07,0
USDTUSD,2026-04,2026-07,0
OPGUSDT,2026-04,2026-07,0
BTCUSD,2026-04,2026-07,0
USDSUSDT,2026-04,2026-07,0
MEGAUSDT,2026-04,2026-07,0
BTCUSD1,2026-04,2026-07,0
SOLGBP,2026-04,2026-07,0
BLENDUSDT,2026-04,2026-07,0
USDCUSD1,2026-04,2026-07,0
ETHUSD,2026-04,2026-07,0
CHIPUSDT,2026-04,2026-07,0
USDCGBP,2026-05,2026-07,0
USDTGBP,2026-05,2026-07,0
BILLUSDT,2026-05,2026-07,0
ETHGBP,2026-05,2026-07,0
BTCGBP,2026-05,2026-07,0
ARXUSDT,2026-06,2026-07,0
GRAMEUR,2026-06,2026-07,0
SPCXXUSDT,2026-06,2026-07,0
CAPUSDT,2026-06,2026-07,0
GRAMUSDC,2026-06,2026-07,0
GRAMUSDT,2026-06,2026-07,0
SLXUSDT,2026-06,2026-07,0
VERONAUSDT,2026-06,2026-07,0
DATAUSDT,2026-07,2026-07,0
GROVEUSDT,2026-07,2026-07,0
GRVTUSDT,2026-07,2026-07,0
