symbol,month,madj_1,madj_3,madj_7,fwd_7,fwd_30,delisted,pop_day0,range_day0
TWTUSDT,2021-01,-0.4525083433279632,-0.4897486548254768,-0.36786403536070345,-0.1424593967517401,0.2559164733178654,0,1.5382803297997645,1.9446407538280328
FIROUSDT,2021-01,-0.04556405811245098,-0.12580694153084487,-0.026017003658113325,0.0891823025249014,0.2015288394718555,1,-0.0290148448043183,0.52361673414305
CELOUSDT,2021-01,-0.19244345813373837,-0.29368942518373164,-0.2780106393176068,-0.2404424607025033,0.1478362119153891,0,0.6224811083123423,1.5944584382871536
CKBUSDT,2021-01,-0.05645787009190513,-0.1523307540491305,-0.0436785471496208,0.04566683964712,1.2855907282477084,0,-0.0504270696452037,0.4352825229960579
TRUUSDT,2021-01,-0.0031529932258744803,-0.062153948916316565,-0.05262690877460027,-0.1417666303162487,0.8782260996001454,1,0.1155717761557177,0.5612327656123276
BTCSTUSDT,2021-01,0.3411438066828561,0.1837451681504943,0.0641491325040942,0.0119521912350597,1.5621513944223109,1,6.84375,124.0
RIFUSDT,2021-01,-0.11246674334869003,-0.02389457776169269,0.15883577523551096,0.1635910224438903,0.1825436408977556,0,0.0356404958677687,1.8445247933884297
DODOUSDT,2021-02,0.04485010634800273,-0.058556749291955035,-0.2577597960136584,-0.3603212851405621,-0.3714056224899598,0,1.2327833572453373,2.586800573888092
CAKEUSDT,2021-02,-0.2537902376696106,-0.19804520433735387,-0.32863263885528243,-0.4040878842294286,-0.461656279708461,0,0.9826178010471204,2.1413612565445024
SFPUSDT,2021-02,0.9867134325549354,0.6962840176602557,0.7207262093679723,1.1240310077519382,0.4489147286821704,0,11.9,17.999999999999996
LITUSDT,2021-02,0.5501611293123082,0.8498832324588577,0.6434872432208665,1.4715569351413165,1.7129553994445352,1,11.242,74.3056
ACMUSDT,2021-02,-0.17127038787509108,-0.34883867739420654,-0.3829133887376246,-0.3088878913702165,-0.3643249915834361,0,1.7418461538461538,2.916923076923077
PERPUSDT,2021-03,-0.12382432328978774,-0.1644007670554673,-0.2915622881490467,-0.2915843129096016,-0.3418287735358368,1,0.0248400852878463,0.8763326226012793
SUPERUSDT,2021-03,0.06178929898659612,0.11919729450466775,0.05149235700881136,0.2052785923753664,-0.4222873900293256,0,0.0066420664206643,0.4656826568265683
RAMPUSDT,2021-03,-0.08662600331726758,0.0023510716670606044,0.15294025967980135,0.241790028926323,-0.0927343882933469,1,-0.1357352941176471,1.0661764705882353
DEGOUSDT,2021-03,-0.10473938348110698,0.5254148575854565,0.6281187979772827,0.9768053338341628,0.73020940933421,1,0.4688275862068964,1.329379310344828
OMUSDT,2021-03,-0.12348261591395765,-0.22981222740805335,0.44987364585486833,0.6648212226066899,-0.0551326412918108,1,0.5383250532292405,1.070262597586941
ALICEUSDT,2021-03,-0.21843254380226168,-0.23411786285361516,-0.5152618115820848,-0.4190055110099661,-0.4103460412819487,0,206.403,599.0
BADGERUSDT,2021-03,-0.024405359641067714,-0.10194551144335826,-0.1939715660106623,-0.0667479141276835,-0.133402081184963,1,0.0296332046332046,0.3262548262548264
LINAUSDT,2021-03,-0.20462550876242688,-0.18871956545593058,-0.46323833692672234,-0.4401168451801363,-0.4021421616358325,1,1.416470588235294,10.76470588235294
FISUSDT,2021-03,-0.06942455631072517,-0.13348595593763582,-0.21794618157406506,-0.1079510703363915,0.1110091743119265,1,-0.0212511224184376,0.3959892247829991
CFXUSDT,2021-03,-0.09281216745096546,-0.3172688125210781,-0.14646980198880022,-0.1138506163886874,-0.2422044960116026,0,0.069821567106284,0.443754848719938
PONDUSDT,2021-03,-0.16458037018975108,-0.235469520878829,-0.034263211193907926,0.0018159806295399,0.4806295399515738,0,0.0337922403003756,0.3285356695869838
TLMUSDT,2021-04,-0.210873557856019,-0.6051421283975994,-0.7580610261005933,-0.5841243637364149,-0.4846608887054615,0,6.268999999999999,58.5
MIRUSDT,2021-04,-0.09822714723391429,0.028271786059708294,0.05503590948712948,0.0255885363357215,-0.3599795291709313,1,0.2382762991128009,0.8441064638783271
BURGERUSDT,2021-04,0.20144799652855702,0.6259607352252657,0.3963849078677421,0.4766633565044686,-0.3753723932472691,1,0.1791569086651054,0.7939110070257613
TKOUSDT,2021-04,-0.26076224054230684,-0.30551577666030066,-0.4935275479862748,-0.3130924071407041,0.1783501356465822,0,28.857,99.0
BAKEUSDT,2021-04,0.41772098428535576,0.471098005381044,0.38197579733906956,0.4555385115976387,-0.0536419839167016,1,-0.0560540576117241,0.3703297426559311
EPSUSDT,2021-04,-0.1654452601031627,-0.3469642729320443,-0.4465339658895731,-0.3689222334439476,-0.5533112105035348,1,0.539537983118614,3.997778764993337
FORTHUSDT,2021-04,-0.14910342318189806,-0.28253951619151907,-0.1525666150468358,-0.0311883929560305,-0.6463174216413778,1,0.2713320191495354,0.7194874683187835
PUNDIXUSDT,2021-04,-0.17441416454521003,-0.1973166242351085,-0.41928733240806726,-0.3063845179960209,-0.4503526858383071,0,-0.2135135135135135,0.6398293029871978
SLPUSDT,2021-04,0.516714616298918,0.32515569443821063,0.05613722181143497,0.0507848568790396,-0.3674976915974145,0,0.9202127659574468,2.1648936170212765
AUTOUSDT,2021-04,-0.16521840851950154,-0.18512585595984082,-0.13747619593683136,-0.1403830627172164,-0.2178334606436898,1,-0.0877403702983113,0.8661847679778916
BARUSDT,2021-04,-0.17405320479935923,-0.16062617511147864,-0.11996167155668283,-0.0955894898481487,-0.5126898140249104,0,0.2277559570568212,0.9324430479183032
BTGUSDT,2021-04,-0.05053948466285611,-0.18101348262530403,-0.13374209490152514,-0.2708042932812936,-0.1773243657652634,1,-0.0313586497890294,0.3160084388185654
MDXUSDT,2021-05,-0.03329763190564803,0.0093764577400667,0.12084983744727762,0.0835898187503054,-0.1842298109336069,1,0.2736606309501586,0.6053761433638231
LPTUSDT,2021-05,-0.12679401391488004,-0.1645477620714863,0.001190403394624319,0.0339107998525618,-0.2572797640987836,0,-0.1287732819524727,0.2559409120102762
SHIBUSDT,2021-05,-0.14566824568304082,-0.38346950178275213,-0.49319199019624604,-0.5236583958453549,-0.7870744373918062,0,1.4546742209631724,2.5410764872521248
ICPUSDT,2021-05,-0.2115210014500797,-0.05132774226203926,-0.5210070402634288,-0.5509189307986044,-0.8171204087799786,0,0.4602455070603337,10.35678754813864
MASKUSDT,2021-05,-0.02153088437633933,-0.03473881518080918,-0.13664577483047705,-0.1648571072007987,-0.5427430425558467,0,-0.0129342202512934,0.4198078344419808
POLSUSDT,2021-05,0.033560458337331955,-0.16062314332415578,-0.1192106334624668,-0.050644567219153,-0.4360036832412522,1,-0.3250466128029832,0.8225605966438783
ARUSDT,2021-05,-0.029086753080175914,-0.11797236377027714,-0.35063066747734994,-0.4736409694646036,-0.4590579214021635,0,0.0747608535688006,1.8623988226637231
TORNUSDT,2021-06,-0.08140396216735649,-0.16258778696910062,-0.2330884435760759,-0.24,-0.4320325203252032,1,-0.1445263597162331,0.3807205452775072
GTCUSDT,2021-06,-0.12008384141958972,-0.2972572931082965,-0.49087000767784666,-0.3642533936651584,-0.524132730015083,0,0.3928571428571428,1.521008403361345
XVGUSDT,2021-06,-0.13243166315827554,-0.11835733692420972,-0.18578775784931248,-0.0947495473747738,-0.3105009052504527,0,0.2407338075627105,1.995132909022838
ERNUSDT,2021-06,0.06184231711946797,-0.027650244745515303,-0.10568948042328925,-0.0061407652338213,0.0740040938434891,1,-0.2052308847453384,0.5381053685396072
PHAUSDT,2021-06,-0.0191134962951858,-0.033476346216321624,0.22649550892749737,0.341640866873065,0.0363777089783281,0,0.0421035650911436,0.1937409259557993
NUUSDT,2021-06,-0.14155061416206205,-0.2632580182441011,-0.5220467407886153,-0.3985921689397272,-0.4610646722393313,1,0.3089547941261157,1.3034840195796142
KLAYUSDT,2021-06,0.005936489535305414,-0.023374628826217436,-0.007418786956143647,-0.0405631584129172,-0.0264841980899872,1,0.1318252730109206,0.5110318698462226
ATAUSDT,2021-06,-0.3891299357709416,-0.8020669665870642,-0.659631858880241,-0.3756522429220482,-0.6887486855941114,1,35.53273737617781,107.72191350567768
KEEPUSDT,2021-06,-0.11811789339092302,-0.3437843078952484,-0.7466898778656665,-0.5687400318979267,-0.582615629984051,1,0.1641292239138507,1.0051986632008914
QNTUSDT,2021-07,-0.08587077427018419,0.2721964013252419,0.23436324800254923,0.29082774049217,0.4496644295302014,0,0.3356573705179282,0.5607569721115536
BONDUSDT,2021-07,-0.03000254074855877,-0.09729445050136976,-0.17503877681748894,-0.17561260210035,-0.367561260210035,1,-0.0853788687299892,0.23025613660619
FLOWUSDT,2021-07,0.03686189645938506,-0.0008145425455034355,-0.07875306412766189,-0.0619246861924684,0.1552301255230126,0,0.3052976515565264,0.9448388858547244
DEXEUSDT,2021-07,0.9835400306621694,0.5198550713765053,0.33753709305032664,0.7586880669923239,0.6368457780879273,0,0.8061507436349886,7.318628686664987
CLVUSDT,2021-07,-0.11356320463562486,-0.1379777629844017,-0.21390707550235932,-0.1755070202808113,0.3408736349453978,1,0.0603804797353184,1.0554177005789906
MLNUSDT,2021-07,-0.019751863707026807,-0.17422013984680154,-0.15253124783746266,-0.1568472906403941,-0.0066009852216748,1,0.2227442476810022,1.0428863992290085
C98USDT,2021-07,0.9737056970962266,0.4496515826230462,0.28332488865841876,0.6658839945794368,3.2014463780172004,0,8.883437209919109,38.78252221190823
QUICKUSDT,2021-08,0.01150754024619435,-0.11116900650762265,-0.0651209811185349,-0.033203125,-0.4225260416666666,0,0.2031959893467023,0.3316622277925741
WAXPUSDT,2021-08,-0.14202517745724014,-0.0013669392758629828,-0.09197596135512029,-0.1340598073998986,-0.420932589964521,0,1.1306695464362853,2.304535637149028
TVKUSDT,2021-08,-0.15757675004221458,-0.1471852679960632,-0.17302688078609801,-0.0614324243332334,-0.0119868145040455,1,0.4984283789851818,1.469690166142793
FORUSDT,2021-08,-0.09159610832841006,-0.2149205850304037,-0.15525376033238017,-0.1481865284974094,-0.0284974093264248,1,0.6134425681324194,1.3340578498578832
GHSTUSDT,2021-08,-0.015235685740664542,-0.030237032206812474,-0.0390852855183253,-0.0432558139534883,-0.2209302325581394,1,0.0847628657921291,0.2108980827447023
TRIBEUSDT,2021-08,-0.047638357706710634,-0.03105380287398432,-0.08626602376136791,-0.0936778957083526,-0.2823027226580527,1,0.2705951333919671,0.6124303723248314
GNOUSDT,2021-08,-0.09323321572482404,-0.05224866916969242,-0.09777616312251373,0.0165048543689321,-0.2391585760517799,0,0.0478128179043744,0.4174296371651408
ALPACAUSDT,2021-08,-0.07913214161838389,-0.17290853648209245,0.12345455624283058,0.1113687240166294,-0.2567956507834985,1,0.3014254500052022,0.7167828529809593
RAYUSDT,2021-08,0.0011482502013979118,0.1447045389019789,0.5134276134075326,0.6384194239466796,2.5189240656986436,0,0.0877783531848781,0.4241325737959606
REQUSDT,2021-08,-0.015939271962492913,-0.07865643347486995,-0.13820831723835597,-0.1335425383542539,-0.2702231520223151,0,0.318014705882353,1.016544117647059
MINAUSDT,2021-08,-0.1048694530741195,-0.07564450069281282,0.007574241646205491,-0.0120481927710843,0.7815878900216251,0,0.3047158403869408,0.5638855300282145
MBOXUSDT,2021-08,-0.1263278398325795,-0.12348845571514691,0.7160923410487282,1.0500641848523746,0.3072314933675653,1,1.373793803961402,1.9812087353986791
FARMUSDT,2021-08,0.025424629829955914,-0.09534996631974649,-0.10220161692859558,-0.1131361760660248,-0.3383768913342503,1,0.4821610601427117,3.8848114169215098
USDPUSDT,2021-09,-0.007070964563667921,-0.002500757393623604,-0.05316599451077556,0.0,-0.0001999999999999,0,0.0,1.0007
VIDTUSDT,2021-09,-0.09768347655864218,0.1258595655369051,-0.0329523587411315,-0.0044133476856835,-0.0666307857911733,1,-0.1326673513210716,0.4388012323779293
ILVUSDT,2021-09,0.02894492065085573,-0.03412059354209558,-0.10258476621664886,-0.1393517670756272,0.4451565647317341,0,0.317490952955368,0.4451145958986731
POLYUSDT,2021-09,-0.0768750091332881,-0.13565657615838506,-0.11014700267582112,-0.0783758262511802,0.0639417239983812,1,0.0248859394442138,0.1536015484584542
SYSUSDT,2021-09,-0.04518071119212831,-0.04397326741686636,-0.13933364592613995,-0.0217321828060084,0.1629913710450623,1,0.0929095354523228,0.1536849458609851
IDEXUSDT,2021-09,-0.18678413478619807,0.12694134515773797,-0.03866749557836378,-0.0100870332491075,-0.3914891910319656,1,-0.053973553907154,2.3334218664035973
DFUSDT,2021-09,-0.11509443197876033,-0.20196428473486508,-0.3461931250893526,-0.204537270435722,-0.2653943104069139,1,0.4110772357723578,0.513211382113821
YGGUSDT,2021-09,-0.19399780140135436,-0.2832437440869745,0.001917528714650854,0.1266846361185982,-0.122854305575259,0,0.1542492222040281,0.411822498771901
DYDXUSDT,2021-09,-0.18465849446057422,-0.1296431484456556,0.14227765722919777,0.1862616606275537,0.6831393107701798,0,3.323666666666667,4.478333333333333
GALAUSDT,2021-09,-0.12009227745542708,0.6915840269949406,0.6923129308246307,0.9127303537386148,0.7930523194238508,0,1.2448882548739897,2.711364717070851
ELFUSDT,2021-09,0.08579916922988057,0.0034901132855429673,-0.12451806774293096,-0.0773284313725489,-0.1305147058823528,1,0.0414805360561583,0.0971282705807274
FIDAUSDT,2021-09,-0.0028039077422400277,0.06945404283971826,-0.13908603202090278,0.067937033968517,0.3055509527754763,0,0.0671971706454463,0.260654288240495
XECUSDT,2021-09,0.027422341862632,-0.1551066170314789,-0.2066641308596536,-0.2704490404322713,-0.2454505931308614,0,0.402465049431645,0.7062845694873917
RADUSDT,2021-10,-0.13739574133260896,-0.06203159663735304,-0.32198040927223515,-0.2272828383939494,-0.3834946057168279,0,0.8536233378002267,2.144005772600763
LAZIOUSDT,2021-10,-0.29157154214273967,-0.6183868910242966,-0.6720344596967545,-0.502610752688172,-0.6938666666666666,0,22.25,99.0
CVPUSDT,2021-10,-0.08272144319988067,-0.2043018609302722,-0.30917223740322297,-0.1429731925264014,-0.3038180341186028,1,0.0169351507641473,0.3663775299463032
RAREUSDT,2021-10,-0.03899180561561394,-0.1907789700686232,-0.2317215327181612,-0.1441969519343494,-0.4138335287221572,0,0.7278865631330182,2.37609723160027
BETAUSDT,2021-10,0.04810827893494089,-0.23383277838716296,-0.5188643630059813,-0.319625386996904,-0.4626377708978328,1,52.82436260623229,78.15347442092984
ADXUSDT,2021-10,-0.100121192193994,-0.27010057997152026,-0.43099026750321445,-0.3638786211639302,-0.3776325969225479,0,1.1752056843679877,2.602468212415856
AGLDUSDT,2021-10,-0.15116853666695093,-0.300235150906293,-0.37264613410731295,-0.2505285412262157,-0.4086680761099366,0,0.6028464927143342,0.8424262961707896
CHESSUSDT,2021-10,-0.20824915019568604,-0.33087566733911744,-0.43581883759785234,-0.336582196231319,-0.2280701754385964,1,0.6968026460859977,2.381109886071297
AUCTIONUSDT,2021-10,-0.035020390941313526,-0.03856060605556119,0.0055608456552691185,-0.0156903765690377,-0.2003138075313808,0,0.1048829817971686,0.2395261485119907
FRONTUSDT,2021-10,-0.04936984258787438,-0.11945325365180914,-0.24745109849904956,-0.0884099908620164,-0.1396588486140725,1,0.0240174672489081,0.2189644416718652
KP3RUSDT,2021-11,0.10244757072495593,0.10361540834220116,-0.04157081621565062,-0.1315268655614966,-0.5083357373353817,1,0.4204698146471626,0.5830180587983038
ENSUSDT,2021-11,-0.2870074129510554,-0.2762123733141126,-0.3545999735226965,-0.3476022758060146,-0.4227851530750474,0,0.690792487402657,1.7485112230874944
RNDRUSDT,2021-11,-0.11805518771171955,-0.21537310144624533,-0.24230294148801934,-0.2950468540829987,-0.309772423025435,1,0.2245901639344263,0.8926229508196722
MOVRUSDT,2021-11,-0.03576042547606677,-0.010746997661852838,0.02624787545188484,-0.0329865516366404,-0.4770362852068003,0,0.0204557224236148,0.3982392542723977
RGTUSDT,2021-11,0.20041264637096662,0.03350064192138209,-0.0071885726183766735,0.044731610337972,-0.3834493041749504,1,-0.0897986880796199,0.6711151323230039
PLAUSDT,2021-11,0.10469190072953259,-0.06394539742629447,-0.13396217674733327,-0.1343556042351222,-0.3895582329317268,1,0.1225409836065574,0.3729508196721312
PYRUSDT,2021-11,0.01525477367705974,0.06902157380836112,-0.022694685227789377,-0.0247222222222222,-0.5244444444444445,0,0.1846001974333662,0.7045080618624547
QIUSDT,2021-11,-0.05697325850007874,-0.10815658066198086,0.2693310190696183,0.1576215195847097,-0.2000943841434638,0,0.2185163887291548,0.7251293847038527
JASMYUSDT,2021-11,-0.1858125664729231,-0.18803436481042313,-0.3698242725482701,-0.290363482671175,-0.6293322062552832,0,0.6305995864920744,1.5148173673328738
BNXUSDT,2021-11,-0.13368480053149098,0.09219939118385646,0.18076416983855328,0.2640791476407913,-0.3051750380517504,1,0.1978122151321786,1.096627164995442
VGXUSDT,2021-11,-0.07669575332170069,-0.24057610120467363,-0.23088809657742676,-0.1845916200038618,-0.427495655531956,1,0.3697434541126687,1.2562814070351758
CITYUSDT,2021-11,-0.07649124273012597,-0.07701729041380796,-0.09984609535544711,-0.1583129584352078,-0.4015892420537897,0,0.1329639889196676,2.6703601108033244
ALCXUSDT,2021-11,-0.08324449134377557,-0.15331920367540908,-0.18667071319715314,-0.2629658587438102,-0.3836330466510295,0,0.0031372549019608,0.2227450980392156
POWRUSDT,2021-11,-0.24264362616262744,0.10721543593486602,0.1270950101177719,0.0751858605695048,-0.3791555617898723,0,0.3623160710873303,0.6216319510796867
PORTOUSDT,2021-11,-0.2088221881198823,-0.27383810343222176,-0.3599601137576135,-0.3315428158496929,-0.6068649885583524,0,7.303000000000001,40.11
AMPUSDT,2021-11,-0.16127664893982588,-0.14218851246062714,-0.13871920348756542,-0.1384637188208617,-0.2854308390022675,0,0.418291457286432,0.6080402010050251
DARUSDT,2021-11,-0.2331492804352315,-0.49475793644983906,-0.6165293488526986,-0.4304732966736979,-0.2665429883151194,1,142.66391304347826,729.434347826087
FLUXUSDT,2021-12,-0.018002481141739964,-0.2442555182328927,-0.11173109281827084,-0.1248630887185103,0.56078860898138,0,0.4967213114754099,3.098360655737705
VOXELUSDT,2021-12,0.2777680833524613,0.07329244259552484,0.023422319685890175,0.0352733686067019,-0.1405291005291006,1,13.175,33.75
BICOUSDT,2021-12,-0.16098928268618987,-0.19151133331057224,-0.43843149732477726,-0.3537751401252884,-0.419221892515661,0,0.0772509323388384,0.4205292132836085
HIGHUSDT,2021-12,-0.31919333434663383,-0.47307548863423754,-0.6028487401496566,-0.3971267316572601,-0.5731144176500769,1,-0.2012295081967213,1.0860655737704918
USTUSDT,2021-12,0.008704710634798685,0.0013370632911118875,0.09384527960184069,-0.0010979139634694,-0.0020960175666233,1,0.0019,0.089
PEOPLEUSDT,2021-12,-0.06476352075991534,-0.1247500461099949,-0.2267218343045429,-0.2611540749553837,-0.7763236168947055,0,0.2181159420289853,0.4492753623188405
MCUSDT,2021-12,-0.03147714579960809,-0.26984219899914597,-0.4047099437402747,-0.4383708467309753,-0.4683815648445874,1,-0.0994208494208493,0.443050193050193
ANYUSDT,2021-12,-0.27141922292129356,-0.33181945654311723,-0.14728335395425246,-0.1327800829875519,-0.116182572614108,1,0.2836218375499335,1.151797603195739
JOEUSDT,2021-12,-0.021147616065961203,-0.08773568415630467,-0.23146646343742155,-0.2351945854483924,-0.5812182741116751,0,0.069683257918552,0.2660633484162896
OOKIUSDT,2021-12,0.13492106630693007,-0.06925888153026848,-0.1442858923514773,-0.2127659574468083,-0.7490276824525279,1,1.027365491651206,83.02411873840445
SPELLUSDT,2021-12,0.05492986045437122,0.18396859590734868,0.1679366124666399,0.0757228086278107,-0.6140431390546122,0,-0.075519728468392,0.2834111158252014
CVXUSDT,2021-12,-0.10177393505779277,-0.07049576581788614,0.037217694380449154,-0.0379860642841088,-0.3928972802877051,0,0.1552843417294209,0.3451051674889639
FXSUSDT,2021-12,-0.047943459109287136,-0.09849658521230141,-0.21991767043736615,-0.2145995096035963,0.8467000408663672,1,-0.0876211782252049,0.2608128262490679
SANTOSUSDT,2021-12,-0.19882463658692784,-0.6653623156908942,-0.6474050356740391,-0.5380403458213256,-0.6641690682036503,0,3.1639999999999997,13.397200000000002
IMXUSDT,2022-01,-0.07213188691582297,-0.09407432720206796,-0.01432380527970725,-0.0052854122621565,-0.2555496828752641,0,0.0087976539589442,0.2348707011463609
BTTCUSDT,2022-01,-0.0252312084250099,-0.02512775054416043,-0.008168677804303852,0.0384615384615385,-0.1298076923076923,0,0.0666666666666666,0.5384615384615385
SCRTUSDT,2022-01,-0.06997940681955826,-0.14012333746894112,-0.15200950239260502,-0.1110577692430788,-0.1028964634341494,0,-0.1444414019715225,0.7119386637458928
ACAUSDT,2022-01,-0.17342102109527693,-0.23774975626242664,-0.35588312678588285,-0.2665340626553953,-0.4704127299850821,1,0.0055,0.4899999999999999
API3USDT,2022-01,0.07314828421030253,-0.18095042666892028,-0.25182477962622773,-0.1955032119914346,0.4944325481798715,0,0.1145584725536992,0.6229116945107399
ANCUSDT,2022-01,-0.019079631474932635,-0.21168884068390356,-0.08495678763078779,-0.038295243977764,1.0494132180358244,1,0.0445161290322579,0.2851612903225806
GLMRUSDT,2022-01,-0.3201790101517899,0.10085419297206082,-0.25347394160006703,-0.2307506396313057,-0.5390820978240035,0,46.9964,203.0
ACHUSDT,2022-01,-0.24514849750271817,-0.3572131669423872,-0.4171417599557415,-0.3350991745718862,-0.2855734877417766,0,0.2557240099009901,0.5160891089108911
XNOUSDT,2022-01,-0.0018481330995842125,-0.0848213387022302,-0.12310376886622165,-0.0253940455341505,-0.2359894921190892,0,0.0269784172661868,0.7931654676258993
LOKAUSDT,2022-01,-0.1429328340145744,-0.19823619360432715,-0.058643279361647344,-0.1385744234800837,-0.1925786163522012,1,13.906249999999998,22.999999999999996
TUSDT,2022-02,0.1145147532988843,0.23096197690148706,0.21948816398314291,0.2432,0.06,0,0.0702054794520548,0.2440068493150685
ASTRUSDT,2022-02,-0.10116129113592051,-0.10005786284129534,-0.14248954439354025,-0.236722306525038,0.1691957511380879,0,-0.0531609195402298,0.3613505747126436
ALPINEUSDT,2022-02,-0.13988013092561416,-0.37852851869466664,-0.5587265958199493,-0.3329904293035987,0.5240553300145123,0,4.4437,17.9995
WOOUSDT,2022-02,-0.04718304431096612,-0.23506793625844288,-0.25163468615288387,-0.2136113296616836,-0.3646734854445318,0,0.1103669190448457,0.2798485730926034
BSWUSDT,2022-03,-0.0794058610502484,-0.2730212065012873,-0.4182178162039653,-0.2435359888190077,0.4093873747961798,1,1.429541595925297,2.904923599320883
APEUSDT,2022-03,0.4084502110685744,0.11420452897241828,0.34272499884914037,0.5146023100760635,0.369177857075782,0,7.5192,27.0
GMTUSDT,2022-03,-0.06532494678305001,0.8416892230741342,1.4512681643431076,3.184285929724024,15.414643341879051,0,12.262,18.0
KDAUSDT,2022-03,0.02087845911386542,-0.04917517299973758,-0.11053698770671933,-0.034646634983903,-0.0617813889314732,1,0.0502334567702462,0.5577201738850427
NBTUSDT,2022-03,-0.1707648934187657,-0.282531030756129,-0.41951236355705374,-0.291238670694864,-0.5631419939577038,1,0.3239999999999998,1.0727999999999998
MOBUSDT,2022-04,0.026229937133727683,-0.18990366339031453,-0.4176676073450642,-0.3854824165915239,-0.5527502254283139,1,0.2495774647887325,1.535211267605634
MULTIUSDT,2022-04,-0.1783073821393932,-0.23012630137331033,-0.3512107267086898,-0.3291416074357572,-0.4324767632586112,1,0.3908745247148288,0.9452471482889736
NEXOUSDT,2022-04,0.02062475150224171,-0.05793178345443009,-0.14815055863478477,-0.1953924914675767,-0.4680034129692831,0,0.0654545454545452,1.3390909090909089
STEEMUSDT,2022-04,-0.08804542501506117,-0.21225628254861023,-0.09401143251460072,-0.1152430757311641,-0.4541932984698819,0,-0.1377755511022044,0.2815631262525049
BIFIUSDT,2022-04,-0.020481505430013824,-0.07031109755887244,-0.07117755600229486,-0.149823190024195,-0.1803461753210496,1,-0.0518235294117646,0.6993529411764706
EPXUSDT,2022-05,0.2907849395517051,-0.024537242923530274,-0.2601211320596084,-0.1595166163141993,-0.7021148036253777,1,-0.159471813103098,0.8237684103605893
REIUSDT,2022-05,-0.16637927856784512,-0.2824163930980418,-1.106323062884068,-0.7574503311258278,-0.6365894039735099,1,-0.1978751660026561,0.49468791500664
GALUSDT,2022-05,-0.26784681350735173,-0.4825624899180198,-1.0432233131897157,-0.7201956271576524,-0.746662830840046,1,10.586666666666666,132.33333333333334
LDOUSDT,2022-05,-0.02631094134868045,-0.3184052224905002,-0.32732616496440775,-0.284,-0.499,0,-0.2882562277580071,0.7430604982206406
OPUSDT,2022-06,0.20556406386723214,0.12086976063036559,-0.5366454569186876,-0.4074675324675324,-0.5698051948051948,0,-0.1444444444444443,0.8062500000000002
LEVERUSDT,2022-07,0.755790867089935,1.2646556375375715,0.7615962551053714,1.4579925650557617,1.3130111524163568,1,-0.0685595567867035,0.4016620498614958
STGUSDT,2022-08,-0.18403821438038642,-0.2054285154741565,0.12733604648898422,0.1034523668288054,-0.3797603511685845,0,1.5056480380499409,1.7942925089179549
LUNCUSDT,2022-09,0.0023876466441285684,-0.40901273774928454,-0.2700814408776887,-0.2923162842649044,-0.2875226881370131,0,-0.1699053505891441,0.5448715472281245
APTUSDT,2022-10,0.01080786329260809,0.19734529015346328,0.14532111603140446,0.256041088966902,-0.3555670905787699,0,6.3207,99.0
POLYXUSDT,2022-10,-0.24759020142404883,-0.46151540036315675,-0.5943605956327566,-0.4542994588093807,-0.5832832230907998,0,0.3875677930746768,1.1677096370463076
GMXUSDT,2022-10,-0.13142467296695878,-0.09844651340743561,-0.22462398394760633,-0.2409189083055174,-0.1523659925387787,0,0.2449278904913225,0.6377413835248107
NEBLUSDT,2022-10,-0.03716193863187182,-0.04125346803899262,-0.3463266465228515,-0.2931818181818182,-0.6025974025974026,1,0.0657439446366781,0.1695501730103805
OSMOUSDT,2022-10,-0.08753254669372457,-0.030321410661291785,-0.03460433413522513,-0.0078979343863911,-0.3863912515188334,0,0.5826923076923076,0.7192307692307692
PHBUSDT,2022-11,0.21591234820933822,0.7065641753602381,0.4727188033994333,0.5872206025267248,0.2315354713313897,1,0.0021913805697588,0.1241782322863403
HFTUSDT,2022-11,-0.3904357538474887,-0.28643615860784855,-0.3317902460308848,-0.4207819928204133,-0.5343941010963422,0,5.871333333333333,232.33333333333337
HOOKUSDT,2022-12,-0.03525086808260827,-0.1318039236956053,-0.0884093993276602,-0.0713107672975732,-0.5301971255792037,1,24.466,49.0
MAGICUSDT,2022-12,-0.1138426692285558,-0.27746545073041123,-0.2011593511120497,-0.2188521375343182,-0.273892012027716,0,1.0018319811567653,1.7042658989793251
PROSUSDT,2023-01,-0.04819626991824535,-0.14583477301040898,-0.1073319369534306,-0.0878464818763326,-0.0606965174129352,1,-0.1218324803395332,0.2608912744975658
HIFIUSDT,2023-01,-0.05825665016143714,-0.05647933964901039,-0.13126095722060802,-0.0194766869958684,-0.0159354711784379,1,-0.0325466311381804,0.7087933003425962
RPLUSDT,2023-01,0.012698940150137839,0.0052803545365830845,0.13691042115645805,0.2789072426937737,0.6397712833545106,0,0.2268121590023382,0.671862821512081
AGIXUSDT,2023-02,-0.04335571680214325,-0.1281868795288965,0.08088615808558701,0.0231429552477966,0.1828316355728509,1,0.0815795989106216,0.119088883386977
GNSUSDT,2023-02,0.003300758364584579,-0.11218328064508198,-0.15187250395191781,-0.1893180270454324,-0.1348380192625741,0,0.70407824933687,1.3010610079575595
LQTYUSDT,2023-02,-0.13724188663434156,-0.047126888996708007,-0.06959546052782595,-0.1052631578947368,-0.0166204986149585,0,1.166,1.867
SYNUSDT,2023-02,-0.1003213752634779,-0.17388413404989642,-0.22381633956479854,-0.2188281202365709,-0.4732028534845436,0,0.6667682926829268,0.9206300813008128
SSVUSDT,2023-02,0.05646636660748025,0.2444311429387225,0.08572794210363632,0.0504623513870541,-0.0015852047556143,0,0.0381239714755896,1.703236423477784
VIBUSDT,2023-02,-0.05924128625144576,-0.08216911380713518,-0.17318029314665587,-0.1891545687446626,-0.2325362937660119,1,0.1357904946653734,0.3326867119301648
UFTUSDT,2023-03,-0.035089796656481057,-0.07652482187633569,-0.1030047702085277,-0.0959232613908872,-0.0627861347285807,1,-0.0099287718540902,0.0947550183466436
USTCUSDT,2023-03,-0.03329506902196491,-0.11229344329133506,-0.2513703639039948,0.0573400478226215,-0.0249800739076878,0,0.0115254237288136,0.1734393037104901
QKCUSDT,2023-03,-0.024327200606769562,-0.06781601269023438,-0.10645446171167015,-0.0990366739901977,-0.0280547574784519,0,0.0166666666666668,0.3973367697594502
BETHUSDT,2023-03,0.0009768542298928178,-0.0038113830646661776,0.005507219318273429,-0.0936001505388902,0.152453070149825,1,-0.0057225806451611,0.0567612903225806
GLMUSDT,2023-03,-0.02287745259791017,-0.06299458907175605,-0.10671230300831662,-0.0992689495959985,0.0,0,0.0346337579617836,1.8125
RDNTUSDT,2023-03,-0.06494876852912888,-0.15527914056522094,-0.15935968300960876,-0.1471494607087827,-0.0082177709296353,1,0.4185792349726775,0.6320582877959926
LOOMUSDT,2023-03,0.05646141500032926,-0.014889054089147676,-0.05415579965717632,-0.0178359096313912,-0.0865041617122474,1,0.0437480608129072,0.615730685696556
OAXUSDT,2023-03,-0.12345696904151438,-0.3064052435087047,-0.2890433765736805,-0.2234424025100851,-0.3160017929179739,1,1.4289602612955905,1.7947740881872618
IDUSDT,2023-03,0.2254726062881779,0.14657064625092928,0.09676976910864815,0.1459778597785979,0.825338253382534,0,15.259999999999998,99.0
PROMUSDT,2023-03,-0.055090595026995134,-0.15756132140714385,-0.18861752993660227,-0.1701030927835052,-0.1185567010309278,0,-0.1287425149700598,0.1467065868263472
ARBUSDT,2023-03,-0.007607554311992448,-0.019016633240479683,0.05235149598977465,0.0438072179768478,0.1085722932586819,0,1.6434000000000002,2.2
GASUSDT,2023-03,-0.03840007368518977,-0.11294131917903939,-0.07698819439304481,-0.0720936419260441,-0.0625166267624367,0,0.0441666666666666,0.3222222222222222
AMBUSDT,2023-03,-0.11076946656926531,-0.09471134154815239,-0.23176819797522785,-0.2850553505535056,-0.3653136531365314,1,-0.1078189300411521,0.9135802469135804
EDUUSDT,2023-04,0.02857693388570898,-0.050206851366855446,-0.15290686552819935,-0.1361129125102923,0.0317912546725056,0,26.447799999999997,28.799999999999997
WBTCUSDT,2023-04,-0.0038190065890523735,-0.002295712356432174,-0.0006243239220809858,0.0059871891087361,-0.0465907162693967,0,-0.0012046899697926,0.0979521289422435
PEPEUSDT,2023-05,-0.3268915720352345,-0.5894449089946541,-0.6604277071136273,-0.5308310991957104,-0.6702412868632708,0,0.8934010152284262,1.2284263959390862
ASTUSDT,2023-05,-0.1963727726001689,-0.281360546569456,-0.3955959665008401,-0.3310880829015544,-0.472538860103627,1,0.8363463368220743,1.664129400570885
SNTUSDT,2023-05,-0.025686487395270935,-0.04201861614132623,-0.06738438635129021,-0.0712273641851106,-0.1927565392354124,1,-0.0044070512820512,0.421073717948718
FLOKIUSDT,2023-05,-0.15690887960941974,-0.26573920193377726,-0.17878731632426398,-0.2405433646812956,-0.3442006269592476,0,0.4814241486068111,0.6718266253869969
AERGOUSDT,2023-05,-0.023695548725523406,-0.06206254952866043,-0.07257055197619972,-0.1554364471669218,-0.1424196018376722,1,0.0373312152501983,0.1675933280381253
SUIUSDT,2023-05,-0.04571197826400213,-0.0465111953137279,-0.12277529445972227,-0.1590325342465752,-0.3283390410958904,0,13.015999999999998,18.999999999999996
MAVUSDT,2023-06,-0.23402875981263688,-0.2052259805473755,-0.23711008774810324,-0.1998852333588371,-0.4164116296863046,0,9.456,38.599999999999994
COMBOUSDT,2023-06,-0.13268730450076086,-0.3194099708396243,-0.4364590967054867,-0.3718232044198895,-0.5276243093922652,1,0.0462427745664739,0.2554913294797687
FDUSDUSDT,2023-07,0.004310857114760933,-0.00013194966209310007,0.005370034278468731,-0.0002997601918465,-0.0002997601918465,0,0.0007999999999999,0.05
ARKMUSDT,2023-07,-0.06683264464924991,-0.045075983532042736,-0.22608113887283246,-0.2191822465420276,-0.4389724882200942,0,12.158,16.799999999999997
WBETHUSDT,2023-07,0.00473284749126877,-0.008948196379249679,0.010135297057604459,-0.008634346443971,-0.1142818175141894,0,-0.0035595745236913,3.013480385751248
WLDUSDT,2023-07,0.04167072307053293,-0.03212526244508723,0.06736152104815547,0.0717260527533547,-0.3489125404905137,0,13.406666666666668,34.266666666666666
PENDLEUSDT,2023-07,0.11542627847046395,0.05190700187779922,-0.02734970847652493,-0.0502341920374707,-0.1662763466042155,0,0.0954335556695742,0.654694715238584
CYBERUSDT,2023-08,-0.07089927677270191,0.06210877923644343,0.030761640025440545,-0.0797951781523363,0.0797951781523362,0,2.254861111111111,11.354166666666666
SEIUSDT,2023-08,0.19908945708133968,0.04636111213479133,-0.034007589845254704,-0.1375069871436557,-0.339854667411962,0,1.7953125,6.5
IQUSDT,2023-09,0.016964390953336222,-0.0884822429420862,-0.08850397356114005,-0.0734463276836158,-0.0772128060263652,0,0.0152963671128105,0.1089866156787763
CREAMUSDT,2023-09,0.4237654270039208,0.5161686341700562,0.45985143866344097,0.6033129904097645,0.4036617262423714,1,-0.0017406440382941,4.032201914708443
ARKUSDT,2023-09,-0.04546086142537726,-0.15051267306653074,-0.15621402732906103,-0.1341065011434171,-0.2606991179353152,0,0.2945654472404313,4.0
GFTUSDT,2023-09,0.28640668008723996,0.4303277078390227,0.6961994067403801,1.0307802433786684,0.2705798138869004,1,0.0425373134328357,2.067164179104478
TIAUSDT,2023-10,0.09001023488744356,0.04606764545814587,0.0038000899420487025,0.0258121158911326,1.8063213345039508,0,-0.208202989224887,0.3823079596802224
NTRNUSDT,2023-10,-0.17720938555229893,-0.16342747079262543,-0.323832024098275,-0.2500653936698926,-0.2210306042375097,1,0.3357791754018167,0.7470300489168413
BEAMXUSDT,2023-11,-0.04708769039371478,0.06737421430781398,0.024938152358227904,0.0307443365695792,2.2286947141316076,0,0.5256120139888911,0.9312898580538984
PIVXUSDT,2023-11,-0.1737302078805456,-0.32472698524165405,-0.4319229739098561,-0.3304394046775336,-0.403082919914954,0,0.3116430397397165,0.4931443179177316
MEMEUSDT,2023-11,-0.05389076774316969,-0.23093556081384672,-0.29235665148515366,-0.1979166666666665,0.1552579365079365,0,25.208,99.0
VICUSDT,2023-11,-0.06530412960770436,-0.16258904314309533,-0.16221636640685677,-0.1278976818545163,-0.30775379696243,0,-0.0794701986754967,0.1942604856512141
BLURUSDT,2023-11,-0.07602796408153496,-0.2119685234297913,-0.2749212411582015,-0.2208513263417643,-0.19694632942628,0,0.5942955495451192,0.9424637324809444
ORDIUSDT,2023-11,-0.0861321185525793,0.3256371020265675,0.4753109175660474,0.6154242023231877,2.726437288634024,0,1.303471634208298,1.4218458933107536
NFPUSDT,2023-12,-0.21447408524128042,-0.12343282228367594,-0.5607188184522599,-0.4368720798190029,-0.539567098066071,0,56.6805,93.0
JTOUSDT,2023-12,0.3818605602458202,0.3551617766429557,0.37289629690403336,0.4435160427807485,-0.2733121657754011,0,14.957333333333334,31.933333333333337
ACEUSDT,2023-12,-0.03411288212531771,0.07570408471207976,-0.03361182611589338,-0.0122369558950705,-0.3567454597866819,0,37.857462895547464,44.869224306916834
BONKUSDT,2023-12,-0.09468703571807102,-0.1453903119900475,-0.2518031517848834,-0.1849978929624947,-0.4003371260008429,0,0.2156762295081968,1.0491803278688527
VANRYUSDT,2023-12,-0.047017202542736725,-0.16554767706357432,-0.21407605855279316,-0.0781710914454276,-0.2162241887905605,0,0.2543940795559667,0.6014801110083257
1000SATSUSDT,2023-12,-0.10984715450563157,0.2674765425662514,0.21100920629749795,0.2582457412105836,0.1330192098586444,0,1.2689144736842102,1.846217105263158
AEURUSDT,2023-12,0.9325707895804637,,0.009660718783253532,0.0021231422505307,0.0064617372842241,0,-0.0038620689655172,0.2069885057471263
ALTUSDT,2024-01,0.06940644162082157,0.15306858760136433,-0.008741453655651224,0.0687389593082714,0.568475532277559,0,52.778333333333336,57.33166666666667
AIUSDT,2024-01,-0.04025157650139688,0.1920992187882342,-0.15730831754092603,-0.1032146716776618,-0.058454441343936,0,40.33133333333333,85.00000000000001
JUPUSDT,2024-01,-0.1056330401519398,-0.16823688663948325,-0.21746450431144684,-0.1620069517908416,-0.0707269155206286,0,21.056666666666665,28.066666666666663
XAIUSDT,2024-01,0.06356715385323343,0.04208332141777844,0.5948050763726838,0.6958402662229619,0.3782029950083196,0,29.049999999999997,58.99999999999999
MANTAUSDT,2024-01,0.05531983510171938,0.201916217935629,0.3494158342759976,0.3713476288089916,0.3405209940806597,0,42.417,65.66
STRKUSDT,2024-02,-0.029992264165078726,0.009884484196182097,-0.11431701551375052,-0.0264631043256997,0.0631043256997454,0,8.825,37.55
PYTHUSDT,2024-02,-0.014717665541374181,-0.0038552114795528548,-0.031136835840438255,0.0575883575883577,0.4141372141372141,0,0.2964959568733154,0.5633423180592991
PORTALUSDT,2024-02,-0.06844656387018733,-0.0438372564080436,-0.12451568329421751,-0.0348623853211009,-0.1927022518765638,0,46.96,85.0
RONINUSDT,2024-02,-0.035983343622970315,-0.13560010551690327,-0.12798799537068623,0.0283714075165806,0.0729550478997789,0,0.1432181971356358,0.3563605728727885
PIXELUSDT,2024-02,-0.06856218423999377,-0.03596146485315525,-0.011645959772747842,0.04,0.3523287671232875,0,12.6875,16.3675
DYMUSDT,2024-02,0.12159213162051201,0.3066093216302135,0.21128889468819445,0.4244516653127537,0.3937855402112105,0,23.62,30.604999999999997
WIFUSDT,2024-03,0.13994718909851891,0.26586162401743385,0.22112995670132995,0.3987718164188751,1.2915319974143502,0,0.3008745375042043,0.7130844265052136
BOMEUSDT,2024-03,-0.1662799295792505,-0.559716516230694,-0.38209275109296476,-0.3312650312650312,-0.5953823953823953,0,1.8393881453154872,3.021305654192844
METISUSDT,2024-03,-0.009530796174648835,-0.046347053556675455,-0.28074925605140166,-0.2915981462101958,-0.3209747346389594,0,0.5296135376171967,0.7941916304596387
ETHFIUSDT,2024-03,0.05538645622047877,0.2327938843442776,0.3238433579694406,0.4288461538461539,0.1339743589743589,0,12.565217391304348,22.130434782608695
AEVOUSDT,2024-03,-0.04348956897850677,-0.01189378325422584,-0.15270576244305328,-0.2030769230769231,-0.4153846153846154,0,2.25,2.5
AXLUSDT,2024-03,3.805564880608476e-05,0.01488239349028532,-0.012128348234072411,0.078782044786706,0.0455973249569359,0,0.6351586446856101,1.2947560268411895
PDAUSDT,2024-03,-0.03865876823783372,-0.22146335468502493,-0.22439727700567125,-0.1275380710659897,-0.5491751269035532,1,0.3429910524073285,0.8108223263740946
ENAUSDT,2024-04,0.37304545184132176,0.23736610972470776,0.41608976514686974,0.6012903225806452,0.0296774193548388,0,1.5833333333333337,2.0433333333333334
REZUSDT,2024-04,-0.007277512966662625,0.1018078563262041,-0.10395909480619697,-0.0743749999999999,-0.145,0,15.0,28.889999999999997
TAOUSDT,2024-04,-0.10610558261972539,0.0030506040190236214,-0.19255801639807268,-0.2521655437921077,-0.3989412897016362,0,0.4174624829467939,1.8399272396543884
WUSDT,2024-04,-0.23526373327595282,-0.25809232794452786,-0.5151363664075084,-0.3603053435114504,-0.4366412213740458,0,25.2,36.2
SAGAUSDT,2024-04,-0.08911922149506596,-0.4393415552124725,-0.4090562692238284,-0.3871449925261584,-0.5553216802416033,0,162.90499999999997,196.25
TNSRUSDT,2024-04,0.13146307662330925,-0.14387970804138578,-0.4939558350120916,-0.4596569634013769,-0.5307404275878729,0,54.193333333333335,88.63333333333334
OMNIUSDT,2024-04,-0.1168909165160085,0.004424614885249131,-0.2818734987899244,-0.2085482682387619,-0.4421518054532055,1,26.14,54.5
NOTUSDT,2024-05,-0.11464762107790585,-0.3315651630595941,-0.48553777016746386,-0.3588397427483922,1.762829767686048,0,8.78048780487805,46.496790757381255
BBUSDT,2024-05,-0.1722056727636642,-0.3481982918727798,-0.3529746286334152,-0.2024471635150166,0.1815350389321468,0,17.886554621848738,24.21008403361344
ZKUSDT,2024-06,0.05343024723758612,-0.046629184930145895,-0.12980337047633606,-0.2037558685446009,-0.2173708920187793,0,1.2421052631578946,2.1052631578947367
ZROUSDT,2024-06,-0.1100242494477438,-0.17474825707867275,-0.24783811849562054,-0.2575757575757575,0.5422494172494172,0,2.432,4.62
LISTAUSDT,2024-06,-0.02582752357290967,-0.13951175364830073,0.11194008762804536,0.063902511517313,-0.11428146827166,0,32.645,39.805
IOUSDT,2024-06,0.29561649395384615,0.22609028972902862,-0.056968983524134174,-0.0853921803789876,-0.4137682897577356,0,68.48333333333333,97.0
BANANAUSDT,2024-07,-0.049558255458321765,-0.04626725300715279,-0.0700975377882864,-0.0571918341904317,-0.2050802555711391,0,0.60425,0.9670000000000002
GUSDT,2024-07,-0.07173363211561673,-0.11517474784060122,-0.19007737421976217,-0.157623947614593,-0.3475210477081385,0,0.5138069388718434,0.8881283927307059
RENDERUSDT,2024-07,-0.046962300084170704,-0.08040260630264927,-0.21763298615916693,-0.2715065663272834,-0.0683193153312675,0,-0.0359886201991465,0.1034139402560455
DOGSUSDT,2024-08,0.0695320221782969,0.12418058402860568,0.00835919421522368,-0.0510153946937438,-0.3211595152309204,0,1.239090575724239,2.3003300330033
TONUSDT,2024-08,0.07633839880751145,0.048115238740835856,0.12872474736041062,0.060952074622065,-0.2489546477967191,1,0.4287683823529411,0.4866727941176469
EURIUSDT,2024-08,-0.00899260463553048,-0.003660430674610589,0.015121806475416427,-0.0030611326190691,0.0043215989916267,0,-0.0083035714285715,0.0823214285714284
SLFUSDT,2024-08,-0.0051455115511640295,-0.16600662770235244,-0.35803696783181804,-0.3619736282433007,-0.3258188005104211,1,-0.1985227272727272,0.3304545454545455
CATIUSDT,2024-09,-0.010713202500224792,-0.11487517184655072,-0.2893395742467027,-0.2208077260755049,-0.5041703248463565,0,10.39,13.999999999999998
1MBABYDOGEUSDT,2024-09,0.10310184395675699,0.13568512732076218,0.011575256150279059,0.1007221182134259,0.5094945172506016,0,1.1478630514705883,1.4356617647058822
HMSTRUSDT,2024-09,0.037557497338060776,-0.12604455495606398,-0.2683211942260105,-0.287211093990755,-0.567180277349769,0,5.49,13.149
TURBOUSDT,2024-09,0.09500516962276755,0.22596795047662038,0.22612427819043157,0.3641280830809172,1.2838598009519684,0,0.5119398102715083,0.6355904481517829
POLUSDT,2024-09,-0.0038641328311196637,-0.050298724703238366,-0.06685864999188497,-0.0228821811100292,-0.1083252190847127,0,0.0827622561939904,1.6394306800210858
NEIROUSDT,2024-09,0.6148459078065714,0.8569405127159823,1.1700336141394119,2.5058212231515187,4.4575009030537105,0,10.542334830019245,13.175753688261706
KAIAUSDT,2024-10,-0.04560462881837048,-0.12361966268618195,-0.22325005967248557,-0.1367461430575035,0.4481065918653575,0,0.1362549800796813,0.3051792828685259
LUMIAUSDT,2024-10,-0.12093426255791755,-0.08660056748447452,-0.38526834421190265,-0.3369272237196765,-0.311320754716981,0,0.409306742640076,3.3333333333333335
SCRUSDT,2024-10,0.01388038442462502,-0.029780225082713406,0.014145063926129645,0.1097345132743363,-0.2840707964601768,0,1.8249999999999995,4.1499999999999995
BNSOLUSDT,2024-10,0.015116679774768257,0.08340849956205168,0.15321202674493098,0.1789960369881109,0.4418758256274768,0,-0.0238555770470663,0.1366860090264345
EIGENUSDT,2024-10,-0.20769181328244002,-0.13585030145400878,-0.09677547053803497,-0.0720159481684524,-0.3169698479940194,0,12.376666666666669,15.466666666666669
USUALUSDT,2024-11,-0.20335893371107286,-0.3334429934957505,-0.1428891570023887,-0.1363955119214587,4.05750350631136,0,21.816,37.239999999999995
COWUSDT,2024-11,-0.021167752303934972,-0.11077139904248441,-0.5198107685615347,-0.288888888888889,-0.0229885057471264,0,1.0963855421686746,2.1040160642570283
ACTUSDT,2024-11,0.23017454050504518,0.5411839596098206,0.27858892467945007,0.3483322140138796,0.2216252518468771,0,21.790816326530617,25.9795918367347
CETUSUSDT,2024-11,0.2568899810452336,0.3583314414514852,0.012752146477560594,0.2112299465240641,0.4712566844919783,0,0.5706036745406826,0.832020997375328
PNUTUSDT,2024-11,0.13076972597970232,1.5225132064077371,1.3885957446105945,3.091351074718526,2.3178096212896624,0,2.732569245463228,3.584527220630372
THEUSDT,2024-11,0.07181283562496282,0.013334716985117734,-0.2752031358806437,-0.219001241911236,-0.544414667625335,0,17.191438763376933,23.884066587395964
PENGUUSDT,2024-12,0.2744873352926968,0.05264499702182315,0.2978434715363238,0.2521465968586389,0.1408726003490401,0,7.488888888888889,19.74074074074074
VELODROMEUSDT,2024-12,-0.1377293336856133,-0.31030380678682185,-0.2771523651327936,-0.2691042047531993,-0.5228519195612431,0,0.8429919137466308,1.61455525606469
ORCAUSDT,2024-12,-0.10985435006065934,-0.3599298484475601,-0.329168862839002,-0.2683345246604717,-0.4100071479628306,0,0.8466209081309399,2.3790918690601903
ACXUSDT,2024-12,-0.09528294039980915,-0.28864917989103217,-0.30966129838449813,-0.2539213877099097,-0.428769145598819,0,0.8950865535932859,2.252316838608148
1000CATUSDT,2024-12,-0.05843220502439355,-0.07100895130615675,-0.018415157884799485,-0.0873467600700526,-0.4080560420315235,0,0.165900969882593,0.8093415007656967
VANAUSDT,2024-12,-0.6594824828693472,-0.7293028379987676,-0.5910995197117958,-0.5046364931251999,-0.6253015900700561,0,33.401,34.0
MOVEUSDT,2024-12,0.012885732178028322,-0.1519756862288718,-0.25421950298969304,-0.1544637996733805,0.2276810016330974,0,35.74,42.88
MEUSDT,2024-12,-0.08964582761319342,-0.3330260752062526,-0.7183597869866483,-0.4642920119908306,-0.527420208076177,0,17.903333333333336,19.8
COOKIEUSDT,2025-01,-0.12414075035804871,-0.2019965122355824,-0.2559866459459686,-0.1494233086589774,-0.7214666896195558,0,0.2722295225580375,0.5328515111695137
ANIMEUSDT,2025-01,-0.36893755334612943,-0.4764001690458919,-0.6665845564013335,-0.4825253664036076,-0.7091319052987599,0,0.4783333333333335,0.7833333333333333
BIOUSDT,2025-01,-0.1537018834515949,-0.1645708202468345,-0.5283232803437868,-0.431114931237721,-0.8031679764243616,0,26.14666666666667,48.233333333333334
CGPTUSDT,2025-01,-0.14641842398456542,-0.09911082491626484,-0.13619744286166777,-0.0411795961742826,-0.6057385759829967,0,0.7679661813057774,1.2217003287928605
SOLVUSDT,2025-01,-0.22139712391133698,-0.4980999335858571,-0.7496820736824275,-0.5238828967642527,-0.736517719568567,0,3.1870967741935488,5.35483870967742
SUSDT,2025-01,-0.04265392065407584,-0.33901340311714717,-0.33688368488549125,-0.2579943719621388,-0.3408800204655923,0,0.117815270231627,0.2124678295682012
AIXBTUSDT,2025-01,-0.015813250959338526,-0.15845507384289984,0.32551586044319525,0.5214469262700139,-0.5497133820913225,0,0.2869498855253116,0.5263291783261256
TRUMPUSDT,2025-01,-0.2512607281757424,-0.25549368597621797,-0.5422743269759086,-0.4111827956989248,-0.6477419354838709,0,0.7064220183486238,1.8344954128440365
DUSDT,2025-01,-0.07918665525976815,-0.23164759301049714,-0.3862207814598198,-0.2657851239669422,-0.5323415977961432,1,-0.163864191274704,0.3287879485880131
KAITOUSDT,2025-02,-0.11659225649486875,-0.024996677633560383,0.4162703485626917,0.3065791073817341,-0.1929952572053995,0,15.445999999999998,20.0
LAYERUSDT,2025-02,-0.08806733853954632,-0.2894477302056446,-0.5245870753072964,-0.4088581183611532,0.1428300455235205,0,4.271999999999999,6.5
1000CHEEMSUSDT,2025-02,0.25320538820383864,0.4069824076543069,0.27397550783356006,0.310483870967742,0.2661290322580645,0,-0.1348837209302326,1.3348837209302329
REDUSDT,2025-02,0.385341842058245,0.8361966711519011,0.4469601829267063,0.6089999999999998,0.3139999999999998,0,1.0,1.0
BERAUSDT,2025-02,-0.12356222311777355,-0.5181705078856672,-0.44342269137932827,-0.357806584834232,-0.2233566594011702,0,7.717,14.5
TSTUSDT,2025-02,-0.31187358306541213,-0.18555409236482975,-0.8243092689421868,-0.5630289532293986,-0.735412026726058,0,0.6151079136690647,2.7985611510791366
HEIUSDT,2025-02,-0.0027536623732724594,-0.11641058359408202,-0.28019433175327374,-0.2310908399847966,-0.3185100722158874,0,0.0623149394347239,1.0053835800807538
SHELLUSDT,2025-02,-0.20030076847830897,-0.31787158156201917,-0.7458167912218608,-0.4964040809499916,-0.6397390868038133,0,0.4887948207171313,0.7676792828685258
MUBARAKUSDT,2025-03,-0.15300201753259832,-0.49243686410831966,-0.9911533748836916,-0.6459510357815442,-0.655367231638418,0,-0.0074766355140186,0.9644859813084112
XUSDUSDT,2025-03,0.03086311069231082,0.03551853157631699,-0.0006277809590964734,0.0001000300090026,0.0005001500450134,0,-0.0002999999999999,0.0143
EPICUSDT,2025-03,0.11494832012792726,-0.04116130874231135,-0.2500417609619551,-0.1913965087281796,-0.1396508728179551,0,-0.2652313330279431,0.3985341273476867
GPSUSDT,2025-03,-0.13622235414926706,-0.22500641448819003,-0.562898765441151,-0.4588235294117647,-0.6632352941176471,0,-0.3511450381679389,0.8587786259541984
FORMUSDT,2025-03,0.10313449873762634,0.1006745968040791,0.26837958425122566,0.3087956853519995,0.1902576166159848,0,-0.0218867500982098,0.7463942982210001
BMTUSDT,2025-03,-0.19616614715745784,-0.40577620364544725,-0.6164087721354294,-0.4295880149812735,-0.7161048689138576,0,0.8275154004106777,1.2573579739904173
TUTUSDT,2025-03,-0.10270206900680426,-0.1209110965722633,-0.7191388549953387,-0.5352731840066988,-0.4121833786895541,0,2.788263283108644,3.5995241871530532
GUNUSDT,2025-03,-0.23787457764376027,-0.5711699424316804,-0.33158232412958066,-0.3116615067079464,-0.173890608875129,0,1.584,4.0
BANANAS31USDT,2025-03,-0.19340223286082092,-0.10863243139028596,-0.10766947559005374,-0.1434444952032891,-0.2801888229023906,0,0.2399924471299093,0.8882175226586102
NILUSDT,2025-03,-0.14518224688066197,-0.1497296953039463,-0.3121128847755869,-0.3094910591471802,-0.46767537826685,0,0.8174999999999999,1.4425
PARTIUSDT,2025-03,0.05114124217142295,-0.017056792218654707,-0.40675949764598307,-0.351219512195122,-0.4640243902439024,0,12.12,16.528
BROCCOLI714USDT,2025-03,-0.1883659324973445,-0.1732338250378645,-0.8261600435701834,-0.5824398725007245,-0.4675456389452332,0,0.756234096692112,1.239185750636132
INITUSDT,2025-04,0.09973167749992633,-0.0703415537750378,-0.1255776058968838,-0.0944621091679915,0.3125331213566507,0,2.774,2.8964999999999996
HYPERUSDT,2025-04,-0.19475522975080353,-0.31425843480860643,-0.33392389785686827,-0.2776548672566372,-0.3886430678466076,0,2.013333333333333,2.311111111111111
WCTUSDT,2025-04,0.4188163306277091,0.20119284524377548,0.2709021008082564,0.4647492108032269,0.7741143458435635,0,0.4255,1.0564999999999998
SIGNUSDT,2025-04,0.2332159066748057,0.06544545657562266,-0.018204765284638515,-0.020908078683657,-0.0155882716813063,0,1.6943333333333332,1.9626666666666668
KERNELUSDT,2025-04,-0.314039234415327,-0.42903255737450174,-0.5677832620025375,-0.4136238109849648,-0.4743786437557533,0,2.259,7.99
BABYUSDT,2025-04,0.22791902654250015,0.31758960339589287,-0.19811100313983254,-0.1246912127984942,0.1337489707093282,0,1.8336666666666668,3.166666666666667
BIGTIMEUSDT,2025-04,-0.04660831798493481,-0.12125016880892454,-0.06340783029662109,-0.0496167809600645,0.1107973645287077,0,0.1689720213769256,0.2889028607356179
ONDOUSDT,2025-04,-0.00929561181657604,-0.03435908460748807,-0.08561078753030187,-0.0704855672409935,0.1624524502125754,0,0.2667233560090702,0.3161848072562357
VIRTUALUSDT,2025-04,0.12827747727017785,0.07605780444464261,0.09324032082511921,0.1115530303030301,2.687878787878788,0,0.2574422481543226,0.4289116456299118
USD1USDT,2025-05,0.040083595374864806,0.024496458472444367,0.05622147316224677,0.0,-0.0004000400040004,0,-9.9999999999989e-05,0.0304999999999999
AUSDT,2025-05,-0.07560620262102638,-0.18892753005536383,-0.1698034552060359,-0.1803213909378292,-0.3493150684931506,0,-0.0265418643415823,0.1630978330555199
KMNOUSDT,2025-05,-0.19410471498795573,-0.03107807935330308,-0.17492723942835114,-0.0974560648887795,-0.3539387980828314,0,0.274592731829574,0.4880952380952382
HAEDALUSDT,2025-05,-0.037862895363827025,-0.11613659745925388,-0.13711444015164798,-0.1429375351716376,-0.3016319639842431,0,0.7235693501454898,1.1949563530552862
AWEUSDT,2025-05,-0.004058527666736037,-0.0024823258740881912,-0.05181020064469752,-0.0666175386882829,-0.2144436256448046,0,-0.036495313831298,0.1633058790116443
NXPCUSDT,2025-05,-0.023000751326452674,-0.15999074083328418,-0.39573626534805906,-0.275352380952381,-0.5250285714285714,0,25.25,37.674
SYRUPUSDT,2025-05,0.020496491418446405,0.045995364103757874,0.1427955266701193,0.2400911161731207,0.612756264236902,0,0.5328212290502794,5.983240223463687
HUMAUSDT,2025-05,-0.11615240667280705,-0.22532754206986366,-0.5025057815957314,-0.4147616913192887,-0.522486179590617,0,5.6930000000000005,9.6
STOUSDT,2025-05,-0.11644253153438501,-0.11280498595472979,-0.376180242518678,-0.2704081632653062,-0.4846938775510204,0,1.0502092050209204,1.2290794979079498
SXTUSDT,2025-05,-0.11686759603816384,0.04660395847651515,-0.1152675560849612,-0.1045392022008252,-0.3163686382393397,0,1.4233333333333331,2.3133333333333335
SOPHUSDT,2025-05,-0.1374447330817803,-0.2590938372731942,-0.1531918483501065,-0.1665914900015035,-0.5092467298150654,0,1.217,1.9333333333333331
NEWTUSDT,2025-06,-0.21728467573838905,-0.32921217086671356,-0.4034466958911245,-0.3345169127265931,0.0790506447393011,0,0.7836666666666667,1.866666666666667
HOMEUSDT,2025-06,-0.10707757186611085,-0.10375084975119775,-0.342700764796327,-0.2969551830311324,-0.2045843311666096,0,0.0695206732528357,0.3289425539699963
RESOLVUSDT,2025-06,-0.21518950334426468,-0.2568169648234895,-0.415573065967424,-0.3628679685222967,-0.4610900612066453,0,0.1383543463835435,0.4263437292634373
SAHARAUSDT,2025-06,-0.11663289180494628,0.04038865615970656,-0.16870489809993494,-0.1344069045363646,0.0133670139985264,0,3.7505,6.9
SPKUSDT,2025-06,-0.14614559119778517,-0.334175665594667,-0.3557645598249987,-0.2890970595888629,-0.4259692948217538,0,4.7645,5.9
A2ZUSDT,2025-07,0.05938917415705958,0.05591344975461433,0.07522742320033818,0.0520724848989795,0.18162882732764,1,-0.2237671786580437,0.337914308811641
LAUSDT,2025-07,-0.2476649677546424,-0.4551294183206613,-0.4325766642443137,-0.3080209749465916,-0.3707516022528646,0,0.28725,0.7649999999999998
ERAUSDT,2025-07,-0.21808862720613612,-0.28847605254452824,-0.14796673373663202,-0.1435942538844914,-0.4395192025798886,0,7.5275,9.280499999999998
TREEUSDT,2025-07,-0.23215323011734795,-0.27688737017750287,-0.42039421653490494,-0.3644887632088108,-0.4152403631492781,0,1.239666666666667,4.0
CUSDT,2025-07,-0.15909030427570248,-0.0031416734910641782,0.06453151276782648,0.0638503708481137,-0.27378265075782,0,1.026797385620915,3.9019607843137254
TOWNSUSDT,2025-08,-0.2198028287114872,-0.26330648723665373,-0.2653908241604525,-0.1927471435668156,-0.4282165921510183,0,0.6365853658536584,2.048780487804878
PROVEUSDT,2025-08,0.0914840069087885,0.033788022356776415,0.3830909069806494,0.5439798488664986,-0.1230226700251889,0,2.3083333333333336,2.691333333333333
PLUMEUSDT,2025-08,-0.10167366592225793,-0.0865369587169175,-0.04447479527392108,-0.0938247445096761,0.326701456838443,0,0.2775000000000001,0.4375
DOLOUSDT,2025-08,0.07144949828102691,0.3059305716239395,-0.1341465183706761,-0.1220508166969147,-0.5086206896551725,0,0.102,0.4849999999999999
MITOUSDT,2025-08,0.058601808921571054,-0.04755890216026626,-0.17393915039120084,-0.1419529837251356,-0.3132911392405063,0,0.3166666666666666,0.7857142857142856
BFUSDUSDT,2025-08,0.04159036762266952,0.04935047521841752,0.07609763744827072,0.0,0.0006004803843076,0,-0.0008,0.085
XPLUSDT,2025-09,-0.050277948995802575,0.0994602587211023,-0.41437302272177684,-0.2693180928521099,-0.6928677679480153,0,11.773,13.499999999999998
USDEUSDT,2025-09,-0.02150687650055408,-0.03960308155288184,-0.04592798719338855,0.0,-0.0007993605115906,0,0.0007999999999999,0.01
WLFIUSDT,2025-09,-0.045958068654764817,-0.23725801058560703,-0.12640755612460472,-0.09593147751606,-0.1194860813704496,0,0.1674999999999999,1.3899999999999997
ZKCUSDT,2025-09,-0.16630240002533114,-0.2072120726474709,-0.3207282395791211,-0.2913561847988077,-0.8055141579731744,0,2.2393103448275866,5.496551724137931
OPENUSDT,2025-09,-0.24620599115353858,-0.48794683032490277,-0.5370678459336922,-0.398410817592528,-0.5463860040426569,0,6.1735,17.249999999999996
PUMPUSDT,2025-09,0.04912078522657443,0.3094102901575582,0.26910991294996284,0.326828440522654,-0.3619548617003224,0,0.3089737894269213,0.3487338960462017
BARDUSDT,2025-09,-0.11720011753220456,0.008934375230947283,0.1824123472674636,0.1172915289451317,-0.4110869770516573,0,1.6472499999999997,2.4197499999999996
AVNTUSDT,2025-09,-0.21333858680568166,-0.13777141465297096,0.5286664638649574,0.6569730077120826,-0.5257872750642673,0,0.53679012345679,1.5925925925925926
MIRAUSDT,2025-09,-0.17043085130231886,-0.6211903719824688,-0.8993151226844929,-0.5464401629721704,-0.7613424487259167,0,4.7924,8.2
HEMIUSDT,2025-09,0.20659820900442202,-0.07833416567098062,-0.4024832746265748,-0.3191027496382054,-0.565123010130246,0,-0.8014367816091954,0.8491379310344828
HOLOUSDT,2025-09,-0.08340534299630281,-0.07033098316041934,-0.19875840420691668,-0.1689595872742906,-0.7224849527085124,0,4.286363636363637,8.886363636363637
FFUSDT,2025-09,-0.3829225611582478,-0.4758282811375692,-0.49451101108299256,-0.3349306073190643,-0.4610087672594327,0,4.634599999999999,10.599999999999998
LINEAUSDT,2025-09,-0.008111837190394846,0.19194798451316208,0.08195395719299337,0.1090987494609745,-0.236308753773178,0,3.638,7.706
EDENUSDT,2025-09,-0.07466857448293518,-0.17312911958962485,-0.25674482125975695,-0.1770287141073658,-0.6764044943820224,0,1.6700000000000004,8.340000000000002
SKYUSDT,2025-09,0.0030582951705573,-0.09564994073937755,-0.1123045321341861,-0.1303329864724245,-0.2347814776274713,0,0.017200317544324,0.3014024874305371
SOMIUSDT,2025-09,-0.09235455052133551,0.1676246685850721,0.8457669338095013,1.3361805979255643,0.6432784218019119,0,0.6390000000000002,1.2000000000000002
0GUSDT,2025-09,0.18953899632939136,-0.1783849084982709,-0.5318199349762811,-0.4038024385203556,-0.6276090101260592,0,3.839,6.26
MORPHOUSDT,2025-10,-0.01149591603091599,0.0035625993960979943,-0.2387910712201013,-0.2733582487987186,0.1089161772557394,0,0.2083870967741934,0.3354838709677418
WALUSDT,2025-10,-0.05442656096207149,0.01888124630915442,-0.08957751420194511,-0.1371069182389936,-0.0679245283018867,0,-0.1482142857142858,1.107142857142857
ASTERUSDT,2025-10,0.01827645523854053,-0.18044405601308214,-0.27270450654204154,-0.2966553562772661,-0.4808531265147844,0,0.3753333333333335,1.0
NOMUSDT,2025-10,-0.04716172007502721,-0.1902522953599706,-0.30691109264443395,-0.2350587646911728,-0.5358839709927481,0,-0.2270970235794357,0.2719366061074603
FUSDT,2025-10,-0.043652385888233565,-0.32354301590329715,-0.3813213930708677,-0.3265120509322419,-0.5952705775352433,0,0.0471428571428569,0.3623809523809523
TURTLEUSDT,2025-10,-0.016096068428566545,0.0233384105170212,-0.2583225385010539,-0.2100350058343058,-0.543757292882147,0,0.1426666666666667,2.036666666666666
ENSOUSDT,2025-10,-0.2765194036914229,-0.43017045073753546,-0.6342569683613362,-0.4918660287081339,-0.696012759170654,0,0.0449999999999999,0.6766666666666667
2ZUSDT,2025-10,-0.14985497172746823,-0.22076078435011587,-0.5110546583097184,-0.3944983277591972,-0.6964046822742476,0,10.96,24.6
EULUSDT,2025-10,-0.03212158507862206,-0.1863189761352312,-0.06772810362284386,-0.1030873334743074,-0.410763374920702,0,0.2444736842105264,0.5769736842105263
GIGGLEUSDT,2025-10,-0.25200920313583947,-0.3405968821988794,-0.9015782454838809,-0.599700406591055,-0.5253584421142734,0,2.381331403762663,3.5311143270622294
ZBTUSDT,2025-10,-0.20827993254407862,-0.32128416020418876,-0.4865280900513314,-0.3588277340957827,-0.688348820586133,0,0.399,1.9623333333333337
YBUSDT,2025-10,-0.14852333883519783,-0.31775828504418874,-0.478370238043809,-0.3980901223515368,-0.3585496866606983,0,1.234,1.8146666666666669
BANKUSDT,2025-11,-0.04005997282043461,0.0992634191652742,-0.07453440671927097,-0.1933701657458564,-0.2688766114180478,0,-0.2948051948051947,0.5246753246753246
KITEUSDT,2025-11,-0.06743761188332109,-0.06739943563313666,0.0812401622981133,0.078811369509044,0.251937984496124,0,1.58,3.166666666666667
ATUSDT,2025-11,-0.11269090494802139,-0.017398052341819577,-0.4890867866500364,-0.3818181818181817,-0.2818181818181818,0,0.0999999999999998,0.8299999999999998
SAPIENUSDT,2025-11,-0.2563645427159161,-0.2836793382640225,-0.6484890343795725,-0.4856977752094771,-0.5076567466050275,0,2.1463636363636365,4.8172727272727265
METUSDT,2025-11,0.13940391534912305,0.08759870221917379,-0.1015626553615129,-0.2148799619681484,-0.3836463037794153,0,-0.0991434689507494,0.3368308351177731
ALLOUSDT,2025-11,-0.27943151552184403,-0.5562527133058772,-0.8814694726575012,-0.6264086753136295,-0.7148628534977675,0,1.1377272727272727,3.494090909090909
MMTUSDT,2025-11,-1.2830498619391204,-1.5634164148941585,-1.7506922332146693,-0.8236742424242425,-0.9062878787878788,0,25.4,43.754
KGSTUSDT,2025-12,0.004202601070692362,-0.004119117628751564,-0.0023905462383835385,-0.0026292725679228,-0.0026292725679228,0,0.0372727272727273,0.1
BREVUSDT,2026-01,0.23975736274262038,0.14933208971996076,-0.034248899490626795,-0.0164960182025029,-0.6419226393629124,0,3.6880000000000006,5.0
FRAXUSDT,2026-01,-0.1887759092535857,0.28541300294890837,0.13022835719778664,0.0670634498884048,-0.3120416622382824,0,0.1587438423645319,0.938423645320197
FOGOUSDT,2026-01,-0.21619023363265982,-0.36706253610631134,-0.2339869913209418,-0.2586666666666667,-0.5284102564102564,0,0.3928571428571428,1.7737142857142854
ZKPUSDT,2026-01,-0.27452998775934934,-0.32786458300390164,-0.49021547402469123,-0.3500468603561387,-0.6143392689784443,0,1.0678294573643412,1.2916666666666663
币安人生USDT,2026-01,-0.05707956009748473,0.1885338088321377,0.5477198958052039,0.8350658350658349,-0.2681912681912682,0,0.266900790166813,0.6330114135206321
UUSDT,2026-01,-0.01598842328794414,-0.0013341952072794777,0.07594049658173403,-9.9999999999989e-05,0.0006999999999999,0,0.0,0.0077
SENTUSDT,2026-01,-0.08752538377774097,-0.09491844827555368,0.15211442882797066,0.1004688546550569,-0.2551908908238446,0,1.7145454545454548,2.0727272727272728
RLUSDUSDT,2026-01,-0.00035319964701244726,0.032793150219080906,0.05697744907303619,0.0005995203836932,-0.0004996003197441,0,0.0007999999999999,0.0038
ESPUSDT,2026-02,-0.19571513125304915,-0.34114811547688745,-0.009044536827363843,0.0019355730678833,0.3662380754873495,0,1.6017985611510794,2.196402877697842
ZAMAUSDT,2026-02,-0.20548600989012442,-0.006584929094845926,-0.11392376943685466,-0.2051426956767448,-0.452105114439107,0,0.4155999999999997,0.9552
CFGUSDT,2026-03,-0.1387139212826259,-0.1972487107711594,-0.28987325756913623,-0.2913978494623656,0.0860215053763442,0,0.8599999999999999,2.4799999999999995
NIGHTUSDT,2026-03,0.014758744891886008,0.019639255922233666,-0.033555141827884036,-0.0184685619423116,-0.1541813654285121,0,0.1365566037735848,0.2499999999999999
OPNUSDT,2026-03,-0.1044010491833331,-0.10275612548360946,-0.14161989510624257,-0.1363265306122448,-0.4824489795918367,0,2.675,5.0
ROBOUSDT,2026-03,-0.004158384369064769,0.03622377396540937,0.008455829750253389,-0.0258558774239886,-0.5582954273401963,0,0.2002873563218392,0.4051724137931035
MANTRAUSDT,2026-03,-0.09111634732306481,-0.23454498180282274,-0.32309331600074376,-0.3007487520798669,-0.5524126455906821,0,0.4369396294082488,0.757919904363419
XAUTUSDT,2026-03,0.055497557547447104,0.05096944782061517,0.08214401540519936,0.0553514328055391,0.0639321530776895,0,-0.0019501698754246,0.0322310305775764
KATUSDT,2026-03,-0.11074220025165002,-0.10622703884591111,-0.002142176337109071,-0.0008795074758135,-0.1433597185576076,0,1.274,2.622
MEGAUSDT,2026-04,-0.0671216366689328,-0.3198180248839571,-0.36877478225941956,-0.2752701080432173,-0.6211284513805522,0,2.1433962264150943,5.981132075471699
CHIPUSDT,2026-04,0.5860202258517369,0.3095158850542429,0.11704378915437706,0.12426614481409,-0.2162426614481409,0,4.109999999999999,4.7491666666666665
AIGENSYNUSDT,2026-05,-0.048022991872145704,-0.11053740301452158,-0.21063975390875275,-0.2246431254695717,-0.3100425745053844,0,0.5933758978451718,1.119313647246608
OPGUSDT,2026-05,-0.007246042025228511,-0.05690819773287176,-0.18838234169402832,-0.1944954128440367,-0.2678899082568807,0,-0.0521739130434782,0.2704347826086957
GENIUSUSDT,2026-05,0.038555824960103464,-0.005721609233712916,-0.29191039900237425,-0.2737162054071348,-0.341545352743561,0,0.443982443982444,0.6167706167706166
SPCXBUSDT,2026-06,-0.019205147961979956,0.12884614797509975,0.06699051894036896,0.0686782122240075,-0.1336070939713145,0,0.0501875,0.2096249999999999
MUBUSDT,2026-06,-0.00870527231999931,0.002915288734225238,0.15436768329057077,0.1546689099867804,-0.0211212594640067,0,0.1094666666666666,0.1111111111111111
TSLABUSDT,2026-06,0.016229034840311355,-0.004731727840498093,0.007494091222921781,-0.0030552703413389,0.0206606396033157,0,0.0508157894736842,0.0542105263157895
MSFTBUSDT,2026-06,-0.0044589205725001045,-0.030383801167544973,-0.04706907956640306,0.0311455404043083,0.1893404785907571,0,0.0227093903464741,0.0275117345416068
MSTRBUSDT,2026-06,-0.050700182450428594,-0.1938160031025301,-0.12361536806046827,-0.174174460774957,-0.1007825920977285,0,-0.0183623758665916,0.03991006183249
INTCBUSDT,2026-06,0.07300698706718795,0.005161524971373593,0.11831077354067951,0.0518540850165811,-0.2121646065722038,0,0.0214010777521169,0.0743648960739029
SNDKBUSDT,2026-06,0.0419733118501535,0.04050815355506659,0.15404475098033085,0.1542960902891192,0.0134932768417592,0,0.1273588235294118,0.1470588235294117
QQQBUSDT,2026-06,-0.037423091709682325,-0.08470895724045623,-0.11696994673617882,-0.0384709563324717,-0.0636784111005306,0,0.0152193127831179,0.0232156667771516
NVDABUSDT,2026-06,0.003006194291717258,-0.00241441526561173,0.03519801407205264,0.0249501483390885,0.0140557365886873,0,0.0280500000000001,0.0410499999999999
LITEBUSDT,2026-06,-0.09514599171764938,-0.19265551249926957,-0.2962274802550647,-0.1962669090146457,-0.1669404732776398,0,0.0080690627202255,0.0518910030537938
CRCLBUSDT,2026-06,-0.06322692873456663,-0.05523479676143887,-0.03711476854009313,-0.0465504893769396,-0.207209357841967,0,0.04725,0.0519999999999999
AMDBUSDT,2026-06,0.05515956043913789,0.03288844480323874,0.16889987428633071,0.1064354071555462,0.0472388302038164,0,0.0033732630570195,0.0400766650694777
EWYBUSDT,2026-06,0.10054597363123617,0.043811683402918356,0.08812674748809597,0.0205792682926828,-0.123170731707317,0,0.0032626427406199,0.0618372756933115
REUSDT,2026-06,0.7036461560971651,0.7310841332010848,0.3467867781680326,0.3434273916035788,-0.0917641660931407,0,7.718,11.762
METABUSDT,2026-06,0.05677282476614119,-0.022378159083243976,0.010182415219894408,0.0919027910431922,-0.0393717499734691,0,0.0049413437611089,0.0409704941343762
PLTRBUSDT,2026-06,0.0374053074395759,0.034366471659218176,0.04988370534502082,0.1361247669096457,0.0463637904729614,0,0.0197061365600692,0.0477095937770094
GRAMUSDT,2026-07,-0.002790755253909063,0.030476817122420875,-0.06713901839023072,-0.0395683453237408,-0.1654676258992805,0,0.0424999999999999,0.15125
DRAMBUSDT,2026-07,0.08183438738040559,0.05381430710966227,0.027400112769361846,0.0550287842871655,-0.1261429055198104,0,-0.0202388852023888,0.0497677504976775
TQQQBUSDT,2026-07,-0.021010537043317075,-0.04230981909368546,-0.13814170152111638,-0.1570875734556398,0.0212125555396303,0,-0.0224183830741209,0.0313857363037692
AAPLBUSDT,2026-07,-0.09840639101359458,-0.08450275416127057,-0.09746429009524901,-0.083211122191588,-0.0900451692379891,0,0.0025288167490002,0.0214361326746646
AAOIBUSDT,2026-07,-0.08598525122818865,-0.09103711016819063,0.026291165378880082,0.0481727574750829,0.3954411221853082,0,-0.1362295735352731,0.1589477879633319
TSMBUSDT,2026-07,-0.025043041131876557,-0.05870838983289388,-0.02293075488267041,-0.0021711426818332,0.0042242884787839,0,0.0079687908846548,0.0431504079545183
GLWBUSDT,2026-07,0.03659029421465635,0.02689161929370617,-0.0018839462667565414,0.0245812486404177,-0.124809658472917,0,-0.0560574948665298,0.0814168377823409
GOOGLBUSDT,2026-07,0.007911515302870237,-0.03589472835756703,-0.04506448917143192,-0.018719131170355,-0.0198379130624608,0,2.728810784269342e-05,0.0221852316760355
AEROUSDT,2026-07,-0.05312011266416468,-0.10306246966741102,-0.12739426501254886,-0.1167447805709415,-0.1350660417554323,0,-0.006350550381033,0.1079593564775613
SPYBUSDT,2026-07,0.013947530841675616,-0.0004955428331116368,-0.019159061108102247,0.0070334960219295,0.0294176639700474,0,-0.004565541475881,0.009809924395698
AVGOBUSDT,2026-07,-0.034094815594113134,-0.06839807766934479,-0.013241263989114065,0.0075443037974685,-0.0024556962025317,0,0.0151371077587314,0.034180565906813
AMZNBUSDT,2026-07,0.10101074100191879,0.1742716615868234,0.15990397374133578,0.1858860292522026,0.1259493945575278,0,-0.0019492333015681,0.033050333535476
PYPLBUSDT,2026-07,-0.027384686211414468,0.011080776064796264,0.005566467815028802,0.0162838532739115,0.0697634556050736,0,0.0003429355281208,0.0289780521262002
BEBUSDT,2026-07,0.2606031161095805,0.2292174188791134,0.3263492799550943,0.4006487265737628,0.201345506967804,0,-0.0751111111111111,0.1510555555555557
ORCLBUSDT,2026-07,-0.01213975924685559,-0.054634744683026704,-0.03193584376582459,-0.0626385809312638,0.1625752296484004,0,-0.0060606060606059,0.0349468713105077
NOKBUSDT,2026-07,-0.07690681145831749,-0.0974039145559827,-0.04600656434135407,-0.02493321460374,-0.0365093499554763,0,-0.04017094017094,0.1085470085470086
CBRSBUSDT,2026-07,0.05777839637866182,0.18016568934850832,0.11888988352964404,0.1561064155652618,0.2042656985648647,0,-0.0818707358991719,0.1496797041820739
QCOMBUSDT,2026-07,0.0444849470738417,0.016629228083050923,-0.04945945894388662,-0.0230223677032187,-0.1212220403709765,0,-0.0170527670527669,0.0391999141999142
COINBUSDT,2026-07,0.001109291871892678,-0.03536388134569663,-0.029541242518960162,-0.0033676218466812,-0.1026818515797206,0,-0.0328655178539706,0.0781074199088057
WDCBUSDT,2026-07,0.07287125378244855,0.09429722066922336,0.054412795165513575,0.0839163505347235,-0.128886516575481,0,-0.0321586715867158,0.1172509225092251
DELLBUSDT,2026-07,0.058214247231111516,0.1058769042756655,0.22291510755858251,0.2630145115175055,0.1881102659545772,0,-0.0544758990053557,0.0793675082887018
MRVLBUSDT,2026-07,-0.08375376586123164,-0.11037968370970051,0.02455794435853052,0.0463576158940397,0.0788371640046747,0,-0.0767847509440747,0.1036234490199604
NBISBUSDT,2026-07,0.1448401739671278,0.12482439092496361,0.013328786978342982,0.0402870913663033,0.0229463537300922,0,-0.1039339029199136,0.1039339029199136
MVLLBUSDT,2026-07,-0.03528564402983286,-0.17492516547155554,-0.5402252909330986,-0.4361549497847919,0.0946915351506456,0,0.1616666666666666,0.16875
MUUBUSDT,2026-07,0.024348446611093484,-0.09014654537275021,-0.5796689160917267,-0.4579621380846326,-0.1277839643652562,0,0.0884848484848486,0.0993939393939394
CRWVBUSDT,2026-07,-0.03327562023436318,-0.1262717245737092,-0.2801386399823361,-0.2686690223792697,0.0321554770318019,0,0.0668509675797939,0.1059311384770043
AMATBUSDT,2026-07,0.13428723913563484,0.14992448017189747,0.16493340802744957,0.1918653889012702,0.0895252952975262,0,-0.058263023128909,0.0822104688746168
QNTBUSDT,2026-07,0.05553462612037327,-0.0003361041470879185,-0.09825586087290897,-0.1227878124429849,0.0377668308702792,0,-0.0643564356435643,0.1123250256060088
BABABUSDT,2026-07,0.004225183412382337,-0.025117234883707193,-0.038209701804738025,-0.0173010380622836,0.0473457675753228,0,0.0549323361823361,0.0841346153846154
ARMBUSDT,2026-07,-0.044844755228251224,-0.029918645886042667,0.010136151660541562,0.0313755570165827,0.0197238658777121,0,-0.0262830316178825,0.1200697087171461
SOXSBUSDT,2026-07,-0.3917329208069828,-0.26228758168170896,-0.48553113541623605,-0.3780806829133966,-0.3513699573179126,0,0.1552409734372515,0.2500397645936057
SOXLBUSDT,2026-07,0.1297196380106773,0.18596121898966428,0.09904687496075769,0.1333918935876521,-0.1473836114945413,0,-0.0897772701313535,0.1395202741290691
GSBUSDT,2026-07,0.02857407696106503,0.051703604648763446,0.07307322153806872,0.0872585615915864,0.0567145051211896,0,-0.0485512996690343,0.0636963632492694
SNXXBUSDT,2026-07,0.007882861978378928,-0.2162700880250079,-0.9769602992018995,-0.6356756756756756,-0.194054054054054,0,0.0381593714927048,0.1632996632996633
SMHBUSDT,2026-07,0.07236387539830867,0.08915554920417246,0.11474565212542745,0.1335245820555941,0.1056682164407953,0,-0.0456004531722055,0.0623489425981872
RKLBBUSDT,2026-07,-0.11357964287021195,-0.09704298761899577,-0.10500304059573207,-0.0807947019867548,0.0637086092715231,0,-0.0419997462250983,0.0883136657784544
SKHYBUSDT,2026-07,0.15340541454317047,-0.022992371222955325,-0.04090513634940168,0.0049019607843137,0.0120261437908497,0,0.0,0.0823529411764705
IBMBUSDT,2026-07,0.0320476498671659,-0.009810154988148237,-0.05359416563269351,-0.0323036353362216,0.1059521567150123,0,-0.0216980697470861,0.0623301239231584
INTWBUSDT,2026-07,0.03510248005445328,-0.19229766323955194,-0.4732594937782164,-0.3971036585365853,-0.2881097560975609,0,0.0495999999999998,0.1204
FLNCBUSDT,2026-07,0.12653796828050035,0.16295089725446826,-0.11981735695844178,-0.1034768211920529,-0.0546357615894039,0,-0.0427892234548334,0.1077654516640253
KORUBUSDT,2026-07,0.020093891724986154,-0.11416376126777053,-0.5320823806749548,-0.4315448658649399,-0.057354301572618,0,0.1378947368421053,0.1673684210526315
AXTIBUSDT,2026-07,0.016980147238395766,-0.10585007592925855,-0.3069563950408011,-0.2880210289147578,0.3043559894855425,0,-0.057511944788533,0.1127234117855247
HOODBUSDT,2026-07,-0.082835353285474,-0.15155749270624555,-0.13248638731894055,-0.1057135448180482,-0.1735672919007692,0,0.0197443807844865,0.0547377699427061
