sample,symbol,day0_date,usd_turnover,spot_to_perp_lag_d,spot_fwd_7,sum_funding_w1,audit_pnl_spot,audit_pnl_spot_net,perp_close_day0,perp_close_day7,perp_ret_w1,funding_w1_used,short_pnl_net
frozen_day0_perp,TRUMPUSDT,2025-01-19,8849748911.88167,-0.3333333333333333,-0.4111827956989248,0.0091417299999999,0.4111827956989248,0.4095827956989248,46.618,27.397,-0.4123085503453602,0.0091417299999999,0.4198502803453601
frozen_day0_perp,XPLUSDT,2025-09-25,1620965061.83351,-33.49999998842593,-0.2693180928521099,0.00265893,0.2693180928521099,0.2677180928521099,1.2779,0.9339,-0.2691916425385399,0.00265893,0.2702505725385399
frozen_day0_perp,SAGAUSDT,2024-04-09,1105627020.47586,0.0,-0.3871449925261584,0.00471793,0.3871449925261584,0.3855449925261584,6.5606,4.017,-0.3877084413011005,0.00471793,0.3908263713011005
frozen_day0_perp,WLFIUSDT,2025-09-01,996450099.59235,-8.5,-0.09593147751606,-0.00340172,0.09593147751606,0.09433147751606,0.2333,0.211,-0.09558508358336915,-0.00340172,0.09058336358336914
frozen_day0_perp,BOMEUSDT,2024-03-16,989628184.158339,0.0,-0.3312650312650312,0.0123588,0.3312650312650312,0.3296650312650312,0.020814,0.013917,-0.3313635053329489,0.0123588,0.3421223053329489
frozen_day0_perp,APTUSDT,2022-10-19,560881616.024708,-0.3333333333333333,0.256041088966902,-0.02999018,-0.256041088966902,-0.25764108896690197,7.3,9.191,0.259041095890411,-0.02999018,-0.290631275890411
frozen_day0_perp,CATIUSDT,2024-09-20,461757187.31368,-1.3333332870370371,-0.2208077260755049,0.00254976,0.2208077260755049,0.2192077260755049,0.911,0.7104,-0.22019758507135012,0.00254976,0.22114734507135014
frozen_day0_perp,OPENUSDT,2025-09-08,344821359.79366,-3.3333333333333335,-0.398410817592528,-0.0349125999999999,0.398410817592528,0.396810817592528,1.429,0.8623,-0.3965710286913926,-0.0349125999999999,0.3600584286913927
frozen_day0_perp,0GUSDT,2025-09-22,343688450.6841,-4.3333332986111115,-0.4038024385203556,-0.15315593,0.4038024385203556,0.4022024385203556,4.7443,2.8608,-0.39700271905233653,-0.15315593,0.24224678905233654
frozen_day0_perp,SAPIENUSDT,2025-11-06,308234438.90697,-77.1666666550926,-0.4856977752094771,-0.03709113,0.4856977752094771,0.4840977752094771,0.34609,0.17785,-0.48611632812274264,-0.03709113,0.4474251981227427
frozen_day0_perp,AVNTUSDT,2025-09-15,263115869.31061,-5.333333333333333,0.6569730077120826,-0.0111328,-0.6569730077120826,-0.6585730077120826,1.24249,2.0611,0.6588463488639749,-0.0111328,-0.671579148863975
frozen_day0_perp,INITUSDT,2025-04-24,250152111.38075,-7.666666666666667,-0.0944621091679915,-0.00200591,0.0944621091679915,0.0928621091679915,0.755,0.6832,-0.09509933774834434,-0.00200591,0.09149342774834433
audit_top12_no_filter,TRUMPUSDT,2025-01-19,8849748911.88167,-0.3333333333333333,-0.4111827956989248,0.0091417299999999,0.4111827956989248,0.4095827956989248,46.618,27.397,-0.4123085503453602,0.0091417299999999,0.4198502803453601
audit_top12_no_filter,SHIBUSDT,2021-05-10,3030141753.8025646,,-0.5236583958453549,,0.5236583958453549,0.5220583958453549,,,,,
audit_top12_no_filter,ALICEUSDT,2021-03-15,1835349273.154366,0.6666670138888889,-0.4190055110099661,0.01933796,0.4190055110099661,0.4174055110099661,,,,,
audit_top12_no_filter,XPLUSDT,2025-09-25,1620965061.83351,-33.49999998842593,-0.2693180928521099,0.00265893,0.2693180928521099,0.2677180928521099,1.2779,0.9339,-0.2691916425385399,0.00265893,0.2702505725385399
audit_top12_no_filter,THEUSDT,2024-11-27,1329253175.16725,0.6666666782407408,-0.219001241911236,0.00563042,0.219001241911236,0.217401241911236,,,,,
audit_top12_no_filter,BETAUSDT,2021-10-08,1180746732.4733,,-0.319625386996904,,0.319625386996904,0.318025386996904,,,,,
audit_top12_no_filter,SAGAUSDT,2024-04-09,1105627020.47586,0.0,-0.3871449925261584,0.00471793,0.3871449925261584,0.3855449925261584,6.5606,4.017,-0.3877084413011005,0.00471793,0.3908263713011005
audit_top12_no_filter,ENAUSDT,2024-04-02,1071118927.27685,0.6666666666666666,0.6012903225806452,-0.0080567,-0.6012903225806452,-0.6028903225806452,,,,,
audit_top12_no_filter,TKOUSDT,2021-04-07,1035884465.483116,,-0.3130924071407041,,0.3130924071407041,0.3114924071407041,,,,,
audit_top12_no_filter,WLFIUSDT,2025-09-01,996450099.59235,-8.5,-0.09593147751606,-0.00340172,0.09593147751606,0.09433147751606,0.2333,0.211,-0.09558508358336915,-0.00340172,0.09058336358336914
audit_top12_no_filter,BOMEUSDT,2024-03-16,989628184.158339,0.0,-0.3312650312650312,0.0123588,0.3312650312650312,0.3296650312650312,0.020814,0.013917,-0.3313635053329489,0.0123588,0.3421223053329489
audit_top12_no_filter,MMTUSDT,2025-11-04,931122562.16021,0.5,-0.8236742424242425,-0.0453308299999999,0.8236742424242425,0.8220742424242424,,,,,
