T,n_full,n_live,med_f7_full,med_f7_live,bias_pp,med_f30_full,med_f30_live,bias30_pp,vw_f7_full,vw_f7_live,vw_bias_pp,pct_pos7_full,pct_pos7_live,share_dropped
2022-01-01,125,125,-11.3851,-11.3851,0.0000,-28.2303,-28.2303,0.0000,-33.1543,-33.1543,0.0000,28.0000,28.0000,0.0000
2022-02-01,135,135,-11.3851,-11.3851,0.0000,-26.6543,-26.6543,0.0000,-31.9625,-31.9625,0.0000,26.6667,26.6667,0.0000
2022-03-01,139,137,-12.4863,-11.3851,1.1012,-26.5394,-25.7280,0.8115,-33.1543,-31.9625,1.1917,26.6187,27.0073,0.0144
2022-04-01,144,140,-11.9357,-11.3493,0.5863,-25.7038,-25.6173,0.0865,-31.9625,-31.9625,0.0000,27.0833,27.1429,0.0278
2022-05-01,149,145,-13.1527,-12.4863,0.6664,-26.5394,-25.7280,0.8115,-31.9625,-31.9625,0.0000,26.1745,26.2069,0.0268
2022-06-01,153,147,-13.3543,-13.3543,0.0000,-27.0223,-26.6543,0.3680,-32.9142,-31.9625,0.9516,25.4902,25.8503,0.0392
2022-07-01,154,148,-13.3801,-13.3801,0.0000,-27.6263,-26.8383,0.7880,-32.9142,-32.9142,0.0000,25.3247,25.6757,0.0390
2022-08-01,155,148,-13.3543,-13.3801,-0.0259,-27.0223,-26.8383,0.1840,-32.9142,-32.9142,0.0000,25.8065,25.6757,0.0452
2022-09-01,156,149,-13.3161,-13.3543,-0.0381,-27.6263,-27.0223,0.6040,-32.9142,-31.9625,0.9516,26.2821,26.1745,0.0449
2022-10-01,157,150,-13.3543,-13.3801,-0.0259,-28.2303,-27.6263,0.6040,-32.9142,-31.9625,0.9516,26.1146,26.0000,0.0446
2022-11-01,162,153,-13.3801,-13.4060,-0.0259,-28.5502,-28.5573,-0.0071,-31.9625,-31.9625,0.0000,25.9259,26.1438,0.0556
2022-12-01,164,153,-13.3801,-13.4356,-0.0554,-28.5502,-28.7523,-0.2021,-31.9625,-31.9625,0.0000,26.2195,26.1438,0.0671
2023-01-01,166,152,-13.3801,-13.6410,-0.2608,-28.5502,-28.6548,-0.1046,-31.9625,-31.9625,0.0000,25.9036,25.6579,0.0843
2023-02-01,169,155,-13.2780,-13.4060,-0.1280,-28.2303,-28.5431,-0.3128,-31.9625,-31.9625,0.0000,26.0355,25.8065,0.0828
2023-03-01,175,161,-13.2780,-13.4060,-0.1280,-27.0223,-27.0223,0.0000,-31.9625,-31.9625,0.0000,26.2857,26.0870,0.0800
2023-04-01,188,174,-12.0053,-12.8195,-0.8142,-25.6173,-25.6173,0.0000,-31.9625,-31.9625,0.0000,26.0638,25.8621,0.0745
2023-05-01,190,174,-12.0053,-12.0053,0.0000,-25.0500,-25.0500,0.0000,-31.3092,-31.9625,-0.6533,26.3158,26.4368,0.0842
2023-06-01,196,180,-13.2153,-13.2535,-0.0381,-25.6173,-25.6173,0.0000,-31.3092,-31.3092,0.0000,25.5102,25.5556,0.0816
2023-07-01,198,182,-13.3161,-13.3801,-0.0640,-25.7038,-25.7038,0.0000,-31.3092,-31.3092,0.0000,25.2525,25.2747,0.0808
2023-08-01,203,187,-13.1527,-13.1527,0.0000,-25.6796,-25.6796,0.0000,-31.3092,-31.3092,0.0000,25.1232,25.1337,0.0788
2023-09-01,205,189,-13.1527,-13.1527,0.0000,-25.6796,-25.6796,0.0000,-31.3092,-31.3092,0.0000,24.8780,24.8677,0.0780
2023-10-01,209,192,-12.4863,-12.0053,0.4810,-25.5550,-25.0500,0.5050,-31.3092,-31.3092,0.0000,25.3589,25.5208,0.0813
2023-11-01,211,186,-12.4863,-12.8195,-0.3332,-24.5451,-25.8989,-1.3539,-31.3092,-31.3092,0.0000,25.5924,24.7312,0.1185
2023-12-01,217,184,-12.7898,-12.9712,-0.1815,-24.2204,-25.7038,-1.4833,-30.8888,-31.3092,-0.4205,25.8065,25.5435,0.1521
2024-01-01,224,183,-12.0053,-12.7898,-0.7845,-24.3828,-25.7280,-1.3452,-29.0363,-24.3536,4.6827,26.3393,25.1366,0.1830
2024-02-01,229,180,-11.3851,-12.6380,-1.2530,-23.5989,-23.7574,-0.1585,-25.0065,-21.8828,3.1237,27.0742,25.5556,0.2140
2024-03-01,235,177,-10.7951,-10.5263,0.2688,-22.1031,-20.0314,2.0717,-22.7283,-14.4197,8.3086,28.0851,27.1186,0.2468
2024-04-01,242,176,-10.9504,-10.8160,0.1344,-22.4550,-20.8269,1.6281,-22.7283,-14.4197,8.3086,28.5124,28.4091,0.2727
2024-05-01,249,177,-11.3136,-11.5243,-0.2107,-23.2536,-22.8070,0.4466,-23.0751,-15.9033,7.1718,28.1124,27.1186,0.2892
2024-06-01,251,167,-11.3851,-12.7898,-1.4047,-22.8070,-21.6224,1.1846,-23.5195,-18.4998,5.0197,27.8884,26.3473,0.3347
2024-07-01,255,158,-11.3851,-13.5110,-2.1259,-22.1031,-22.4550,-0.3520,-22.7283,-19.7917,2.9366,27.8431,25.9494,0.3804
2024-08-01,258,150,-11.4547,-12.7718,-1.3171,-22.0980,-20.2587,1.8393,-22.3442,-13.7507,8.5935,27.5194,26.6667,0.4186
2024-09-01,262,138,-11.3493,-11.3150,0.0343,-22.4550,-17.3311,5.1239,-21.8852,-11.1058,10.7794,27.4809,27.5362,0.4733
2024-10-01,268,134,-11.2097,-10.1242,1.0855,-22.0980,-14.3710,7.7271,-22.0808,-12.7538,9.3270,27.9851,29.1045,0.5000
2024-11-01,273,130,-11.1058,-9.7480,1.3578,-22.1031,-13.8629,8.2402,-21.8852,-10.3215,11.5637,28.2051,30.7692,0.5238
2024-12-01,279,131,-11.1058,-9.5923,1.5135,-21.7833,-13.4838,8.2995,-21.9001,-10.5263,11.3738,28.6738,32.0611,0.5305
2025-01-01,287,132,-11.3851,-10.1242,1.2609,-22.1031,-15.9321,6.1709,-21.9001,-15.4464,6.4537,28.2230,30.3030,0.5401
2025-02-01,296,138,-12.6201,-10.4239,2.1962,-24.0682,-19.4851,4.5830,-28.8889,-21.9001,6.9888,27.7027,29.7101,0.5338
2025-03-01,304,143,-12.7718,-10.3215,2.4503,-23.7574,-19.2757,4.4817,-29.3182,-22.0808,7.2374,27.9605,30.7692,0.5296
2025-04-01,316,152,-13.3801,-12.7718,0.6083,-24.3828,-19.4971,4.8857,-30.8888,-22.0808,8.8080,27.5316,30.2632,0.5190
2025-05-01,325,156,-13.1527,-12.7718,0.3809,-23.5989,-19.4971,4.1019,-30.6385,-22.0808,8.5577,27.3846,29.4872,0.5200
2025-06-01,336,164,-13.2153,-13.1002,0.1151,-24.3828,-20.9762,3.4066,-29.0363,-22.0808,6.9556,26.7857,28.0488,0.5119
2025-07-01,341,167,-13.4060,-13.4407,-0.0347,-24.2204,-20.5080,3.7124,-29.0363,-22.0808,6.9556,26.3930,27.5449,0.5103
2025-08-01,346,169,-13.4083,-13.6113,-0.2030,-24.7203,-20.5080,4.2122,-29.0363,-22.0851,6.9512,26.5896,27.8107,0.5116
2025-09-01,352,172,-13.3801,-13.5260,-0.1459,-24.7203,-20.4832,4.2370,-28.8889,-22.0808,6.8081,26.4205,27.3256,0.5114
2025-10-01,369,185,-13.4060,-13.4407,-0.0347,-25.7280,-22.1031,3.6249,-27.5352,-25.3921,2.1431,26.5583,28.1081,0.4986
2025-11-01,381,196,-13.6396,-13.9730,-0.3334,-27.0223,-25.4827,1.5396,-28.4000,-26.8335,1.5665,25.7218,26.0204,0.4856
2025-12-01,388,199,-13.7307,-14.3444,-0.6138,-27.3547,-27.3783,-0.0235,-28.8889,-26.9318,1.9571,25.5155,25.6281,0.4871
2026-01-01,389,192,-13.7107,-14.6509,-0.9402,-27.3312,-29.2851,-1.9539,-28.8889,-26.9318,1.9571,25.4499,25.0000,0.5064
2026-02-01,397,195,-13.6396,-14.2938,-0.6542,-27.3312,-28.4071,-1.0759,-28.7211,-26.9318,1.7893,25.9446,26.1538,0.5088
2026-03-01,399,197,-13.6396,-14.2938,-0.6542,-27.3312,-28.4071,-1.0759,-28.7211,-26.9318,1.7893,26.0652,26.3959,0.5063
2026-04-01,406,202,-13.6220,-13.9730,-0.3510,-27.1768,-28.2944,-1.1177,-28.7211,-26.9318,1.7893,25.8621,26.2376,0.5025
2026-05-01,408,198,-13.6220,-14.2445,-0.6226,-27.1768,-29.2851,-2.1084,-28.7211,-26.9318,1.7893,25.9804,26.2626,0.5147
2026-06-01,411,199,-13.6396,-14.3594,-0.7199,-27.3312,-30.1632,-2.8320,-28.7211,-26.9318,1.7893,25.7908,26.1307,0.5158
2026-07-01,427,211,-13.4060,-13.6746,-0.2686,-25.7280,-26.8191,-1.0912,-28.7211,-26.9318,1.7893,27.4005,29.3839,0.5059
2026-08-01,470,249,-11.4547,-10.3477,1.1070,-21.5334,-17.3567,4.1767,-28.7211,-27.0408,1.6803,28.9362,31.3253,0.4702
